image_id,paser_score,Alligator crack_count,Alligator crack_total_area,Longitudinal crack_count,Longitudinal crack_total_area,Longitudinal patch_count,Longitudinal patch_total_area,Pothole_count,Pothole_total_area,Transverse crack_count,Transverse crack_total_area,Transverse patch_count,Transverse patch_total_area,Manhole cover_count,Manhole cover_total_area
01002200001307161251551665D_1297862600_483677300_jpg.rf.7a18a6303810305b117b7d06cdd98d7d.jpg,2,0,0.0,1,0.06392564338814737,0,0.0,0,0.0,1,0.013240878393098683,0,0.0,0,0.0
01002200001307161252448195D_1297865000_483636900_jpg.rf.4d4b6ec3b130194f616d4acd501b32cf.jpg,3,0,0.0,0,0.0,0,0.0,0,0.0,1,0.02427436727315348,0,0.0,0,0.0
01002200001307161252567115D_1297865600_483627000_jpg.rf.706363f85bb9f24a501c8a44d5d4e255.jpg,5,0,0.0,0,0.0,0,0.0,0,0.0,1,0.011497898674388125,0,0.0,0,0.0
01002200001307161651039275D_1298374800_483276900_jpg.rf.5ad49d3fd54bf0367ea443e2bc82cd33.jpg,1,0,0.0,1,0.050031463369527934,0,0.0,0,0.0,0,0.0,0,0.0,0,0.0
01002200001307170856371255F_1292701800_484591800_jpg.rf.f33cafa2300a4cda298e72e100be5791.jpg,5,0,0.0,0,0.0,0,0.0,0,0.0,1,0.011442736436074484,0,0.0,0,0.0
01002200001307170919585025F_1292919500_484832300_jpg.rf.7d324a0417716c120479a2079adc6336.jpg,6,0,0.0,0,0.0,0,0.0,0,0.0,0,0.0,1,0.014763189220670941,0,0.0
01002200001307170922018595F_1292826800_484714600_jpg.rf.79011c8950a27242376976d541ede4e0.jpg,6,0,0.0,0,0.0,0,0.0,0,0.0,0,0.0,1,0.008038748898543417,0,0.0
01002200001307170922034405F_1292825700_484713400_jpg.rf.8297fecc35462e03c04203c9c293b9cc.jpg,5,0,0.0,0,0.0,0,0.0,0,0.0,0,0.0,1,0.016226188429599234,0,0.0
01002200001307170922220425F_1292812300_484699500_jpg.rf.6192d939006abda9967c5fd9dd684922.jpg,4,0,0.0,0,0.0,0,0.0,0,0.0,0,0.0,1,0.029453561805707972,0,0.0
01002200001307170923211515F_1292768000_484657300_jpg.rf.9251c84c9fb30809b67779387650e867.jpg,7,0,0.0,0,0.0,0,0.0,0,0.0,0,0.0,1,0.006770650330972778,0,0.0
01002200001307170925188415F_1292671200_484544000_jpg.rf.383c5b215d01742ab90ab04f873dcae6.jpg,6,0,0.0,1,0.005032729035383449,0,0.0,0,0.0,0,0.0,0,0.0,0,0.0
01002200001307170954073055P_1293715400_482746000_jpg.rf.369951af2490a0ca29820ef8979740cf.jpg,9,0,0.0,0,0.0,0,0.0,0,0.0,0,0.0,0,0.0,3,0.0029363010474548886
01002200001307201421130095F_1294394600_482815900_jpg.rf.4577aa8851ff2440a381db6b3f5ce1ef.jpg,3,0,0.0,0,0.0,2,0.016967866380687154,0,0.0,0,0.0,1,0.1130114105943313,0,0.0
01002200001307201723425265D_1297080100_483324400_jpg.rf.24d906fca71eea9584160fd5365850b7.jpg,4,1,0.05057073080052987,1,0.00612412844659046,0,0.0,3,0.008764195089645453,1,0.026593711001723933,0,0.0,1,0.0029213495680346572
01002200001307201723508925D_1297082000_483319500_jpg.rf.35c1d95931cde117fa8131ab4e562297.jpg,5,0,0.0,1,0.0142946615652113,0,0.0,0,0.0,1,0.009600937310051452,0,0.0,0,0.0
01002200001307201724077825D_1297087000_483306300_jpg.rf.ae57e480efe93e38e00501ecb2a3e01e.jpg,7,0,0.0,0,0.0,0,0.0,0,0.0,2,0.014911115627844532,0,0.0,1,0.0043189860836491695
01002200001307220938070805B_1293818900_484573900_jpg.rf.f5ee08df674d01530053af3b12875e24.jpg,4,0,0.0,0,0.0,0,0.0,0,0.0,1,0.0187187657681352,0,0.0,0,0.0
0100220000130722103728572J2_1297751400_483372400_jpg.rf.220b7d83f120b1cba6343d7724c0eeef.jpg,7,0,0.0,0,0.0,0,0.0,1,0.0010179549545856759,2,0.01208885214021393,0,0.0,0,0.0
0100220000130722112816490J2_1297714000_483398900_jpg.rf.c2929c3ae47ba1ba88c353ba708f2732.jpg,5,0,0.0,0,0.0,0,0.0,0,0.0,2,0.024663294104584517,0,0.0,0,0.0
0100220000130722113707160J2_1297933800_483399600_jpg.rf.63f00ed7290adb0892844c7b160fa779.jpg,1,1,0.03601137510087938,0,0.0,0,0.0,0,0.0,0,0.0,0,0.0,0,0.0
0100220000130722113711577J2_1297936300_483400000_jpg.rf.69dfe08dee069843eddd737ae5862bd9.jpg,2,0,0.0,1,0.041610808704804186,0,0.0,0,0.0,0,0.0,0,0.0,0,0.0
0100220000130722113803377J2_1297969400_483409400_jpg.rf.a08633350897ea05dc9947ee36eaed6d.jpg,1,1,0.08954112483789231,0,0.0,0,0.0,0,0.0,0,0.0,0,0.0,0,0.0
0100220000130722113844425J2_1297990400_483424500_jpg.rf.fb5efdf7ff8c42a6eeef897a0df35b41.jpg,1,2,0.16033286245949285,0,0.0,0,0.0,0,0.0,0,0.0,0,0.0,0,0.0
0100220000130722113845749J2_1297991100_483425000_jpg.rf.1347f77e4a22295614d9884e9678fbb8.jpg,1,1,0.08596876627746043,0,0.0,0,0.0,0,0.0,0,0.0,0,0.0,0,0.0
0100220000130722114318447J2_1298151900_483502200_jpg.rf.c0d5ddd2d1740420d712db3002852904.jpg,7,0,0.0,1,0.004292588388489093,0,0.0,0,0.0,0,0.0,0,0.0,0,0.0
0100220000130722121713905J2_1298316000_483364900_jpg.rf.79e22d02b099dffe40f614a48ed8c1a9.jpg,7,0,0.0,1,0.004083038914359358,0,0.0,0,0.0,0,0.0,0,0.0,0,0.0
0100220000130722121824786J2_1298267800_483412500_jpg.rf.62011f8eb96ba740578ba9cb693c6af0.jpg,3,0,0.0,0,0.0,0,0.0,0,0.0,2,0.056528795617394934,0,0.0,0,0.0
0100220000130722122124615J2_1298162800_483511000_jpg.rf.4b89d616900683f796ce6e3852220898.jpg,1,2,0.07033964215448578,0,0.0,0,0.0,0,0.0,0,0.0,0,0.0,0,0.0
0100220000130722122157876J2_1298138900_483511100_jpg.rf.0d391e317fefd2fa673ce774b83711e7.jpg,1,1,0.0758658609070153,0,0.0,0,0.0,0,0.0,0,0.0,0,0.0,0,0.0
0100220000130722122206317J2_1298132700_483510300_jpg.rf.5deebca1f5b7978df2575df94a8bd02c.jpg,1,1,0.10171889003993438,0,0.0,0,0.0,0,0.0,0,0.0,0,0.0,0,0.0
0100220000130722122447133J2_1298035000_483474000_jpg.rf.4a0cdefb11e5df83d6e76e7aec5b9e9a.jpg,1,1,0.05379879448139036,0,0.0,0,0.0,0,0.0,0,0.0,0,0.0,0,0.0
0100220000130722122456251J2_1298029700_483469400_jpg.rf.a4339ec35a9485dac84102d7b13648e3.jpg,1,2,0.0782100604733057,0,0.0,0,0.0,0,0.0,0,0.0,0,0.0,0,0.0
0100220000130722122557572J2_1297989400_483434900_jpg.rf.eb4ebe6c71d4991344e8d0b6ea32fbca.jpg,1,1,0.03746293125837155,0,0.0,0,0.0,0,0.0,0,0.0,0,0.0,0,0.0
01002200001307231137078205B_1294371500_484339300_jpg.rf.3a4dc987eb1a48baab61b0a6e9811357.jpg,6,0,0.0,0,0.0,0,0.0,0,0.0,1,0.011222509997992347,0,0.0,1,0.0004602808722120244
0100220000130723120157118J3_1293832600_482811800_jpg.rf.ab0c9d459ea4860dc2051750de3104f7.jpg,6,0,0.0,0,0.0,2,0.025040281010544736,1,9.95603103183379e-05,0,0.0,0,0.0,0,0.0
0100220000130723120203805J3_1293836900_482811800_jpg.rf.a78493ba8104a1c1a92209f063eba78e.jpg,3,0,0.0,0,0.0,1,0.07303345206418728,0,0.0,1,0.0019190244288256508,0,0.0,0,0.0
0100220000130723123444588J1_1297227300_482861500_jpg.rf.5b44c2eadb273d212db6d0d8c3e60e94.jpg,1,0,0.0,0,0.0,0,0.0,0,0.0,1,0.09520158326347883,0,0.0,0,0.0
0100220000130724084347226J2_1298231600_483051000_jpg.rf.198851610c1c64b77cad4be840c4f956.jpg,1,1,0.22933277544336536,0,0.0,0,0.0,0,0.0,0,0.0,0,0.0,0,0.0
0100220000130724084354322J2_1298229400_483055000_jpg.rf.b4fbc3cc4cd733ba609fb233bc7c9d0a.jpg,1,1,0.19003298678597738,0,0.0,0,0.0,0,0.0,0,0.0,0,0.0,0,0.0
01002200001307240855200025B_1294523100_484292100_jpg.rf.7e65352b35c944851e7decb359556a8f.jpg,8,0,0.0,0,0.0,0,0.0,0,0.0,1,0.002248652003963799,0,0.0,0,0.0
01002200001307240856183025B_1294542000_484265000_jpg.rf.486a446f139fcd3585c737a17098e807.jpg,5,0,0.0,0,0.0,0,0.0,0,0.0,2,0.031451769986006184,0,0.0,0,0.0
0100220000130724115217624J2_1295573100_484464800_jpg.rf.759060dac3b4f1e8b3fd4a44e6a519fe.jpg,3,0,0.0,1,0.002134900037463009,0,0.0,0,0.0,1,0.03264670252659926,1,0.0666959571532334,0,0.0
01002200001307241220194125B_1294663900_484646900_jpg.rf.882699bdfd89c23513dd1f4311cbf8e0.jpg,5,0,0.0,0,0.0,0,0.0,0,0.0,1,0.015241733855721171,0,0.0,0,0.0
01002200001307241259282145B_1294579900_484832800_jpg.rf.b63520e173304379bc1690fd4c293da8.jpg,2,0,0.0,0,0.0,0,0.0,0,0.0,1,0.04839175974397676,0,0.0,0,0.0
01002200001307241417516735B_1294006500_484931400_jpg.rf.fb456e34d364ef005ebec3e738e86846.jpg,6,0,0.0,0,0.0,1,0.014554408890530795,0,0.0,0,0.0,0,0.0,0,0.0
01002200001307241420550905B_1293806700_484891400_jpg.rf.bdbd8704bfe5aeae10e8f171d87a7d89.jpg,6,0,0.0,0,0.0,1,0.013536514696802442,0,0.0,0,0.0,0,0.0,0,0.0
01002200001307241423489775B_1293651600_484896700_jpg.rf.0745965ddcaf9301609d272d300bf2e5.jpg,6,0,0.0,1,0.0042568688144911,1,0.017984626832185303,0,0.0,1,0.0058206538718422966,0,0.0,0,0.0
01002200001307241433364995B_1292983100_484903400_jpg.rf.ebe9e88fd0b151648168eabc4314edde.jpg,2,0,0.0,0,0.0,2,0.13025959460392073,0,0.0,0,0.0,0,0.0,0,0.0
01002200001307241434580105B_1292937100_484897500_jpg.rf.e6fbb530d0bdb7f13441f14b15eeb7d7.jpg,8,0,0.0,0,0.0,1,0.005397888765560319,0,0.0,0,0.0,0,0.0,1,0.0004262047869087837
01002200001307241435065855B_1292944900_484898100_jpg.rf.d81d8de307879a507c887328230c6c19.jpg,3,0,0.0,0,0.0,3,0.09457986490467536,0,0.0,0,0.0,1,0.06351008716326306,0,0.0
01002200001307241435093395B_1292947500_484898300_jpg.rf.72c3764c13134557338e65aacce5bf7c.jpg,6,0,0.0,0,0.0,1,0.012203962157441309,0,0.0,0,0.0,1,0.016258545527671232,0,0.0
01002200001307241435121715B_1292950200_484898700_jpg.rf.b89fc0a113bb6b60254bc301a57e10a9.jpg,6,0,0.0,0,0.0,0,0.0,0,0.0,0,0.0,1,0.012195804646580655,0,0.0
01002200001307241435149665B_1292952800_484899100_jpg.rf.3e1496255d730ea326113ca91187cbde.jpg,7,0,0.0,0,0.0,1,0.01456889082087855,0,0.0,0,0.0,0,0.0,1,0.0009819546743528868
01002200001307241435164205B_1292954200_484899200_jpg.rf.d1dd4c490c1c24fb53c1d0089dea335b.jpg,6,0,0.0,0,0.0,2,0.01604654332820246,0,0.0,0,0.0,1,0.019453818458421212,0,0.0
01002200001307241435272995B_1292965700_484899900_jpg.rf.fb7fd23cb8c92c8a4763f3a104c7066f.jpg,5,0,0.0,0,0.0,4,0.039863323052711654,0,0.0,0,0.0,2,0.09695658919530617,0,0.0
01002200001307241436070035B_1293011500_484900600_jpg.rf.acd0ddf098a1e05842e6b6f837d8dee0.jpg,5,0,0.0,0,0.0,5,0.11335690340092244,0,0.0,0,0.0,2,0.022793683637157752,0,0.0
01002200001307241436085015B_1293013200_484900600_jpg.rf.ee87189e7f4ed2ebd640027c695bb0f3.jpg,7,0,0.0,0,0.0,4,0.027858848476159916,0,0.0,0,0.0,1,0.006460276750561889,0,0.0
01002200001307241436181055B_1293024500_484900800_jpg.rf.1577d7cff7f03981ef7156e7350281c5.jpg,3,0,0.0,0,0.0,2,0.08439701116318474,0,0.0,0,0.0,0,0.0,0,0.0
01002200001307241436209555B_1293027900_484900800_jpg.rf.475f4c09562009381f23b5ab06316e65.jpg,6,0,0.0,0,0.0,1,0.01338372346639517,0,0.0,0,0.0,1,0.015999986102956425,0,0.0
01002200001307241436223365B_1293029600_484900900_jpg.rf.cdb505209ede8365bcfb9c56d252d53f.jpg,3,0,0.0,0,0.0,1,0.05137411915190114,0,0.0,0,0.0,1,0.024498606166688437,0,0.0
01002200001307241436283885B_1293037000_484901000_jpg.rf.238828035cf0dccda851e34d829e9938.jpg,5,0,0.0,0,0.0,2,0.05115235394255478,0,0.0,0,0.0,1,0.009488264190191558,0,0.0
01002200001307241436480455B_1293058800_484901300_jpg.rf.edb2289808bd8b570cb6615d9c18a584.jpg,6,0,0.0,0,0.0,2,0.04571105032660171,0,0.0,0,0.0,4,0.04148101746283602,0,0.0
01002200001307241438147635B_1293162700_484902100_jpg.rf.77c97e9a627fdc361391c775d677e823.jpg,5,0,0.0,0,0.0,2,0.02065800564661345,0,0.0,0,0.0,1,0.04466478166115848,0,0.0
01002200001307241438190045B_1293167600_484902000_jpg.rf.f718b5c83b23bc71c8b36eb8b63f0e5a.jpg,5,0,0.0,0,0.0,1,0.02114581501726777,0,0.0,0,0.0,0,0.0,0,0.0
01002200001307241439399605B_1293197600_484901800_jpg.rf.5a19f09d61d7185692e1ad9573d24338.jpg,6,0,0.0,0,0.0,3,0.029830781664653333,0,0.0,0,0.0,2,0.024455056640485934,0,0.0
01002200001307241440011065B_1293217900_484901800_jpg.rf.fa28fae772f99267a40121230d726aa8.jpg,6,0,0.0,0,0.0,0,0.0,0,0.0,1,0.006349989285653237,0,0.0,0,0.0
01002200001307241440025865B_1293219400_484901800_jpg.rf.5a3766e351a8635a9ad7c9b393411815.jpg,6,0,0.0,0,0.0,0,0.0,0,0.0,1,0.006312197039336525,0,0.0,0,0.0
01002200001307241440039435B_1293220800_484901900_jpg.rf.ebc0c717438a01750b69d2aed7244c59.jpg,5,0,0.0,0,0.0,2,0.08017165913102361,0,0.0,0,0.0,1,0.014847896881955158,1,0.0008050486774391174
01002200001307241440097315B_1293226000_484902000_jpg.rf.00f8f89259f6dcdb13ef829e4c40437f.jpg,9,0,0.0,0,0.0,0,0.0,0,0.0,1,0.0019001113784725013,0,0.0,1,0.000575926434903522
01002200001307241440110975B_1293227200_484902100_jpg.rf.cbc031163e214b4dcc377af4f66dd262.jpg,6,0,0.0,0,0.0,2,0.015254069906536655,0,0.0,1,0.004416263720377174,1,0.0176251055442458,0,0.0
01002200001307241440124355B_1293228500_484902100_jpg.rf.2052c84436d87381e09e160561ff4f13.jpg,5,0,0.0,0,0.0,2,0.034163359834873286,0,0.0,0,0.0,1,0.022693590453691286,0,0.0
01002200001307241440308495B_1293247100_484901600_jpg.rf.638534d3185a2b9d2b8a8f6ea8aeaa1f.jpg,7,0,0.0,0,0.0,2,0.0019211510156810618,0,0.0,0,0.0,1,0.013323276684241136,1,0.0009239875950697767
01002200001307241441100785B_1293290700_484901100_jpg.rf.81cf9cc4a71900d50401d7864f1b8699.jpg,5,0,0.0,0,0.0,1,0.008134140549020685,0,0.0,0,0.0,1,0.023464038390502536,0,0.0
01002200001307241442212925B_1293348400_484900300_jpg.rf.dd7fb7fabdbbb6d3aa292d7cd72145a8.jpg,6,0,0.0,0,0.0,2,0.035969426745414236,0,0.0,0,0.0,2,0.022204643741806678,0,0.0
01002200001307241442227155B_1293349200_484900300_jpg.rf.a1de6802fdaf092f2236a386caf86e4f.jpg,5,0,0.0,1,0.01995717316416632,6,0.04365372344670561,0,0.0,0,0.0,1,0.10913775604067277,0,0.0
01002200001307241442258375B_1293351200_484900200_jpg.rf.95818b2ebb1968bd92e10987a253a053.jpg,4,0,0.0,0,0.0,4,0.13573462540573472,0,0.0,0,0.0,2,0.057331294438299665,0,0.0
01002200001307241446057775B_1293491300_484897000_jpg.rf.79642a32950dae0d32a57eef42c35bdb.jpg,4,0,0.0,0,0.0,4,0.12898410625716003,0,0.0,0,0.0,1,0.0028034081633268215,0,0.0
01002200001307241447259835B_1293589500_484894700_jpg.rf.f41c2cc8ca5a273686dbf8c8e249d4e7.jpg,7,0,0.0,0,0.0,5,0.019566837792672223,0,0.0,0,0.0,2,0.014012023795228559,2,0.005088264768323825
01002200001307241447391215B_1293605200_484894300_jpg.rf.bd6fcc632e948ccd0b2712d0f1608e72.jpg,4,0,0.0,1,0.01679437072514247,0,0.0,0,0.0,0,0.0,0,0.0,0,0.0
01002200001307241447463025B_1293613600_484894100_jpg.rf.b8db7aaf9b8001595cb294f1c00f8536.jpg,2,0,0.0,0,0.0,0,0.0,0,0.0,1,0.039211365980881964,0,0.0,0,0.0
01002200001307241447558525B_1293624900_484893900_jpg.rf.7b6ce6c496fc809924f44498cdf6b058.jpg,1,0,0.0,0,0.0,0,0.0,0,0.0,1,0.09486578011701577,0,0.0,0,0.0
01002200001307241448000915B_1293630100_484893800_jpg.rf.8163e19e8bcf7caa020683a8b9551279.jpg,9,0,0.0,0,0.0,0,0.0,0,0.0,0,0.0,0,0.0,1,0.0013219927841598177
01002200001307241451331795B_1293839200_484890700_jpg.rf.4aef16f59d745ae3f41a53181c0dcf7e.jpg,1,0,0.0,0,0.0,0,0.0,0,0.0,1,0.07936861084068368,1,0.08600265221405606,0,0.0
01002200001307241452180265B_1293877800_484897200_jpg.rf.ff7ee658120ae8cd022c88bf5a3d334b.jpg,5,0,0.0,0,0.0,0,0.0,0,0.0,1,0.015679914429429117,0,0.0,0,0.0
01002200001307241452418465B_1293899200_484900900_jpg.rf.10c9b6e470e64cc024b985e35ff9e89f.jpg,1,0,0.0,0,0.0,0,0.0,0,0.0,1,0.10515172206505667,0,0.0,0,0.0
01002200001307241453042385B_1293918000_484904100_jpg.rf.5e4b1f39a7744104b1c86d0139a06d6b.jpg,3,0,0.0,0,0.0,0,0.0,0,0.0,1,0.025254213743733087,0,0.0,0,0.0
01002200001307241453112055B_1293924100_484905100_jpg.rf.3013ec5f69145ca9cf3a14324ebc880e.jpg,2,0,0.0,1,0.008389034786273442,0,0.0,0,0.0,1,0.06015176405873717,0,0.0,0,0.0
01002200001307241602478115B_1294188400_485096000_jpg.rf.598672b827c82d86347bf75319207456.jpg,5,0,0.0,1,0.0032972838220450664,1,0.00860660104703128,0,0.0,1,0.01955995872796848,1,0.09600000381469727,3,0.0016475448104483867
01002200001307241711370775B_1294021900_485093000_jpg.rf.74603ecf155ec6fed7626755800a8418.jpg,5,0,0.0,0,0.0,0,0.0,0,0.0,1,0.024335032297349245,0,0.0,1,0.005003375839362434
01002200001307241712156765B_1293998800_485085500_jpg.rf.a9f1115658313406e2903fe4603d07fb.jpg,1,0,0.0,0,0.0,0,0.0,0,0.0,1,0.09460046832382205,0,0.0,0,0.0
01002200001307241739073435B_1293976600_484955300_jpg.rf.6d737a82e8f4f496f81511f850ad8ca4.jpg,6,0,0.0,1,0.01338518299055977,0,0.0,0,0.0,0,0.0,0,0.0,1,0.0002988485142486752
01002200001307241740077835B_1293968700_484950600_jpg.rf.d4b9beb7eac58cd0bb631960b3242ea6.jpg,3,0,0.0,1,0.029398090677123064,0,0.0,0,0.0,0,0.0,0,0.0,0,0.0
01002200001307241741351555B_1294033300_484976800_jpg.rf.02671c8429503a6aa2c9105f1b8e2539.jpg,3,0,0.0,0,0.0,0,0.0,0,0.0,2,0.08377500434574359,0,0.0,1,0.0003714859303272533
01002200001307241758347135B_1293944300_484975400_jpg.rf.1ae0d5b166131153c37b3b070843e9b6.jpg,3,0,0.0,1,0.03559585265732039,0,0.0,0,0.0,2,0.044392676338866295,0,0.0,0,0.0
01002200001307241800150255B_1293916200_485050400_jpg.rf.f62db6795f81378b03478c8f5ed6ed13.jpg,1,1,0.1124657913090323,0,0.0,0,0.0,0,0.0,0,0.0,0,0.0,0,0.0
01002200001307241800502455B_1293917300_485043900_jpg.rf.6d33e5a26029784ca39251fd3dec8b91.jpg,5,0,0.0,3,0.06266394111664339,0,0.0,1,0.000292226166529872,1,0.010333709389224156,0,0.0,0,0.0
01002200001307241802266845B_1293942100_484975800_jpg.rf.8b9c650bac469b1f99f87f4c9e03318c.jpg,5,0,0.0,2,0.03038414101005399,0,0.0,0,0.0,0,0.0,0,0.0,0,0.0
0100220000130725110504558J1_1297279800_482546400_jpg.rf.a430284d05c17ca1b7f7881baa34ea0e.jpg,1,1,0.16617546556001117,0,0.0,0,0.0,0,0.0,0,0.0,0,0.0,0,0.0
0100220000130725153708047J2_1297023700_483568000_jpg.rf.e672e042705ae153fe0ce13f573d43b2.jpg,8,0,0.0,0,0.0,0,0.0,2,0.002416827374318018,0,0.0,0,0.0,0,0.0
0100220000130725155742199J2_1297028400_483654400_jpg.rf.966c4fa5c6bac3b07edd5b9bb3aa2f66.jpg,1,0,0.0,0,0.0,0,0.0,0,0.0,1,0.0841738910524714,0,0.0,0,0.0
0100220000130728081419506J3_1295018100_482926600_jpg.rf.d48ab7c9427292071748e2d9952ed602.jpg,5,0,0.0,0,0.0,0,0.0,1,0.000205987570789147,1,0.08718060406004043,0,0.0,4,0.0008054779188006477
01002200001307281040196435M_1298131900_483566100_jpg.rf.22b9bf133dbf47611e2f1a7f774a06b3.jpg,2,0,0.0,1,0.1438718724487444,0,0.0,0,0.0,0,0.0,0,0.0,2,0.0003767585410605534
01002200001307281145288525B_1294088700_485379200_jpg.rf.809bc23877575bfbf065c5d92678c025.jpg,2,1,0.05705846719694819,1,0.0158158831190849,0,0.0,1,0.0022865463746711613,0,0.0,0,0.0,0,0.0
01002200001307281158133945B_1294168000_485421200_jpg.rf.c3d5aa71e4ff12a53371b2e12a9466cb.jpg,4,0,0.0,0,0.0,0,0.0,0,0.0,1,0.020746519722233604,0,0.0,0,0.0
0100220000130728124714052J2_1297608800_483191200_jpg.rf.d66fd036c9aae726580dafe54f540f10.jpg,1,1,0.08397750884911939,1,0.0020162402772575623,0,0.0,0,0.0,0,0.0,0,0.0,0,0.0
01002200001307281306300115B_1293764400_485360400_jpg.rf.adb3c4d308dcc5160cee3c5fe002e488.jpg,1,1,0.11543083748696063,0,0.0,0,0.0,1,0.00032724070217227564,0,0.0,0,0.0,0,0.0
01002200001307281306328225B_1293762200_485360300_jpg.rf.505f12e91b99ee9c071f8cf9fe357504.jpg,6,0,0.0,1,0.011003865121747367,0,0.0,1,0.0006367845756540192,0,0.0,0,0.0,0,0.0
01002200001307281315183715B_1293779600_485234800_jpg.rf.3887ee3ae53d512a08755287e8e7a765.jpg,3,0,0.0,0,0.0,0,0.0,0,0.0,1,0.025807519676743645,0,0.0,0,0.0
01002200001307281317180605B_1293688500_485217200_jpg.rf.f93c51bcd158591bbd2a56cb6dbab174.jpg,1,1,0.3105020232918332,0,0.0,0,0.0,0,0.0,0,0.0,0,0.0,0,0.0
01002200001307281327126575B_1293436200_485154700_jpg.rf.53ff57c7ccc052f51608cecf116fb2f5.jpg,7,0,0.0,1,0.01381520240669716,0,0.0,0,0.0,0,0.0,0,0.0,2,0.00484972935476037
01002200001307281329574685B_1293381500_485242300_jpg.rf.257b4f4134ba401de28e3cc231255d47.jpg,6,0,0.0,0,0.0,0,0.0,0,0.0,2,0.021466654192117893,0,0.0,1,0.0010390059132987517
01002200001307281330002745B_1293380600_485244300_jpg.rf.8e6623e20d8e2701512c79fa24d44ab2.jpg,4,0,0.0,0,0.0,0,0.0,0,0.0,4,0.11297251757688401,0,0.0,1,0.001370746653774404
01002200001307281339334595B_1293470900_485069500_jpg.rf.2dab6f4b09d5f339575a9b8dbd124a8b.jpg,2,0,0.0,0,0.0,0,0.0,0,0.0,1,0.049398634938261236,0,0.0,0,0.0
01002200001307281340213595B_1293472600_485029200_jpg.rf.38c95f59ddc7aa81af76b0d334124a4f.jpg,4,0,0.0,0,0.0,0,0.0,0,0.0,1,0.043715574817260856,0,0.0,1,0.0004038850212248235
01002200001307281340401095B_1293470700_485013100_jpg.rf.75078430bb868a7772e9fe68e063fe45.jpg,1,0,0.0,0,0.0,0,0.0,0,0.0,1,0.06899310493846308,0,0.0,0,0.0
01002200001307281341325335B_1293466300_484971700_jpg.rf.6fc9334a81a2e85a1bef1bfe7c993a47.jpg,2,0,0.0,0,0.0,0,0.0,0,0.0,1,0.0720687686550719,0,0.0,1,0.0026587017234123776
01002200001307281342249805B_1293466500_484931500_jpg.rf.c3bffbe62f0028447ccad231341cf2a8.jpg,5,0,0.0,2,0.061220493308678674,0,0.0,0,0.0,1,0.0024874251708388332,0,0.0,1,0.0010941805702168502
01002200001307281345301965B_1293468100_484874300_jpg.rf.8a355868781d78f73ad7fade752029bc.jpg,7,0,0.0,0,0.0,0,0.0,0,0.0,2,0.013482920026198714,0,0.0,1,0.0014885067018894915
01002200001307281348566875B_1293470900_484711100_jpg.rf.e51955b704913113ff6fa0c1896c7909.jpg,8,0,0.0,0,0.0,0,0.0,0,0.0,1,0.0047446988039610005,0,0.0,2,0.00610050318532102
01002200001307281350091495B_1293470400_484650900_jpg.rf.5ed29d7f2135faa9becbc6ccb2af3131.jpg,6,0,0.0,1,0.016408509499597157,0,0.0,0,0.0,0,0.0,0,0.0,1,0.000649618279940114
01002200001307281350105515B_1293470400_484649800_jpg.rf.87ab0b08664b91b8d383a4a130679a26.jpg,4,0,0.0,1,0.039633501742268894,0,0.0,0,0.0,1,0.0017061214773639222,0,0.0,0,0.0
01002200001307281356338605B_1293471400_484801100_jpg.rf.16caf35c946a4be417040c5821dea714.jpg,8,0,0.0,0,0.0,0,0.0,2,0.0031703170924220103,0,0.0,0,0.0,1,0.00033464005924315984
01002200001307281400362105B_1293469900_484921200_jpg.rf.55e9e7ac4c6414946b308a531feec7f9.jpg,7,0,0.0,0,0.0,3,0.021715726401193937,0,0.0,0,0.0,0,0.0,0,0.0
01002200001307281404457895B_1293460100_485115900_jpg.rf.b885d5f890876413519f59217fd72834.jpg,5,0,0.0,1,0.015206812340766198,0,0.0,0,0.0,0,0.0,0,0.0,0,0.0
01002200001307281451563755B_1293503100_485105100_jpg.rf.71d6133e279e08e27d46dde4b43fcd6c.jpg,1,0,0.0,0,0.0,0,0.0,0,0.0,1,0.15020103725115178,0,0.0,0,0.0
01002200001307281509493905B_1293254400_484981100_jpg.rf.32816dd5a95f8432ad9bdb837a1837ba.jpg,4,0,0.0,1,0.017640434689831182,0,0.0,0,0.0,0,0.0,0,0.0,0,0.0
01002200001307281515243325B_1293152200_485113400_jpg.rf.ff7da4af3e05fc13ac9fbd91e390f1df.jpg,7,0,0.0,1,0.004712550595559151,0,0.0,0,0.0,0,0.0,0,0.0,0,0.0
0100220000130728152342530J3_1294210500_482570800_jpg.rf.608c063a4cc11cca1459e8f93c9c8098.jpg,2,0,0.0,0,0.0,1,0.060913723797775675,0,0.0,0,0.0,0,0.0,0,0.0
01002200001307281537144895B_1293088900_485609000_jpg.rf.449ac32bc213a4107155016ef73cb503.jpg,5,0,0.0,2,0.00914130186669355,0,0.0,0,0.0,1,0.027914373763360346,0,0.0,0,0.0
01002200001307281537369705B_1293088800_485590500_jpg.rf.3fe8ef6006f479bd5b63a17f748197a0.jpg,7,0,0.0,1,0.0046306532455400885,0,0.0,0,0.0,0,0.0,0,0.0,0,0.0
01002200001307281537410625B_1293088800_485587000_jpg.rf.84a621b13af833bf08d9e8d35810aac3.jpg,5,0,0.0,1,0.012612317412454103,0,0.0,0,0.0,0,0.0,0,0.0,0,0.0
01002200001307281559057955B_1293227500_484709000_jpg.rf.9ff155d103b843cedd95e332c96ec3dd.jpg,5,0,0.0,1,0.01718541534723954,0,0.0,0,0.0,1,0.0036717816885357022,0,0.0,0,0.0
01002200001307281601375465B_1293222400_484740900_jpg.rf.a374acdf47588ad02a5e5af27fd2871e.jpg,6,0,0.0,1,0.005203293662407305,0,0.0,0,0.0,0,0.0,0,0.0,0,0.0
01002200001307281602509275B_1293212100_484791400_jpg.rf.0ec1ece1b5370e1a7b3fd6a9122cee1f.jpg,6,0,0.0,2,0.015641657178657637,0,0.0,0,0.0,0,0.0,0,0.0,0,0.0
01002200001307281653048785B_1293215100_485041300_jpg.rf.81b8f124e1522cd148c7a31ac3c2adff.jpg,5,0,0.0,0,0.0,0,0.0,0,0.0,1,0.01471471752931393,0,0.0,0,0.0
01002200001307281653189855B_1293223700_485045400_jpg.rf.ccfea5b9c1041c591909e7787cdc92de.jpg,1,0,0.0,1,0.10531306232707721,0,0.0,1,0.00017143272634712048,0,0.0,0,0.0,0,0.0
01002200001307281653263555B_1293228500_485047700_jpg.rf.4d7de01120a3636a34f4ff7c7656d6ae.jpg,7,0,0.0,1,0.00328487261213013,0,0.0,0,0.0,0,0.0,0,0.0,0,0.0
01002200001307281653348365B_1293234400_485051000_jpg.rf.b58825fab3c8b13838c365c75d062859.jpg,2,0,0.0,3,0.11327558590341709,0,0.0,0,0.0,0,0.0,0,0.0,0,0.0
01002200001307281653528925B_1293247700_485059200_jpg.rf.91be2b3909c811bf4e405f61fa97af67.jpg,5,0,0.0,1,0.030043314301315148,0,0.0,0,0.0,1,0.0024537911718277884,0,0.0,0,0.0
01002200001307281654485345B_1293274200_485076200_jpg.rf.81b3b3609ae40f57a7026dcf0deb8b8e.jpg,6,0,0.0,1,0.01161455602987188,0,0.0,2,0.003512605000323672,0,0.0,0,0.0,0,0.0
01002200001307281712307895B_1293439200_484963400_jpg.rf.ff85ad17cd5e62a8633057efcaa0c838.jpg,5,0,0.0,1,0.010736329355618182,0,0.0,0,0.0,1,0.020573717710333263,0,0.0,0,0.0
01002200001307281713319395B_1293387100_484962800_jpg.rf.57cd2cfae450e903efce514ef04dd15d.jpg,3,0,0.0,0,0.0,0,0.0,0,0.0,1,0.029990158275345492,0,0.0,0,0.0
01002200001307281730586475B_1293309900_484915800_jpg.rf.f73d8d3315dbd48d2afc7d943946eb46.jpg,4,0,0.0,1,0.022142773251198403,0,0.0,0,0.0,0,0.0,0,0.0,0,0.0
01002200001307281746467275B_1293469700_484733900_jpg.rf.57869af29d5a95600aea25af9c634771.jpg,2,1,0.06141624026302452,2,0.13325528954333551,0,0.0,0,0.0,0,0.0,0,0.0,3,0.001000079076939074
01002200001307281749026355B_1293469300_484646600_jpg.rf.dc604081fcf901190dfdd0e37c213d2f.jpg,3,0,0.0,2,0.05339072781528102,0,0.0,0,0.0,0,0.0,0,0.0,0,0.0
01002200001307281749092475B_1293469500_484642400_jpg.rf.055e5c38e63c39cab35b87c09c089bdd.jpg,4,0,0.0,3,0.0740093226230567,0,0.0,0,0.0,0,0.0,0,0.0,1,0.0003564196417492838
01002200001307281808317015B_1293766000_484682700_jpg.rf.1e900bba707988104367d087e9a74f85.jpg,2,0,0.0,0,0.0,0,0.0,0,0.0,2,0.08745631472245123,0,0.0,0,0.0
01002200001307281809209675B_1293730100_484682900_jpg.rf.c79058a6c0104b58963a88809a834082.jpg,5,0,0.0,2,0.024440392562810304,0,0.0,0,0.0,1,0.013589043202498447,0,0.0,0,0.0
01002200001307281810060065B_1293698300_484683300_jpg.rf.a10c9031578f3eaf8c0730da1f4fa634.jpg,6,0,0.0,1,0.01732685542895524,0,0.0,0,0.0,2,0.0038473176433097825,0,0.0,0,0.0
01002200001307281810163235B_1293690700_484683400_jpg.rf.a3fb28b3baba8df27a6c78b15e397911.jpg,3,0,0.0,1,0.010848658214763418,0,0.0,0,0.0,1,0.04827386043463775,0,0.0,0,0.0
01002200001307281814369115B_1293509800_484687800_jpg.rf.9d8ea63cc78706d1654a77d3d9275ef6.jpg,2,0,0.0,0,0.0,0,0.0,0,0.0,1,0.042804837799792494,0,0.0,0,0.0
01002200001307301023309655S_1293968200_484494100_jpg.rf.5838b280220660e66a31040b8d8fe638.jpg,1,1,0.19592655850675783,0,0.0,0,0.0,0,0.0,0,0.0,0,0.0,0,0.0
0100220000130730123426253J2_1296897400_484576200_jpg.rf.8fea7aba44051ac2e05e55fd955da2bc.jpg,5,0,0.0,0,0.0,0,0.0,0,0.0,1,0.014288044957856983,0,0.0,0,0.0
0100220000130731105635427J1_1296946200_482098400_jpg.rf.47e8972f8cfa31fc2ddfb910c8e873f6.jpg,6,0,0.0,0,0.0,0,0.0,0,0.0,1,0.014271461472362716,0,0.0,1,0.0005530484848350127
0100220000130731110749487J1_1296947800_482111700_jpg.rf.b7dc5e6fc4a92a83176b9d56a06cb0d8.jpg,2,0,0.0,0,0.0,0,0.0,0,0.0,1,0.07619633875171872,0,0.0,1,0.001532208933494985
0100220000130731110801210J1_1296949200_482117000_jpg.rf.d4dbf0b601fefffdc74cbee4ea79b169.jpg,8,0,0.0,0,0.0,0,0.0,0,0.0,1,0.004163255889006905,0,0.0,2,0.004474735535741275
0100220000130731110841300J1_1296946700_482132300_jpg.rf.addf51e1623c05798fd8337e61ee1719.jpg,6,0,0.0,0,0.0,0,0.0,0,0.0,1,0.01667803618591279,0,0.0,2,0.0027034430673109
0100220000130731131342989J2_1296879000_483531800_jpg.rf.fd132df114537fbe7c2ae715a62d1232.jpg,6,0,0.0,0,0.0,0,0.0,0,0.0,1,0.031339413922139556,0,0.0,3,0.00424358394134288
0100220000130731131506993J2_1296860300_483530500_jpg.rf.a0c94f10ceca9de9c60c71cfbc5b5d0a.jpg,6,0,0.0,1,0.010535113665973785,0,0.0,0,0.0,2,0.006364540612078145,0,0.0,0,0.0
0100220000130731131633664J2_1296855600_483540100_jpg.rf.1029ed141e82e8b3c0c57b2dee651b0b.jpg,6,0,0.0,2,0.014997382859833121,0,0.0,0,0.0,1,0.01049296286482786,0,0.0,1,0.0007850588709698059
0100220000130731131812699J2_1296863000_483533000_jpg.rf.17914c771b4430ad0ffee49ccb14c4cf.jpg,7,0,0.0,0,0.0,0,0.0,0,0.0,2,0.008143516609618474,0,0.0,1,0.00017509191038698191
0100220000130803152856001J3_1294741800_483689300_jpg.rf.ad623588407cd9031aca7a6c845a9f7d.jpg,5,0,0.0,2,0.026932647686899146,0,0.0,0,0.0,0,0.0,0,0.0,0,0.0
0100220000130804114810497J3_1294326600_483724100_jpg.rf.d03b4b608cbe79e2c48859b4bb76d3ac.jpg,3,0,0.0,0,0.0,0,0.0,0,0.0,1,0.0251643266513679,0,0.0,0,0.0
0100220000130804121828205J3_1293883200_483808800_jpg.rf.767afe746812e3b8fde6c42ef8140a2f.jpg,8,0,0.0,0,0.0,4,0.007357373452355205,0,0.0,0,0.0,1,0.0025217774214161106,1,0.0002651334061374662
0100220000130804121847081J3_1293888100_483817800_jpg.rf.7ca9980aef45dce5e575720dc9781728.jpg,7,0,0.0,1,0.0025144353810810636,0,0.0,0,0.0,0,0.0,0,0.0,0,0.0
0100220000130805140822621J3_1295015300_483795100_jpg.rf.b992c6a8d41c26ac1ba7eb82cac480c5.jpg,6,0,0.0,0,0.0,0,0.0,0,0.0,1,0.01452385592293922,0,0.0,1,0.0006511262670210272
0100220000130805140824491J3_1295016100_483795200_jpg.rf.5f01fd9a990d9dc9f3be7128e575fa8d.jpg,6,0,0.0,0,0.0,0,0.0,0,0.0,1,0.010406962423003279,0,0.0,1,0.005187876294567109
0100220000130808134952724J5_1295484600_482931700_jpg.rf.95bd5955cb1bd6a83cfca472d9e82ff7.jpg,4,0,0.0,1,0.03461815238912095,1,0.05239210074291807,0,0.0,0,0.0,0,0.0,2,0.0006222595055260201
0100220000130808144307697J5_1295633200_482941000_jpg.rf.56d2705105cf1ae1ae95f92ed262d511.jpg,5,0,0.0,0,0.0,2,0.008409976336870371,0,0.0,0,0.0,2,0.06741295979277545,0,0.0
0100220000130808144309053J5_1295634300_482941100_jpg.rf.5c24b0a7ee1ce2c175de70fcf0914634.jpg,8,0,0.0,0,0.0,1,0.003982886403173324,1,0.0003228592271443631,0,0.0,0,0.0,0,0.0
0100220000130808165806528J2_1296287300_483105900_jpg.rf.c7b41a82d3fa50189f345aeaef105300.jpg,4,0,0.0,1,0.051015995246089005,0,0.0,0,0.0,0,0.0,0,0.0,2,0.0016421070204978604
0100220000130809111718881J1_1296413900_482541600_jpg.rf.84c177ceaa4a5a67b49e338d7561b103.jpg,5,0,0.0,1,0.03144667492961162,0,0.0,0,0.0,0,0.0,0,0.0,1,0.0008491547869755322
0100220000130809114523507J3_1294385800_483201100_jpg.rf.232796c24bad6978bdba3d980c505847.jpg,6,0,0.0,3,0.02814715744632395,0,0.0,0,0.0,1,0.009841084969657458,0,0.0,0,0.0
0100220000130809131813711J1_1296442100_482585400_jpg.rf.ef2529fca6ddc5735024775005399e55.jpg,5,0,0.0,1,0.010727686779428041,0,0.0,0,0.0,1,0.038919650750299295,0,0.0,1,0.00021934599904852866
0100220000130809144745953J1_1296406600_482713300_jpg.rf.4f22c7ae4f2e8941c85b70ce5fc1fe9e.jpg,4,0,0.0,1,0.03553896044453722,1,0.0017910448710335913,0,0.0,3,0.04829495171512462,0,0.0,0,0.0
0100220000130814112302727J2_1296555000_483028200_jpg.rf.755e9a9b7cad7b2f257956e6a855c309.jpg,6,0,0.0,1,0.006995779615094761,0,0.0,0,0.0,0,0.0,0,0.0,0,0.0
0100220000130814113534667J2_1296585200_483017700_jpg.rf.7bbdb51468482485514f852bb8f8e9d2.jpg,5,0,0.0,0,0.0,0,0.0,0,0.0,2,0.021952184364113805,0,0.0,0,0.0
0100220000130814113539473J2_1296587200_483017700_jpg.rf.c5670e06eb7175454fcac897cd0c7944.jpg,6,0,0.0,1,0.0144515396680697,0,0.0,0,0.0,1,0.00820124092307991,0,0.0,1,0.0007415152949761201
0100220000130814114426802J2_1296562900_483017800_jpg.rf.9892d5a27258e64366910c754875d85d.jpg,7,0,0.0,2,0.015020277342819091,0,0.0,0,0.0,1,0.008984086594864493,0,0.0,2,0.0008766456526791444
0100220000130817112703125J1_1296324000_482930000_jpg.rf.c71bc6fb260ee7248f59058408072739.jpg,7,0,0.0,0,0.0,0,0.0,0,0.0,1,0.01188407981934688,0,0.0,2,0.00054865432144652
0100220000130817112817660J1_1296312200_482915100_jpg.rf.d703868ffe80a6e59b549594f64c1477.jpg,2,0,0.0,1,0.02954442602129802,0,0.0,0,0.0,1,0.0633087199704277,0,0.0,0,0.0
0100220000130817123823089J3_1294317900_483955300_jpg.rf.72f1e7cfd1ea9ac6ba641e6e8f1dd38f.jpg,7,0,0.0,0,0.0,2,0.009639033665682747,0,0.0,0,0.0,0,0.0,0,0.0
0100220000130817151522414J3_1295227100_483712500_jpg.rf.1e4b9b243d526f74633a1c7c36bc9476.jpg,6,0,0.0,1,0.0024031825410474996,0,0.0,0,0.0,1,0.014602943929883167,1,0.0019395205088585498,0,0.0
0100220000130818082908603J3_1294424600_483625500_jpg.rf.67317f19bfc3d06ef6463c7f1447d57a.jpg,3,1,0.016946771916009292,0,0.0,0,0.0,0,0.0,0,0.0,0,0.0,0,0.0
01002200001308180949073915M_1296903500_484393800_jpg.rf.47a7ed2221f9d1c67497fff6a2cce50a.jpg,2,1,0.08697476567941292,0,0.0,0,0.0,2,0.0016868554412985716,0,0.0,0,0.0,0,0.0
01002200001308180959247725M_1296677400_484289500_jpg.rf.9a0a7a7f2f2fc4e2f86599d0946ee4b7.jpg,7,0,0.0,0,0.0,0,0.0,1,0.004244690436057684,0,0.0,0,0.0,1,0.0001723867866348907
0100220000130818100952269J3_1294539700_483667500_jpg.rf.3a3cc89dbe567d304537e6cb158605d8.jpg,2,2,0.04668012780126446,0,0.0,0,0.0,0,0.0,0,0.0,0,0.0,0,0.0
01002200001308181415165325D_1296381300_483182100_jpg.rf.c312e0750ad673ef334b95243981113a.jpg,8,0,0.0,0,0.0,0,0.0,1,0.0012110882222805188,0,0.0,0,0.0,0,0.0
0100220000130819114811291J3_1295251100_484029800_jpg.rf.5cb1db58823cf91deda5dcdd5315c147.jpg,7,0,0.0,0,0.0,0,0.0,0,0.0,2,0.008279010185663084,0,0.0,0,0.0
0100220000130819114817765J3_1295247900_484029800_jpg.rf.e39987f19e62c5c35563eb332e14765b.jpg,7,0,0.0,0,0.0,0,0.0,0,0.0,1,0.003435484775454826,0,0.0,0,0.0
01002200001308191409539065Q_1295535200_484245300_jpg.rf.419e5dd7e1a6ec546d790ea44f3db2ae.jpg,5,0,0.0,1,0.04150452166577452,0,0.0,0,0.0,0,0.0,0,0.0,2,0.0030606782023187397
01002200001308191724091745D_1298117700_483022900_jpg.rf.6077c9e70f08a6b58e6099363e8b9a5e.jpg,5,0,0.0,0,0.0,0,0.0,0,0.0,1,0.011931968049754004,0,0.0,0,0.0
0100220000130820085305892J3_1294248500_482524800_jpg.rf.0324bb3890a91a16aa75ee1c735bc040.jpg,8,0,0.0,0,0.0,0,0.0,0,0.0,1,0.006092630481089146,0,0.0,3,0.010562828308488861
0100220000130820090756002J3_1294307300_482569000_jpg.rf.545a8cbc04a0169d91a6c5181e0440e5.jpg,5,0,0.0,0,0.0,1,0.019530696449382958,0,0.0,3,0.027323725364990423,1,0.03091003814025953,1,0.0005634396492905574
01002200001308201023339435D_1298267400_483108600_jpg.rf.cc30000b8216e022120ae6180f3e05d9.jpg,1,0,0.0,0,0.0,0,0.0,0,0.0,1,0.0818297088563395,0,0.0,0,0.0
01002200001308201032383865M_1298356200_483512300_jpg.rf.f6fead4ce93e865b1082331e3d31ae19.jpg,4,0,0.0,1,0.02018806987175594,0,0.0,0,0.0,0,0.0,0,0.0,0,0.0
01002200001308201032507615M_1298365000_483513300_jpg.rf.8fe161b231f5570d550e898b01c23ec6.jpg,2,0,0.0,1,0.03393099176701071,0,0.0,0,0.0,0,0.0,0,0.0,0,0.0
0100220000130823105636927J3_1294575200_482891500_jpg.rf.0efd315e5f6cd33edb368d210dae5064.jpg,6,0,0.0,1,0.014669078725455616,0,0.0,0,0.0,0,0.0,0,0.0,1,0.005930105892748532
0100220000130823105705257J3_1294580200_482909600_jpg.rf.8429420adb5e12449be46748b872b983.jpg,7,0,0.0,2,0.009912545234565187,0,0.0,0,0.0,0,0.0,0,0.0,1,0.00023352571985014883
0100220000130823105708003J3_1294579900_482911200_jpg.rf.9cc099f2ae564daa721907b40fdaf69e.jpg,6,0,0.0,0,0.0,0,0.0,0,0.0,1,0.005227149355187068,0,0.0,0,0.0
0100220000130823105710825J3_1294579100_482912800_jpg.rf.d8ae7c182a546fda0a99f3d42b82e214.jpg,9,0,0.0,0,0.0,0,0.0,0,0.0,0,0.0,0,0.0,1,0.005954398675112303
0100220000130823105719990J3_1294576800_482914900_jpg.rf.c02424cabc7d067712cf53cd1aeed115.jpg,5,0,0.0,1,0.03890446355997936,0,0.0,0,0.0,2,0.011378140491550538,0,0.0,1,0.005357652365819366
0100220000130823115627254J3_1294801600_482886200_jpg.rf.a65be78f7b4b5fc9b06a9b2b63e28776.jpg,3,0,0.0,1,0.05058697706287605,0,0.0,0,0.0,2,0.01955696622188043,0,0.0,0,0.0
0100220000130823120514985J3_1294812100_482889200_jpg.rf.6a40dfa6e5d14d2869dcb03430719409.jpg,3,0,0.0,0,0.0,0,0.0,0,0.0,1,0.026638269298791782,0,0.0,0,0.0
0100220000130823121451254J3_1294793900_482882000_jpg.rf.60f8ecb7580468eca7b41eac3e5246e2.jpg,6,1,0.010540296000981468,0,0.0,0,0.0,0,0.0,0,0.0,0,0.0,2,0.003156913273505779
01002200001308240944399325D_1296128600_483192000_jpg.rf.0bfef05efd900b28d93460d8d40aadd5.jpg,6,0,0.0,1,0.008501001320937576,0,0.0,0,0.0,1,0.02160952822944178,0,0.0,2,0.0019464086735467845
0100220000130824132658499J3_1295120700_483352900_jpg.rf.b37a6d897af4a3984b4a80cc311531e1.jpg,3,0,0.0,1,0.0510643484798106,0,0.0,0,0.0,0,0.0,0,0.0,1,0.0015353405962332544
0100220000130824133925531J3_1295290400_483100800_jpg.rf.ae63160a0e30a2ef9e9c15737bfc1150.jpg,4,0,0.0,1,0.03195884865481277,1,0.030105380877193975,0,0.0,0,0.0,1,0.005411421551361855,0,0.0
0100220000130824135614065J5_1295937800_482619800_jpg.rf.00c34c06b9e75482b5767077943d9ead.jpg,8,0,0.0,1,0.002125252189689495,0,0.0,0,0.0,2,0.004220086911045657,0,0.0,1,0.006224520399068738
01002200001308241543172715D_1296052000_483321700_jpg.rf.492f25ee01af4504327a364819307c64.jpg,9,0,0.0,0,0.0,0,0.0,0,0.0,0,0.0,0,0.0,1,0.000353463068831843
01002200001308241549511245C_1296082600_482115100_jpg.rf.cfa1c83234d3b3b2e45d47ed52b8c567.jpg,6,0,0.0,1,0.039022465978442826,0,0.0,1,0.00016286714164834848,1,0.0012829430157034949,0,0.0,4,0.0024403420340658546
01002200001308250906174455C_1296072700_482227700_jpg.rf.6cad572dcb8ae780c288028df3fd9138.jpg,7,0,0.0,0,0.0,0,0.0,0,0.0,1,0.01784651043961958,0,0.0,3,0.003397429778115122
0100220000130825123054438J3_1294799700_483037100_jpg.rf.47291cd50b650bcc1e9e1c71b01d737a.jpg,6,0,0.0,0,0.0,0,0.0,0,0.0,1,0.007778265166216443,0,0.0,0,0.0
01002200001308251322362225D_1296921500_483849700_jpg.rf.2d6e303d1f6cc373969b006e5cbe8540.jpg,3,0,0.0,0,0.0,0,0.0,0,0.0,0,0.0,1,0.049291427495336396,0,0.0
01002200001308251324581995D_1296966400_483903900_jpg.rf.f69ae612b46d5f58761f817caffcceea.jpg,2,0,0.0,1,0.010785347503297089,0,0.0,0,0.0,0,0.0,1,0.13170527299158494,0,0.0
01002200001308251325247035D_1296976500_483916100_jpg.rf.71878e83c136d79d56a05d64a0579653.jpg,7,0,0.0,0,0.0,1,0.0051444413606122905,0,0.0,0,0.0,0,0.0,0,0.0
01002200001308251325411875D_1296983100_483924100_jpg.rf.6d2f89d57e9182fa02fcbc43c3105e0a.jpg,4,0,0.0,0,0.0,0,0.0,0,0.0,0,0.0,3,0.0923342644508921,0,0.0
0100220000130825163403622J3_1294696300_483493900_jpg.rf.af840f914ce75d89ba397888f576f760.jpg,2,2,0.08687337111124635,0,0.0,0,0.0,0,0.0,0,0.0,0,0.0,1,0.0013391765452979599
0100220000130825163825439J3_1294726400_483507600_jpg.rf.8e74352bcd905e93c951c6f2ace85f68.jpg,8,0,0.0,0,0.0,0,0.0,1,0.0012676738718255364,0,0.0,0,0.0,1,0.0036029989757412296
0100220000130825164149665J3_1294718100_483519500_jpg.rf.009e52aeab4d924bc8310aa54d5600a6.jpg,3,0,0.0,0,0.0,1,0.0887311217767956,0,0.0,0,0.0,0,0.0,1,0.0005132946914818603
01002200001308261100169375D_1296201900_483178500_jpg.rf.f2703a190cf30e00537ac00ff182472c.jpg,5,0,0.0,1,0.016086224686068823,0,0.0,0,0.0,0,0.0,0,0.0,0,0.0
0100220000130826123854887J3_1294737500_482590700_jpg.rf.6743cc8831281564c43f1b160531ab9c.jpg,8,0,0.0,2,0.003641766096739052,0,0.0,0,0.0,1,0.0027643171825093306,0,0.0,3,0.005652770735050581
0100220000130830085808901J3_1294949000_483362700_jpg.rf.28909586dde66af4c5d872cb02a41082.jpg,9,0,0.0,0,0.0,0,0.0,0,0.0,0,0.0,0,0.0,1,0.0006052276700724235
0100220000130830085838855J3_1294963300_483362700_jpg.rf.3d3ad12e1442b43084bc5f0d88334948.jpg,3,0,0.0,3,0.0828158673366488,0,0.0,0,0.0,0,0.0,0,0.0,0,0.0
0100220000130830090231477J3_1294924600_483389900_jpg.rf.1d8b286801f97be087abb489b411c67b.jpg,6,0,0.0,1,0.007560488913804874,0,0.0,0,0.0,0,0.0,0,0.0,0,0.0
0100220000130830090232811J3_1294923800_483389500_jpg.rf.57480db000abcc5746e1f3727a8ab4a6.jpg,5,0,0.0,1,0.011461684720597987,0,0.0,0,0.0,0,0.0,0,0.0,0,0.0
0100220000130830090725167J3_1294954200_483372100_jpg.rf.bb5c043e04be092813ac4426e7c55f8b.jpg,2,0,0.0,1,0.07532698088534744,0,0.0,0,0.0,1,0.015154109094073647,0,0.0,0,0.0
0100220000130830092050189J3_1294983600_483347600_jpg.rf.bbec69f6792a6a6ec8a909eccc43e282.jpg,2,0,0.0,0,0.0,0,0.0,1,0.00015670815229896107,1,0.10700584712580166,0,0.0,1,0.0005352180372392468
0100220000130830094232992J3_1294923100_483335500_jpg.rf.000d8d384fedecc6f23a08997baee9df.jpg,5,0,0.0,2,0.06491317163947827,0,0.0,0,0.0,0,0.0,0,0.0,2,0.0030851496709692625
0100220000130830123737150J3_1295080000_483353300_jpg.rf.9f6d015a0d7fa270ee4da0d05a05a4e5.jpg,6,0,0.0,1,0.022118691216626303,0,0.0,0,0.0,0,0.0,0,0.0,2,0.001443621281518968
0100220000130830123751346J3_1295079200_483363600_jpg.rf.9d2432db315efc54e618c123ea91b5de.jpg,6,0,0.0,0,0.0,0,0.0,0,0.0,1,0.026795416309923895,0,0.0,2,0.0023032029384921745
0100220000130830130319058J1_1294440300_482458000_jpg.rf.b7bf7c3b4369ac5a3aea71b495fb0fde.jpg,1,0,0.0,0,0.0,0,0.0,0,0.0,1,0.14333168270162333,0,0.0,0,0.0
0100220000130831162225862J4_1295148000_482260700_jpg.rf.c4bb33730447e2ad253511c55a903903.jpg,6,1,0.0018585235490718422,1,0.013529598284740128,0,0.0,0,0.0,0,0.0,0,0.0,0,0.0
0100220000130831162237156J4_1295148100_482266200_jpg.rf.4f7077495fe5fe55f69c07595ca4f32e.jpg,6,0,0.0,1,0.02256762704319044,0,0.0,0,0.0,2,0.013872284001006392,0,0.0,1,0.0029158926180207346
0100220000130831162242325J4_1295148000_482268500_jpg.rf.1b0646454e9c726a0ded54cce29cf4c7.jpg,6,0,0.0,2,0.01537860449546315,0,0.0,0,0.0,0,0.0,0,0.0,1,0.0022138982445426337
0100220000130901111913309J3_1295258900_483463400_jpg.rf.bf09bf7ec01f81d3a9fd38490447dbce.jpg,6,0,0.0,0,0.0,0,0.0,0,0.0,2,0.02396605213051771,0,0.0,1,0.0037148067217640346
0100220000130901121942108J3_1295140600_483544300_jpg.rf.8cfe32ca22a86d66a476ec6453d58f76.jpg,6,0,0.0,0,0.0,0,0.0,0,0.0,2,0.01976762967019568,0,0.0,0,0.0
0100220000130901121943824J3_1295140600_483543400_jpg.rf.da0ece5c33f0da25f106eb37dd64aa0b.jpg,6,0,0.0,2,0.008837574822218815,0,0.0,0,0.0,3,0.023299744108844608,0,0.0,0,0.0
0100220000130902113108170J3_1294848800_483382700_jpg.rf.5a712a5c38f5e0a475f283a7fb1a927a.jpg,6,0,0.0,0,0.0,0,0.0,0,0.0,1,0.006631904075334206,0,0.0,0,0.0
0100220000130902123616469J3_1294820200_483486100_jpg.rf.30e5545de0cf093c0ce67cd78580ed3f.jpg,6,0,0.0,0,0.0,0,0.0,0,0.0,1,0.009367504177362207,0,0.0,0,0.0
0100220000130902123618107J3_1294821000_483486100_jpg.rf.fbb431eb868c4cf570be2f7cb43ddf69.jpg,5,0,0.0,1,0.034547450763329816,0,0.0,0,0.0,1,0.011231412586639683,0,0.0,1,0.0006549011263632565
0100220000130902123639073J3_1294831600_483486900_jpg.rf.4903b867881ccc0e47d14161c8db756a.jpg,6,0,0.0,1,0.008646623951308356,0,0.0,0,0.0,0,0.0,0,0.0,0,0.0
0100220000130902124106781J3_1294833200_483508000_jpg.rf.520c1be709635c2a4a2da91af08e25e9.jpg,6,0,0.0,1,0.018294774794062506,0,0.0,0,0.0,0,0.0,0,0.0,2,0.0009901773699220987
0100220000130902124127299J3_1294834400_483496600_jpg.rf.756a06c4a644f224353baae31449c20a.jpg,6,0,0.0,1,0.020210953659379832,0,0.0,0,0.0,0,0.0,0,0.0,3,0.0031699907741813147
0100220000130902124128625J3_1294834400_483495700_jpg.rf.fd98413eb121867893535b1ed24d68ec.jpg,5,0,0.0,1,0.0419710019676677,0,0.0,0,0.0,0,0.0,0,0.0,2,0.001493816365004935
0100220000130902124135442J3_1294834700_483491600_jpg.rf.2d99c3ae63c644034cac45d7d4bcdba0.jpg,7,0,0.0,1,0.011891750816021158,0,0.0,0,0.0,1,0.0006213533668778837,0,0.0,1,0.0002887515120619355
0100220000130902124222371J3_1294849200_483477900_jpg.rf.4a7553eb9e298e74c68da0a472f4ba95.jpg,5,1,0.020262846880859785,2,0.08460896303928166,0,0.0,0,0.0,4,0.02200664086522012,0,0.0,2,0.0018174950617846246
0100220000130902124224992J3_1294849300_483476200_jpg.rf.61e3ec19d49216ffa54f4e805f5aba0b.jpg,1,1,0.09819118106301172,0,0.0,0,0.0,0,0.0,0,0.0,0,0.0,2,0.0006605386654200669
0100220000130902130944582J3_1294923700_483471000_jpg.rf.433ea5631bffe19f585a41be455fe0d4.jpg,5,0,0.0,0,0.0,0,0.0,0,0.0,1,0.015906801146911675,0,0.0,0,0.0
0100220000130902131007646J3_1294909800_483469500_jpg.rf.04e07bd7490c4b8d7b7ee3f3ee366a8b.jpg,5,0,0.0,2,0.01989401478326499,0,0.0,2,0.0007612369691287312,2,0.057576603199031594,0,0.0,0,0.0
0100220000130902131452868J3_1294872600_483492700_jpg.rf.58d5ac03d17efe7100b44f92926ac727.jpg,3,0,0.0,0,0.0,0,0.0,0,0.0,2,0.06267299630592787,0,0.0,0,0.0
0100220000130902133906436J3_1294879000_483480100_jpg.rf.0b838f10a210a53324b15e9a012de88c.jpg,2,0,0.0,0,0.0,0,0.0,0,0.0,1,0.04508135256463902,0,0.0,0,0.0
0100220000130902133934191J3_1294860700_483479100_jpg.rf.bf68d9e5cf0be1b01f79f4e779b0a49d.jpg,8,0,0.0,0,0.0,0,0.0,0,0.0,1,0.004124817822957994,0,0.0,2,0.0007887352707234598
0100220000130902134136760J3_1294837000_483476800_jpg.rf.789bff5f18bbe921503f583a453e2e6e.jpg,7,0,0.0,0,0.0,0,0.0,0,0.0,1,0.004674328584196702,0,0.0,0,0.0
01002200001309151029011715D_1296125400_483206000_jpg.rf.35bd24f7ed7fe20b5f07ce188a5ff5c1.jpg,2,1,0.08661168422471519,0,0.0,0,0.0,2,0.0056794959409035084,0,0.0,0,0.0,1,0.0031323864607185146
01002200001309200918285965F_1295017600_483977300_jpg.rf.3debb941e922a779963332ad8ca2b8d9.jpg,1,0,0.0,0,0.0,0,0.0,0,0.0,1,0.053742937816957694,0,0.0,0,0.0
01002200001309200918308095P_1295198500_483199500_jpg.rf.a4ee5124d64d144ba2a43f824c9c673f.jpg,4,0,0.0,3,0.09516261909616786,0,0.0,0,0.0,1,0.016571555436348716,0,0.0,1,0.0006195861289961613
01002200001309200930389305F_1295037800_484026700_jpg.rf.104b411a50a5c46a8abce52ac3e38da8.jpg,3,0,0.0,1,0.002091980678414984,0,0.0,0,0.0,1,0.05043734936945384,0,0.0,0,0.0
01002200001309201307564075A_1293118800_485656900_jpg.rf.3462213bdca7d63e7a20dad0dbb31f30.jpg,6,0,0.0,0,0.0,0,0.0,0,0.0,0,0.0,1,0.009978712018439638,0,0.0
01002200001309201308227755A_1293119000_485627100_jpg.rf.2c9399ac9667d07bf02a8113635ba64b.jpg,8,0,0.0,0,0.0,0,0.0,0,0.0,0,0.0,1,0.00272144029982883,0,0.0
01002200001309201318354335A_1293019700_485041000_jpg.rf.d6a2eb6938f612ab4ba3bdac6c05627f.jpg,5,0,0.0,0,0.0,0,0.0,0,0.0,0,0.0,1,0.017793730390178553,0,0.0
01002200001309201319390115A_1292999800_484986300_jpg.rf.35e64beb2302e77b624fac79a37ba090.jpg,7,0,0.0,0,0.0,0,0.0,0,0.0,0,0.0,1,0.00541786079145365,0,0.0
01002200001309201320097605A_1292989800_484962500_jpg.rf.c8e950e5128ae7c340502c49acb9395b.jpg,6,0,0.0,0,0.0,0,0.0,0,0.0,0,0.0,1,0.011468651731520367,0,0.0
01002200001309201343041415L_1294061800_483131300_jpg.rf.cce45a90724b70173ab4944a9d9b53e0.jpg,7,0,0.0,0,0.0,0,0.0,0,0.0,1,0.00293883523090699,0,0.0,0,0.0
01002200001309201349126715Q_1294644400_484112000_jpg.rf.f576a9eb19c6c450480a814745874f8b.jpg,7,0,0.0,1,0.0034985794628573787,0,0.0,0,0.0,0,0.0,0,0.0,0,0.0
01002200001309201447392915L_1293881400_483086500_jpg.rf.21d22f3eb506d9e0e4eae621430546ce.jpg,5,0,0.0,0,0.0,0,0.0,0,0.0,1,0.012193479890549952,0,0.0,0,0.0
01002200001309201508345625F_1294562000_483564900_jpg.rf.3c8b7bedbfe645224b4685ca3bda3856.jpg,8,0,0.0,0,0.0,0,0.0,0,0.0,3,0.011522803652810581,0,0.0,2,0.006683484913485812
01002200001309201508475265F_1294555600_483565600_jpg.rf.fe48ec0d7e71e23d9ea4c3fa5b0825f0.jpg,7,0,0.0,0,0.0,0,0.0,0,0.0,1,0.004793943867989611,0,0.0,0,0.0
01002200001404291200171516Z_1294971200_484293100_jpg.rf.d5192956c8a529ffa50994841ede829f.jpg,7,0,0.0,0,0.0,0,0.0,0,0.0,1,0.009429343459651102,0,0.0,2,0.0014269348224297575
01002200001404301244092846Z_1295219100_483950000_jpg.rf.1447547d32e32c9987bd53d380d2f9a7.jpg,1,0,0.0,0,0.0,0,0.0,0,0.0,1,0.06208689673119807,0,0.0,0,0.0
01002200001405021347262626Z_1295238700_483870500_jpg.rf.c8ce5aad7ed30861054f895c053dc87c.jpg,8,0,0.0,0,0.0,0,0.0,0,0.0,1,0.006871154961527281,0,0.0,2,0.0016354389866546676
01002200001405091009559866Z_1295196000_483326300_jpg.rf.9d73bb7a175dce0eaadb0e080446b914.jpg,4,0,0.0,0,0.0,0,0.0,0,0.0,1,0.035357964256909284,0,0.0,1,0.00033876648943987676
01002200001405091019461496Z_1295186900_483318000_jpg.rf.9ae6127790c2fddd58827317eecc3843.jpg,6,0,0.0,0,0.0,0,0.0,0,0.0,1,0.0057848269254918705,0,0.0,0,0.0
01002200001405091019509546Z_1295186900_483316500_jpg.rf.c4b259256c76d65ac035220a94fc1b6a.jpg,5,0,0.0,0,0.0,0,0.0,0,0.0,1,0.014310143599172946,0,0.0,0,0.0
01002200001405091020099456Z_1295186900_483313600_jpg.rf.536aee71adb39c99ff8065506d16c42e.jpg,7,0,0.0,0,0.0,0,0.0,0,0.0,1,0.005744720007724055,0,0.0,1,0.00039107313510157796
01002200001405091029115606Z_1295210700_483309900_jpg.rf.a45fb56ee2144b4c798aee2795a0f7c8.jpg,4,0,0.0,3,0.012307547984109986,0,0.0,0,0.0,1,0.05591262080512479,0,0.0,0,0.0
01002200001405091229346896Z_1295259200_483683200_jpg.rf.17448f7549128f922bcf96289b88fd44.jpg,4,0,0.0,2,0.10265266191705563,0,0.0,0,0.0,5,0.05164324149212689,0,0.0,0,0.0
01002200001405091230011746Z_1295249800_483682800_jpg.rf.a29818fa53520e7cc71883a346e62752.jpg,2,0,0.0,2,0.08199523411188352,0,0.0,0,0.0,3,0.09984838791296397,0,0.0,0,0.0
01002200001405091230188986Z_1295244500_483682400_jpg.rf.ef6e7361e607714ce473f6d180e1acde.jpg,6,0,0.0,0,0.0,0,0.0,0,0.0,1,0.015378427188079514,0,0.0,2,0.0012382130118832827
01002200001405091300090106Z_1295224400_483681300_jpg.rf.e695ebfe1fc5cb7e3b4574af8faa84cc.jpg,4,0,0.0,0,0.0,0,0.0,0,0.0,2,0.06315718372563424,0,0.0,1,0.0034110245782721905
01002200001406181418160856F_1295355000_483790700_jpg.rf.6f4cdbdf8d006a8633f8cd51f75f54c7.jpg,9,0,0.0,0,0.0,0,0.0,0,0.0,1,0.0034881891055192683,0,0.0,3,0.029314615517879478
09002200001503131030055796P_1295568000_483829700_jpg.rf.a81853d6219e627e1dd4cd78886eacdf.jpg,4,1,0.035183166881250824,1,0.01953257889621456,0,0.0,0,0.0,0,0.0,0,0.0,2,0.0007058482039519732
09002200001503270203447806P_1294730300_483953100_jpg.rf.c8f5466c78688c494fda704ed4d64129.jpg,5,1,0.021496748721474425,0,0.0,0,0.0,0,0.0,0,0.0,0,0.0,2,0.0015963663503066527
09002200001503290305417016P_1294922500_483573100_jpg.rf.7598e447898612cb630fa0287cd2deb2.jpg,9,0,0.0,0,0.0,0,0.0,0,0.0,0,0.0,0,0.0,1,0.00016355353236860993
09002200001504060306140736P_1293931000_483851900_jpg.rf.5f13c9019d2f865742b56d0f745e256b.jpg,2,0,0.0,0,0.0,0,0.0,0,0.0,0,0.0,2,0.12236555935915476,0,0.0
09002200001504060327569126P_1293784200_482824500_jpg.rf.6472eba083970edcb59f8ae7ccaf4346.jpg,7,0,0.0,0,0.0,2,0.015299248925075523,0,0.0,0,0.0,1,0.006249501692091144,0,0.0
09002200001504060341375296P_1293960100_483858000_jpg.rf.6b8897ee40b37526b34cecc497059bea.jpg,7,0,0.0,0,0.0,0,0.0,0,0.0,0,0.0,1,0.006912540578571225,0,0.0
09002200001504130345205677E_1295788800_483312600_jpg.rf.7bf6d118ea071cede5fadebed097695b.jpg,2,3,0.07183529545706735,0,0.0,0,0.0,0,0.0,0,0.0,0,0.0,0,0.0
09002200001504130523409576P_1294007500_483660400_jpg.rf.a53c745ba2a359a485f1d76c7d3c8137.jpg,4,0,0.0,3,0.08329187773102605,0,0.0,0,0.0,0,0.0,0,0.0,1,0.000996019526555756
09002200001504160312398576P_1294446600_483095700_jpg.rf.f606fedbbd9db75ec08de04518ad07ef.jpg,6,0,0.0,0,0.0,1,0.006208327135805119,0,0.0,0,0.0,1,0.02200099848721038,0,0.0
09002200001504160317023296P_1294450300_483440000_jpg.rf.7fdc40890f1f448508c12603ddfa03ff.jpg,7,0,0.0,0,0.0,0,0.0,0,0.0,0,0.0,2,0.021094292964453396,1,0.0007334725796863495
09002200001504160317100986P_1294451600_483450500_jpg.rf.5b9f0a5cef6320ba050d2deeb556fe68.jpg,3,0,0.0,0,0.0,1,0.037736580270552614,0,0.0,0,0.0,0,0.0,0,0.0
09002200001504160318594066P_1294557300_483546300_jpg.rf.e3fdab30f8089ac89cfdc843a30b9499.jpg,6,0,0.0,1,0.007212623945633823,0,0.0,0,0.0,0,0.0,0,0.0,0,0.0
09002200001504160328303356P_1295170300_483704600_jpg.rf.396066361d53d14251d7819e85cb36a3.jpg,1,1,0.19695049407515172,0,0.0,0,0.0,0,0.0,0,0.0,0,0.0,0,0.0
09002200001504160331482026P_1295433200_483719300_jpg.rf.f56ea105bfe0044c04f24ea12631cc4a.jpg,3,0,0.0,0,0.0,0,0.0,0,0.0,1,0.04867000995820945,0,0.0,1,0.005756040930214113
0900220000150504021829578T5_1295832900_482342000_jpg.rf.2cb11e28fb35f7cf12253eb7eb38a253.jpg,3,0,0.0,3,0.11929187209729093,0,0.0,0,0.0,1,0.0012643630244565428,0,0.0,0,0.0
09002200001505040440203022M_1294439900_482566300_jpg.rf.f03aae46044bc4f666efc0db9b1b9c4a.jpg,3,0,0.0,0,0.0,1,0.040848108444322406,0,0.0,0,0.0,0,0.0,0,0.0
09002200001505040441345572M_1294439800_482460100_jpg.rf.df0e3c84fcd2f6107c4ac865493f50a6.jpg,5,0,0.0,1,0.010434190013620533,0,0.0,0,0.0,0,0.0,0,0.0,0,0.0
09002200001505070535377282M_1295360000_483106700_jpg.rf.128d418ab241ca25f2a1090cc29645e3.jpg,4,0,0.0,0,0.0,3,0.07656367715141865,0,0.0,0,0.0,0,0.0,0,0.0
0900220000150516040328729A6_1293944700_483229100_jpg.rf.b470b285ce8cd7d0a0ef74ad2a5f9504.jpg,5,0,0.0,2,0.060155139250919094,0,0.0,0,0.0,1,0.004429538922659617,0,0.0,2,0.0016770242849679616
0900220000150516040455983A6_1293946900_483229100_jpg.rf.959df9944e3c42633b001748d3092e7a.jpg,2,1,0.0631321679126529,0,0.0,0,0.0,0,0.0,0,0.0,0,0.0,2,0.0006022655780452671
0900220000150516062826241A6_1293916600_483091900_jpg.rf.2105852c5111696e0e7cc1c465a7692b.jpg,8,0,0.0,2,0.010969865500737815,0,0.0,0,0.0,0,0.0,0,0.0,3,0.002095757500633227
0900220000150516062853174A6_1293920100_483096900_jpg.rf.ecbb067570f7d29dabdb9c0e4d9446d7.jpg,6,0,0.0,0,0.0,0,0.0,0,0.0,1,0.029733301978721958,0,0.0,2,0.00398211804196762
0900220000150516062904110A6_1293913300_483096900_jpg.rf.42b1eca27cf935c8ddfeb375841b32f7.jpg,4,0,0.0,1,0.022651496822222724,0,0.0,0,0.0,0,0.0,0,0.0,0,0.0
0900220000150516063157725A6_1293927500_483086400_jpg.rf.d05bbda9c4a18d9189d3831216d1a798.jpg,4,0,0.0,1,0.020941177207754437,0,0.0,0,0.0,0,0.0,0,0.0,0,0.0
0900220000150517025017646A6_1294115200_482944300_jpg.rf.27dcb605a87fbd43d2cadfc0ada260ad.jpg,7,0,0.0,0,0.0,0,0.0,0,0.0,1,0.00797109335209825,0,0.0,1,0.0008869883483657759
0900220000150517025057006A6_1294092200_482942100_jpg.rf.0dcda19beac495bd9d8f96fabac819e3.jpg,7,0,0.0,1,0.0011554944594138305,0,0.0,0,0.0,1,0.013090646506313988,0,0.0,2,0.003108635553853673
0900220000150517032758938A6_1294176600_482911900_jpg.rf.6b8692c93552f11b7b0ccb68a3bc3090.jpg,4,0,0.0,2,0.049653294833501616,0,0.0,0,0.0,2,0.04908082283003753,0,0.0,1,0.003913668896266245
0900220000150517040340174T5_1296129000_483090100_jpg.rf.83e1bb2ae4b1c2218575f0e4698f460f.jpg,6,0,0.0,2,0.03368130747380519,0,0.0,0,0.0,2,0.006899281953919286,0,0.0,1,0.0036368131389372138
0900220000150519061150595T5_1295975800_482820100_jpg.rf.e8036e6ef5930f31751fba682856fc68.jpg,5,0,0.0,2,0.033700241581613,0,0.0,0,0.0,0,0.0,0,0.0,1,0.00046537780581275
0900220000150519065612407A6_1294361600_482651900_jpg.rf.3a1c7c8fe5250ac7d688f36459b548aa.jpg,1,0,0.0,0,0.0,0,0.0,0,0.0,1,0.06020166813710603,0,0.0,0,0.0
0900220000150519082309101T5_1296116500_482813800_jpg.rf.f09223b547935236430e4c6ba312d9fb.jpg,8,0,0.0,0,0.0,1,0.0019127606869733427,0,0.0,0,0.0,0,0.0,0,0.0
0900220000150519083108187T5_1296125200_482813700_jpg.rf.79c80e7cb53f3261ec50b60c48463c8f.jpg,3,0,0.0,1,0.02843963063365662,0,0.0,0,0.0,0,0.0,0,0.0,0,0.0
0900220000150520072051789A6_1294845800_482434600_jpg.rf.77c75ddbb957dd6fb4c8c16800444c0d.jpg,4,0,0.0,1,0.056781479224173335,0,0.0,0,0.0,2,0.007898471990593521,0,0.0,0,0.0
0900220000150520072824615A6_1294847900_482439100_jpg.rf.f03c7011a7b83ca4cf5a540be3a968c0.jpg,5,0,0.0,3,0.0304010743736626,0,0.0,0,0.0,1,0.010173867252848403,0,0.0,0,0.0
0900220000150520072833699A6_1294847900_482445900_jpg.rf.82ee345a776001d76229f69220024016.jpg,4,0,0.0,2,0.033852929696045087,0,0.0,0,0.0,0,0.0,0,0.0,0,0.0
09002200001505250448106952M_1294470800_482822900_jpg.rf.fa0b4caf2aa0959cb8581967c4e194a0.jpg,1,0,0.0,0,0.0,0,0.0,0,0.0,1,0.06870505113880422,0,0.0,0,0.0
0900220001150513020640820T5_1296095100_482188100_jpg.rf.0c89a7edbbcd805673e52df8381023f4.jpg,7,0,0.0,0,0.0,0,0.0,0,0.0,2,0.009733398535117885,0,0.0,0,0.0
0900220001150530080842295I6_1294848400_482406900_jpg.rf.af6e59bd3e96d5e34be2bf0818d314a0.jpg,7,0,0.0,1,0.0075248942911366615,0,0.0,0,0.0,1,0.002219783849814121,0,0.0,0,0.0
09002200011601071012465027H_1294521000_484095700_jpg.rf.2af8bd6fda8dd1ee6cc90b0e1253955b.jpg,2,0,0.0,0,0.0,0,0.0,0,0.0,0,0.0,1,0.05370682779001073,0,0.0
09002200011601071014085287H_1294575800_484103800_jpg.rf.cafb5b4dfda2f257070771d48517be44.jpg,1,1,0.07259301770974161,0,0.0,0,0.0,0,0.0,0,0.0,0,0.0,0,0.0
09002200011601071016079637H_1294647300_484113800_jpg.rf.7c716568f11dbf3fd0e461959850a727.jpg,7,0,0.0,0,0.0,1,0.0009168794729703201,0,0.0,1,0.0038501819785597036,1,0.009133107999632555,0,0.0
09002200011601071027249257H_1294983000_484335900_jpg.rf.2b51477d9728e247543de63cbfdb9222.jpg,6,0,0.0,0,0.0,0,0.0,0,0.0,1,0.0094184319609371,0,0.0,0,0.0
09002200011601071036353087H_1294451000_484082200_jpg.rf.c3fd53a4db30d005c8b2518210ccb8de.jpg,6,0,0.0,0,0.0,0,0.0,0,0.0,0,0.0,1,0.012094698869377396,0,0.0
09002200011601071054033237H_1293825900_483253400_jpg.rf.9e07b84f99405bb70f3abe427b88788a.jpg,7,0,0.0,0,0.0,0,0.0,0,0.0,0,0.0,1,0.004663703989117477,0,0.0
09002200011601071300035987H_1294518300_483520500_jpg.rf.43eb3d94c86a83c06231d9d120ec7b58.jpg,2,0,0.0,0,0.0,1,0.014880516638140755,0,0.0,0,0.0,1,0.09596014930030833,0,0.0
09002200011601071300497387H_1294577000_483563400_jpg.rf.c541c786e20ed23ee76edeec4fe7b774.jpg,4,0,0.0,0,0.0,1,0.029933433899905132,0,0.0,0,0.0,0,0.0,0,0.0
09002200011601071427236287H_1294212700_483952300_jpg.rf.ac5af427a37e9be88f31eeefea5962c8.jpg,7,0,0.0,1,0.00971338102877781,2,0.00483352813785131,0,0.0,0,0.0,0,0.0,0,0.0
09002200011601091159343298E_1295431800_483723000_jpg.rf.005a3ef2d41e72210b80cb1b195c1f38.jpg,7,0,0.0,0,0.0,2,0.022173125055578564,0,0.0,0,0.0,2,0.007120033201795195,0,0.0
09002200011601091200028838E_1295396800_483720500_jpg.rf.cf87055cceea8d2311d1b8f1082c0142.jpg,3,0,0.0,1,0.05631958652747929,2,0.06862371801967583,0,0.0,0,0.0,0,0.0,1,0.0034250186125882463
09002200011601091205150898E_1295048100_483701700_jpg.rf.5f48ab089d144fa605691c28d9d59571.jpg,6,0,0.0,0,0.0,1,0.01561814703818527,0,0.0,0,0.0,1,0.0009265897530997335,0,0.0
09002200011601091205179878E_1295044900_483701600_jpg.rf.0beb6a64e168875a38ecdd76dd60511e.jpg,4,0,0.0,1,0.03708469677136238,1,0.0008943826438371616,0,0.0,0,0.0,0,0.0,0,0.0
09002200011601091209260368E_1294788200_483696500_jpg.rf.6a905a64064a5968ffd259e6e31c1ed1.jpg,7,0,0.0,0,0.0,3,0.019705366073444575,0,0.0,0,0.0,0,0.0,0,0.0
09002200011601091209504288E_1294761700_483696100_jpg.rf.613ffebb6178f8cc2716d6a47806321e.jpg,6,0,0.0,0,0.0,3,0.03784176337198461,0,0.0,0,0.0,2,0.02385150688136835,0,0.0
09002200011601091210365618E_1294709200_483691400_jpg.rf.7e7d8de2f48963613516a1faf04ce711.jpg,1,0,0.0,0,0.0,0,0.0,0,0.0,0,0.0,1,0.10827586051595972,0,0.0
09002200011601091218010828E_1294664900_483666400_jpg.rf.a6d945ef9f9095c2937254b2fcba033d.jpg,8,0,0.0,1,0.0007810171496385035,3,0.010939475935747397,0,0.0,0,0.0,0,0.0,0,0.0
09002200011601091218022338E_1294666200_483667400_jpg.rf.0bae70aec92b65618009c9ddb943390b.jpg,7,0,0.0,0,0.0,4,0.02877529527144361,0,0.0,0,0.0,0,0.0,0,0.0
09002200011601091219404888E_1294761100_483693100_jpg.rf.b968578cf7a2dbe0c526779bb341e8cb.jpg,2,0,0.0,0,0.0,1,0.06823319195522569,0,0.0,0,0.0,0,0.0,0,0.0
09002200011601091225586548E_1295146800_483703400_jpg.rf.6927032f93cbefe820c76284b94904f3.jpg,6,0,0.0,0,0.0,1,0.004374272671298058,0,0.0,0,0.0,1,0.02556322805777427,0,0.0
09002200011601091226004618E_1295148500_483703600_jpg.rf.2408411edf2dfa3751615378e3460f23.jpg,4,0,0.0,0,0.0,1,0.045980725668923694,0,0.0,0,0.0,1,0.0044674805977507415,0,0.0
09002200011601100834215078E_1294899000_484169800_jpg.rf.c82acb0b7c0ce643363fd2c98cea4633.jpg,6,0,0.0,0,0.0,1,0.014453153956737878,0,0.0,0,0.0,0,0.0,0,0.0
09002200011601100834235288E_1294895900_484169200_jpg.rf.2e41be2254c367201d96eb41ab8a7d83.jpg,7,0,0.0,0,0.0,1,0.005750743328126191,0,0.0,0,0.0,0,0.0,0,0.0
09002200011601100837157068E_1294651800_484119000_jpg.rf.879472cdaf4769b385eaaa9e8058938c.jpg,6,0,0.0,1,0.010614866927426192,0,0.0,1,0.0001971284841056331,0,0.0,0,0.0,0,0.0
09002200011601101150549932L_1295622300_483412400_jpg.rf.cb08c430c0e1d54f0fdc194429828db5.jpg,5,0,0.0,0,0.0,2,0.03244282821191519,0,0.0,0,0.0,2,0.04568252435088652,0,0.0
09002200011601101153084367H_1293844400_483256400_jpg.rf.2f353c220f5af2eb0c76a8b9e90fdc6b.jpg,2,0,0.0,1,0.03501097246300103,0,0.0,0,0.0,0,0.0,0,0.0,0,0.0
09002200011601101158189887H_1293854300_483765200_jpg.rf.ffea2d1cdd5cb5b107725a7024e423e1.jpg,9,0,0.0,0,0.0,0,0.0,0,0.0,0,0.0,0,0.0,1,0.0006974110286728319
09002200011601101158239657H_1293853900_483755500_jpg.rf.d0b15e9df285d3d38deeb55b30adfeae.jpg,8,0,0.0,0,0.0,1,0.0029216620824627144,0,0.0,0,0.0,1,0.002310313855432469,0,0.0
09002200011601101314056038E_1295568200_483446500_jpg.rf.3ae493a629677261114ccedf58ac6a75.jpg,5,0,0.0,1,0.013007657008515708,0,0.0,0,0.0,0,0.0,0,0.0,0,0.0
09002200011601101348084402L_1295017800_483429800_jpg.rf.57e9852533e24391c63d884e846b9384.jpg,4,0,0.0,0,0.0,1,0.03185641596253845,0,0.0,0,0.0,0,0.0,0,0.0
09002200011601101348212362L_1295032300_483430400_jpg.rf.8f901c08e77fcda57ede3ebc7a9073c2.jpg,6,0,0.0,0,0.0,4,0.03615137262156165,0,0.0,0,0.0,0,0.0,0,0.0
09002200011601101348337912L_1295049400_483431000_jpg.rf.7728c5a4e839984a74ed1d9027038b3c.jpg,6,0,0.0,1,0.0019301266969705467,2,0.02335431451763498,0,0.0,0,0.0,1,0.013324175879267841,0,0.0
09002200011601101348371842L_1295053900_483431000_jpg.rf.f32e24dcda309cba6020ca16ca332278.jpg,8,0,0.0,0,0.0,2,0.004354009445032716,0,0.0,0,0.0,0,0.0,0,0.0
09002200011601101348396112L_1295057200_483431200_jpg.rf.d0a73dcf9b63a8be760e6e59adef534d.jpg,9,0,0.0,0,0.0,2,0.004710385405956009,1,8.272639959159169e-05,0,0.0,0,0.0,1,0.0007548449499881826
09002200011601101348504722L_1295071400_483431800_jpg.rf.0ee5478f1cc51545784c54dafb74bf4d.jpg,6,0,0.0,0,0.0,2,0.02189422302874164,0,0.0,0,0.0,0,0.0,0,0.0
09002200011601101349155812L_1295103900_483433100_jpg.rf.32bf34fe0e30991edc12c011a9449ba3.jpg,6,0,0.0,0,0.0,1,0.009871643260703422,0,0.0,0,0.0,0,0.0,0,0.0
09002200011601101350182302L_1295180900_483434100_jpg.rf.de3f55402ae57b6d33eb2551e99f4f50.jpg,2,0,0.0,0,0.0,0,0.0,0,0.0,0,0.0,1,0.0522425469393329,0,0.0
09002200011601101350436932L_1295212100_483434500_jpg.rf.efacbb5ba4e7d665c07cd1760ba03749.jpg,7,0,0.0,0,0.0,1,0.004380021641554774,0,0.0,0,0.0,0,0.0,0,0.0
09002200011601101350551432L_1295225800_483434600_jpg.rf.268b375ac025b97e5b5087ba2f8db7f0.jpg,6,0,0.0,0,0.0,1,0.024839730196877085,0,0.0,0,0.0,0,0.0,1,0.00031541061251118665
09002200011601101355173072L_1295541600_483445400_jpg.rf.a865364b4600ea25d04c9c0283425ef2.jpg,8,0,0.0,0,0.0,3,0.013153369744571819,0,0.0,0,0.0,0,0.0,1,0.0008062861890721252
09002200011601101356208642L_1295632600_483450200_jpg.rf.749da031de69abdc1cd2e306154262a4.jpg,6,0,0.0,0,0.0,1,0.009036821658178264,0,0.0,0,0.0,0,0.0,0,0.0
09002200011601101357065022L_1295690000_483453100_jpg.rf.6f8cdd8d5ad66b2806c393b107cce87c.jpg,4,0,0.0,1,0.02008595911195699,0,0.0,0,0.0,0,0.0,0,0.0,0,0.0
09002200011601101357076032L_1295691400_483453100_jpg.rf.3cca819cdeb5710afd91a6d0fdb952c4.jpg,2,0,0.0,0,0.0,0,0.0,0,0.0,0,0.0,1,0.06804376279726959,0,0.0
09002200011601101357311892L_1295718900_483454500_jpg.rf.19097ead88bd4291b4e042dd709cafe0.jpg,6,0,0.0,1,0.010394520462386935,1,0.018485257917018317,0,0.0,0,0.0,1,0.0047708878736011685,0,0.0
09002200011601101357369432L_1295726300_483454900_jpg.rf.91ef2e3ae2dae1303ff3479bb3fce906.jpg,8,0,0.0,0,0.0,2,0.0060251029600476595,0,0.0,0,0.0,0,0.0,0,0.0
09002200011601101401227072L_1295946100_483462800_jpg.rf.17ddf34adfa6bf095949580a1aa6cecf.jpg,2,1,0.09055208703744487,0,0.0,2,0.0038203768506718918,0,0.0,0,0.0,0,0.0,1,0.00021481510084413725
09002200011601101410231012L_1295671400_483454100_jpg.rf.e7e99220b2537ee3476ddc0268b276d7.jpg,7,0,0.0,0,0.0,1,0.006443851415378958,0,0.0,1,0.003933204745899264,1,0.002139773439307633,0,0.0
09002200011601101412284782L_1295551400_483447800_jpg.rf.ff4d2df862ef79a231713ab47275fca0.jpg,3,0,0.0,1,0.06783582583637326,1,0.0040242862580998915,0,0.0,1,0.005687480657234119,0,0.0,0,0.0
09002200011601101412374802L_1295543900_483447400_jpg.rf.cd98d23ff75d0fc9a13064daff75c945.jpg,6,1,0.010401645966630894,1,0.008686133391688604,1,0.001758206596432501,0,0.0,0,0.0,0,0.0,0,0.0
09002200011601101413497712L_1295475100_483443100_jpg.rf.778d148706d87bcc716d21d1a42455c7.jpg,8,0,0.0,1,0.0014010719426369178,1,0.004058347730751848,0,0.0,0,0.0,0,0.0,0,0.0
09002200011601101413509452L_1295473900_483443000_jpg.rf.14da0105752475cc1f7d0fd0e8ad605d.jpg,4,0,0.0,0,0.0,1,0.026941915249562954,0,0.0,0,0.0,0,0.0,0,0.0
09002200011601101414345012L_1295421300_483440700_jpg.rf.6a6f832f857786d4e7e83587c2749450.jpg,5,0,0.0,0,0.0,3,0.06580045998302918,0,0.0,0,0.0,1,0.003901185970203187,0,0.0
09002200011601121106002432L_1295803600_483185600_jpg.rf.bd981b45980950062df1169aa9f4a089.jpg,8,0,0.0,1,0.0034300473512121244,0,0.0,0,0.0,0,0.0,0,0.0,1,0.004398590376786151
09002200011601121240498949S_1293761500_482820400_jpg.rf.43034f1ad9bea565d810c6bb4d9befda.jpg,6,0,0.0,0,0.0,0,0.0,0,0.0,0,0.0,1,0.011665457645285641,0,0.0
09002200011601121241010829S_1293750000_482822900_jpg.rf.8baab41a7fceac37b451372006b9bf55.jpg,8,0,0.0,0,0.0,1,0.0023803278944797023,0,0.0,0,0.0,0,0.0,0,0.0
09002200011601121245563052L_1295932000_483238200_jpg.rf.d3b11330280a755da334b161fd26c56f.jpg,4,0,0.0,5,0.10174078970142089,0,0.0,0,0.0,0,0.0,0,0.0,1,0.0012330766536251757
09002200011601121245583002L_1295932100_483236800_jpg.rf.e75b41eb0508c1b88731f6b4c700fc4c.jpg,8,0,0.0,1,0.004315772376357927,0,0.0,0,0.0,0,0.0,0,0.0,2,0.0010469397618999225
09002200011601121328393919S_1293771000_482803200_jpg.rf.82ee1d43520376bf40bf62ed514a8843.jpg,6,0,0.0,0,0.0,0,0.0,0,0.0,0,0.0,1,0.008899667097985004,0,0.0
09002200011601131334299738O_1295995600_481847200_jpg.rf.efe037cd16be1613ec9d9b6c36babca0.jpg,7,0,0.0,0,0.0,0,0.0,0,0.0,0,0.0,1,0.003586515075730859,0,0.0
09002200011601131335138519S_1294452800_482843800_jpg.rf.10a0c00a8801da177caf64793268d0b7.jpg,6,0,0.0,0,0.0,2,0.01941759118716277,0,0.0,0,0.0,3,0.04500965350119765,0,0.0
09002200011601131341360348O_1295292500_481749600_jpg.rf.f5e70cf734f6967e14bb481028eff66d.jpg,6,0,0.0,1,0.01646517480685361,1,0.01241583180174075,0,0.0,0,0.0,2,0.006730371518374342,0,0.0
09002200011601131342452108O_1295254300_481735400_jpg.rf.8ad39a5f7ef718a76c5ed35e7805071d.jpg,5,0,0.0,0,0.0,1,0.021899923865339597,0,0.0,0,0.0,0,0.0,0,0.0
09002200011601131342465958O_1295253300_481735000_jpg.rf.6836fa69c85ba564c3a428641bcb1e14.jpg,2,0,0.0,0,0.0,3,0.1907702730528126,0,0.0,0,0.0,0,0.0,0,0.0
09002200011601131343435538O_1295237100_481729300_jpg.rf.3e0a4ba374456f53cf0d317864360ce3.jpg,6,0,0.0,0,0.0,1,0.002799047506414354,0,0.0,0,0.0,1,0.014162239076495099,0,0.0
09002200011601131409167248O_1295532900_481837600_jpg.rf.169393f57e29c6adb5d2119bc8686b68.jpg,6,0,0.0,0,0.0,1,0.017457081658308192,0,0.0,0,0.0,2,0.020412490522924133,0,0.0
09002200011601131409411708O_1295577800_481843400_jpg.rf.9a4147ff6e2d1f4ac29bef2bc1477806.jpg,7,0,0.0,0,0.0,1,0.0019030843448308587,0,0.0,0,0.0,3,0.014297014172370826,0,0.0
09002200011601141019420417O_1295152200_481908400_jpg.rf.b8ad8ffdb7a9f76bbb9b94abf95e05b5.jpg,1,1,0.20475195420477804,0,0.0,0,0.0,0,0.0,0,0.0,0,0.0,0,0.0
09002200011601141246187979S_1293872600_481700500_jpg.rf.bb59145cd39d624c638a5389612d9f18.jpg,6,0,0.0,1,0.005629371399036245,1,0.006821807216874736,0,0.0,0,0.0,0,0.0,0,0.0
09002200011601141246252039S_1293879900_481695300_jpg.rf.88098dacec5bd9d20154a90740e78689.jpg,1,1,0.1620891528291122,1,0.015436839825679293,0,0.0,0,0.0,0,0.0,0,0.0,0,0.0
09002200011601141309576709S_1293909600_481676000_jpg.rf.a3e2b2006c6dd1121c82651b89efc2dc.jpg,2,0,0.0,1,0.043490035104292134,0,0.0,0,0.0,0,0.0,0,0.0,0,0.0
09002200011601141310229039S_1293939800_481698300_jpg.rf.c65cbde91bed02af36305df2e0067258.jpg,1,0,0.0,0,0.0,1,0.12299623098475194,0,0.0,1,0.020958496191815355,0,0.0,0,0.0
09002200011601151221083968O_1295265400_481749600_jpg.rf.d7da2e7f1248e32fe6a507237eb714c9.jpg,5,0,0.0,0,0.0,0,0.0,0,0.0,2,0.02517683084136479,0,0.0,0,0.0
09002200011601151230198438O_1295263400_481864400_jpg.rf.cb5ce59de6ab618d8a651a961667bcc1.jpg,5,0,0.0,0,0.0,2,0.025743245691264748,0,0.0,0,0.0,1,0.047941346360494144,0,0.0
09002200011601151445187598O_1295281200_481547800_jpg.rf.1fe2123986c6e9a236e5c6467a1c70e4.jpg,5,0,0.0,1,0.0045503320296029414,0,0.0,3,0.025806807957051203,0,0.0,0,0.0,0,0.0
09002200011601151536366528O_1295229200_481718200_jpg.rf.dfa8888884a62dc0148b86de0e70d6b5.jpg,5,0,0.0,0,0.0,0,0.0,0,0.0,1,0.010265894981248493,0,0.0,0,0.0
09002200011601151538405608O_1295243500_481662500_jpg.rf.c201bc3f68ea2ffd4c843761f7b505b5.jpg,3,0,0.0,0,0.0,0,0.0,0,0.0,2,0.05804286401081981,0,0.0,0,0.0
09002200011601151538576048O_1295243200_481653000_jpg.rf.c8c8753380e3bd432a93d108455e1b64.jpg,4,0,0.0,0,0.0,1,0.12341372961075192,0,0.0,0,0.0,4,0.027716353224404893,0,0.0
09002200011601151540540808O_1295242900_481605400_jpg.rf.fc88061620c38d688c92f57b6a7a5a27.jpg,6,0,0.0,0,0.0,2,0.007017416397288796,0,0.0,0,0.0,1,0.0373404986359742,0,0.0
09002200011601151542590868O_1295242600_481567800_jpg.rf.b7015a990361448c15731dfc8c104a4b.jpg,4,0,0.0,0,0.0,3,0.1236471548195476,0,0.0,0,0.0,1,0.00021823264255544929,0,0.0
09002200011601151545355848O_1295242000_481510300_jpg.rf.1eec818550d0529fa8b9f5dcef823244.jpg,6,0,0.0,0,0.0,1,0.0027884006851309094,0,0.0,0,0.0,1,0.023565926908518123,0,0.0
09002200011601251352249002L_1296214400_483058900_jpg.rf.e8a99ccb36477e8d1b5461b733e692ba.jpg,2,0,0.0,0,0.0,0,0.0,0,0.0,1,0.035259202418033056,0,0.0,0,0.0
09002200011601271522495712Q_1295823000_482333800_jpg.rf.eabfc494eb0aee071d7c12b2dbc45d5a.jpg,1,1,0.11670047562233776,0,0.0,0,0.0,0,0.0,0,0.0,0,0.0,1,0.0024199002438672324
09002200011602011311213282Q_1295965400_483463600_jpg.rf.734edeef13268a50376add5a9594bd3f.jpg,5,0,0.0,1,0.015210431607847585,0,0.0,0,0.0,0,0.0,0,0.0,0,0.0
09002200011602031543212452Q_1295354200_482020300_jpg.rf.f66af96c23826d95f70ca903c782742c.jpg,6,0,0.0,0,0.0,1,0.01310744502770829,0,0.0,0,0.0,0,0.0,0,0.0
09002200011602161108596192K_1294864800_484750600_jpg.rf.52038d42759233673a6c0458ce25fa1d.jpg,5,0,0.0,4,0.05849904191863513,0,0.0,0,0.0,1,0.011262206659284894,0,0.0,0,0.0
09002200011602161459341322K_1294636400_484562000_jpg.rf.a49803d771cb3607b4ebd9f2afb35e1c.jpg,3,0,0.0,1,0.030167669321426713,0,0.0,0,0.0,0,0.0,0,0.0,0,0.0
09002200011602191256507532M_1296227900_482190000_jpg.rf.b4f7766284d169897e2056ea282a4514.jpg,8,0,0.0,1,0.003021826452732057,0,0.0,0,0.0,0,0.0,0,0.0,1,0.0014955643764096754
09002200011602201358379072Q_1296001200_482820000_jpg.rf.d1524cb016c38579fdc9007e25e97e44.jpg,7,0,0.0,1,0.006250207334232982,0,0.0,0,0.0,2,0.0075347019178252615,0,0.0,1,0.0006180055775075743
09002200011602201358397792Q_1296000100_482820000_jpg.rf.cc6a44bc1793b047e3b110eac302751f.jpg,9,0,0.0,0,0.0,0,0.0,0,0.0,0,0.0,0,0.0,1,0.00043788844024674823
09002200011602210954079752L_1296342900_483075200_jpg.rf.85cd784f52b351262aaefaf6468041e2.jpg,1,1,0.05472095029502725,0,0.0,1,0.02130678375979187,0,0.0,0,0.0,0,0.0,0,0.0
09002200011602210954093472L_1296342900_483076700_jpg.rf.6cf6ce4c3076e2e6a4e5720701421128.jpg,1,1,0.08789827368422266,0,0.0,0,0.0,0,0.0,0,0.0,0,0.0,0,0.0
09002200011602211431225892Q_1296407900_482358500_jpg.rf.de09d77ddf5e9daedd1e67b5ec0be4a9.jpg,5,0,0.0,0,0.0,0,0.0,0,0.0,1,0.01014425414869038,0,0.0,0,0.0
09002200011706120823208941M_1294464800_484900000_jpg.rf.727b2130025dc323981e869263181a7a.jpg,6,0,0.0,0,0.0,0,0.0,0,0.0,2,0.015334945244194396,0,0.0,0,0.0
09002200011706120846586671M_1294452200_485183200_jpg.rf.b482540dc07112e78bf3791b300af1f4.jpg,7,0,0.0,0,0.0,0,0.0,0,0.0,1,0.0027912394013219453,0,0.0,0,0.0
09002200011706120918295082B_1294926200_484343100_jpg.rf.ae25e3d3b48b9390d880ccb375a3c05b.jpg,5,0,0.0,1,0.0847717625761726,0,0.0,0,0.0,3,0.027700645832283013,0,0.0,3,0.0025332580946951597
09002200011706120944012422B_1295050800_484096300_jpg.rf.49a22a6e97c1626c04261332d1e896d3.jpg,6,0,0.0,0,0.0,1,0.005679109814336698,0,0.0,1,0.024629976926476,0,0.0,1,0.00021121641775152965
09002200011706120944107972B_1295060800_484095200_jpg.rf.232f58ec4314c8071c105785b8e30fa9.jpg,6,0,0.0,2,0.0051643226622593375,0,0.0,0,0.0,1,0.021192684368360235,0,0.0,1,0.0019713255991268856
09002200011706121027196258D_1294679600_484369400_jpg.rf.f23702ae85d66ed00d0717452cdfacb5.jpg,1,1,0.15365636426302445,0,0.0,0,0.0,0,0.0,1,0.003699701241821458,0,0.0,2,0.00033222698598365266
09002200011706121030394528D_1294683300_484349900_jpg.rf.7fe0457088f8a4d00979e15913f1f60b.jpg,1,1,0.17998276795781978,0,0.0,0,0.0,1,0.0006614589286982664,0,0.0,0,0.0,1,0.0033899091590137687
09002200011706121030495558D_1294684500_484343200_jpg.rf.cede5585a60413a231d4aba594667cd0.jpg,1,1,0.20998977499859398,0,0.0,0,0.0,0,0.0,0,0.0,0,0.0,0,0.0
09002200011706121037121488D_1294687200_484321800_jpg.rf.81ec29562da4e05b2f3c6cf2a7482569.jpg,5,0,0.0,1,0.02498317942424136,0,0.0,0,0.0,1,0.004688890579786858,0,0.0,0,0.0
09002200011706121039024588D_1294692500_484299600_jpg.rf.5e18bd71e761de85cfabc813bad22f03.jpg,9,0,0.0,0,0.0,0,0.0,1,0.00034530197241110726,0,0.0,0,0.0,0,0.0
09002200011706121039167161M_1294408300_484857000_jpg.rf.5721692229737314d767ade5962e7b68.jpg,6,0,0.0,0,0.0,0,0.0,0,0.0,2,0.019745702496568353,0,0.0,1,0.0012784251371795107
09002200011706121039229458D_1294695700_484281700_jpg.rf.c039963a8013d9bfa0465677f896e358.jpg,1,1,0.21747334761989812,1,0.06295814724008324,0,0.0,0,0.0,0,0.0,0,0.0,1,0.00022118144979685895
09002200011706121130361392B_1295097500_483792100_jpg.rf.f855971b4cf8d682c239e9c3846808f0.jpg,5,0,0.0,0,0.0,0,0.0,0,0.0,2,0.03244921188615985,0,0.0,0,0.0
09002200011706121137538981M_1294406600_484624800_jpg.rf.d301bec9a56dac12b96cf2a9193047d9.jpg,6,0,0.0,2,0.030548406764919493,0,0.0,0,0.0,1,0.0032892530044591984,0,0.0,2,0.0025581314780720255
09002200011706121214318352B_1295106200_483674700_jpg.rf.762c0717c90e728cdbcc6319638bc205.jpg,6,0,0.0,0,0.0,0,0.0,0,0.0,1,0.01032680458874893,0,0.0,1,0.00277998815463434
09002200011706121214344942B_1295106100_483675800_jpg.rf.66e42155e0f48b7127beec34789793b9.jpg,5,0,0.0,1,0.03601910964642682,0,0.0,0,0.0,2,0.029626524577520283,0,0.0,1,0.0005431462575688783
09002200011706121223588742B_1295103800_483736200_jpg.rf.97773c4a929487947e7ee1992bf09410.jpg,7,0,0.0,0,0.0,0,0.0,0,0.0,1,0.0030211301203962415,0,0.0,0,0.0
09002200011706121224135212B_1295103400_483745100_jpg.rf.36b46936669d966ae0f91199fe935e2c.jpg,7,0,0.0,0,0.0,0,0.0,0,0.0,0,0.0,1,0.003576737028088247,0,0.0
09002200011706121615288171M_1294142900_484989500_jpg.rf.f868feaadef267e2673aaa9095222e61.jpg,3,1,0.0016742243648695876,1,0.032800057738077155,0,0.0,0,0.0,2,0.06936383074616975,0,0.0,0,0.0
09002200011706121621459058D_1294754300_484229100_jpg.rf.b16858d0f12ef3da74be232f7fb12613.jpg,2,2,0.07470827110648774,3,0.08055919370294987,0,0.0,0,0.0,0,0.0,0,0.0,0,0.0
09002200011706140947236372B_1294899200_483951300_jpg.rf.0bcf5199bde18543f0e7c1c3d50d2d6f.jpg,5,0,0.0,0,0.0,0,0.0,0,0.0,2,0.028622415364641256,0,0.0,0,0.0
09002200011706140958398182B_1294922000_483582000_jpg.rf.54b4b5180206513cd1dded3a6932ddc8.jpg,5,0,0.0,1,0.0009644597428450631,1,0.026588416951244646,0,0.0,1,0.03679940147922025,1,0.03701166449254739,1,0.0024159038107973174
09002200011706141136129872B_1294933000_484109700_jpg.rf.ff0782472fa8d4b1cef778e4b1fff56a.jpg,3,0,0.0,1,0.04240424353506569,0,0.0,0,0.0,1,0.01741898344640049,0,0.0,0,0.0
09002200011706181446495942Q_1295678700_482057900_jpg.rf.fa37da436d5ef432f0bf4fa8002e4247.jpg,1,1,0.03843621930041077,0,0.0,0,0.0,0,0.0,0,0.0,0,0.0,0,0.0
09002200011706191006576342Q_1295848100_482179000_jpg.rf.ab7f0e69d8bfd758ed583e75954309c7.jpg,1,1,0.30248606486979496,1,0.07116862472585125,0,0.0,0,0.0,0,0.0,0,0.0,0,0.0
09002200011706191104191442Q_1295758300_482320000_jpg.rf.47f450110a30051794b8c4d67f51625f.jpg,8,0,0.0,1,0.0012501490737122387,0,0.0,0,0.0,1,0.0008106901395512978,0,0.0,0,0.0
09002200121706151529375632Q_1295280300_482087100_jpg.rf.540fe29d083c7559fcd901819f177e96.jpg,5,0,0.0,1,0.013316583539108251,0,0.0,0,0.0,0,0.0,0,0.0,0,0.0
09002200121706171359284842Q_1295278700_482417200_jpg.rf.32a439eb67a39fa8d84655a3b17ba1d3.jpg,7,0,0.0,2,0.008271970892647005,0,0.0,0,0.0,1,0.005687082075273821,0,0.0,1,0.0009885178611148148
09002200121706171430038132Q_1295325300_482305200_jpg.rf.76eded14173d908006c94420fbb400a2.jpg,6,1,0.0024974594002969753,3,0.018568759816057538,0,0.0,0,0.0,1,0.018332271422514167,0,0.0,0,0.0
09002200121706211030147512I_1294748800_481066400_jpg.rf.e2dfe6cb1c0e079dd1472e4d7f3a5921.jpg,1,0,0.0,0,0.0,0,0.0,0,0.0,0,0.0,1,0.11854535838656367,0,0.0
09002200121706211156142152Q_1295445500_483054400_jpg.rf.45c30dce157cc9bda7dc366dfb5f5d6f.jpg,2,0,0.0,2,0.10968427015513499,0,0.0,0,0.0,0,0.0,0,0.0,1,0.00017786439260817133
09002200121706211156153472Q_1295445300_483055500_jpg.rf.dfc284df7a2fa9bfd28602cbc1dc4fa0.jpg,2,0,0.0,2,0.10853285298192532,0,0.0,0,0.0,0,0.0,0,0.0,1,0.0008480137321748723
09002200121706211156220132Q_1295444600_483062300_jpg.rf.54224c02dc11616846569f03079e8332.jpg,1,0,0.0,2,0.11606620375053353,0,0.0,0,0.0,0,0.0,0,0.0,0,0.0
09002200121706211156232112Q_1295444600_483063400_jpg.rf.04b9405532a702544b9b5c1a80c80572.jpg,2,0,0.0,2,0.07216520562798909,0,0.0,0,0.0,0,0.0,0,0.0,0,0.0
09002200121706211156295342Q_1295444000_483068800_jpg.rf.e3ff41384f0e466f6b5b49ac00c9ddb9.jpg,2,0,0.0,3,0.13375528588370797,0,0.0,0,0.0,0,0.0,0,0.0,0,0.0
09002200121706211156307092Q_1295443800_483069800_jpg.rf.e7e11561fe52d468586e2865a2dc02d2.jpg,2,0,0.0,2,0.07793595458345408,0,0.0,0,0.0,0,0.0,0,0.0,0,0.0
09002200121706211156333472Q_1295443500_483072100_jpg.rf.30333ea07ab6accf10518e6a1837769b.jpg,6,0,0.0,3,0.04590636009349509,0,0.0,0,0.0,0,0.0,0,0.0,2,0.00070633845391967
09002200121706211156345982Q_1295443400_483073100_jpg.rf.9640fb0aab714dbd05649f1fd841c731.jpg,7,0,0.0,2,0.014339574974001155,0,0.0,0,0.0,0,0.0,0,0.0,3,0.003188394524481737
09002200121706211156455772Q_1295442200_483084100_jpg.rf.dd2bf00d5f2d09c719e0b9af6591510c.jpg,2,0,0.0,1,0.03818964899217461,0,0.0,0,0.0,0,0.0,0,0.0,0,0.0
09002200121706211156468102Q_1295442000_483085600_jpg.rf.d7978207d5d19a5abce6bba281232701.jpg,6,0,0.0,3,0.06311709198018665,0,0.0,0,0.0,2,0.009102007672418727,0,0.0,4,0.0023910958567194027
09002200121706211156480492Q_1295441900_483087100_jpg.rf.719b8be80db970b84a90363f4d450fc9.jpg,4,0,0.0,2,0.04578943568258185,0,0.0,0,0.0,0,0.0,0,0.0,0,0.0
09002200121706211156504462Q_1295441500_483090000_jpg.rf.efbc09987207e78d20d3039deeda2477.jpg,5,0,0.0,1,0.033089038800153514,0,0.0,0,0.0,0,0.0,0,0.0,1,0.00024051862055785023
09002200121706211156529402Q_1295441200_483092700_jpg.rf.7cf63c56c34c757e47018194a092d099.jpg,6,0,0.0,1,0.005776247850526492,0,0.0,0,0.0,1,0.01360651661938387,0,0.0,0,0.0
09002200121706211156541812Q_1295441000_483094000_jpg.rf.b801aad576aa51e98b168fade3e409fc.jpg,3,0,0.0,1,0.03329394573684112,0,0.0,0,0.0,0,0.0,0,0.0,0,0.0
09002200121706211157012732Q_1295440300_483100600_jpg.rf.caab4e39e7278de7528630fb553dbd13.jpg,7,0,0.0,1,0.008267119056504263,0,0.0,0,0.0,0,0.0,0,0.0,2,0.0006664685252471225
09002200121706211157057042Q_1295439500_483104100_jpg.rf.d07c2c9e32c7d7e1e6a4185edae85453.jpg,3,0,0.0,1,0.030428504902829435,0,0.0,0,0.0,1,0.025516508212876987,0,0.0,0,0.0
09002200121706211201279132Q_1295389700_483086300_jpg.rf.16fc4e5ef36f19f266106f93b304f026.jpg,6,0,0.0,1,0.009318537271774383,0,0.0,0,0.0,1,0.0016069642447519073,0,0.0,0,0.0
09002200121706211227438992Q_1295594300_482725100_jpg.rf.390346be156364b757b453bb30d336b6.jpg,1,1,0.08251288080557746,1,0.04402631897009087,0,0.0,0,0.0,0,0.0,0,0.0,0,0.0
09002200121706211228078762Q_1295595500_482700200_jpg.rf.40d3cab3ede0130f458bd739b445433e.jpg,5,0,0.0,1,0.03482639148961425,0,0.0,0,0.0,0,0.0,0,0.0,2,0.0007759183066082187
09002200121706240923277968T_1295905500_481096400_jpg.rf.ee3e62f29c2eba4d80c7a2b3e23eaa48.jpg,5,0,0.0,0,0.0,2,0.033311117442353835,0,0.0,0,0.0,2,0.033295065313882335,0,0.0
09002200121706241147496148T_1295623800_481354000_jpg.rf.0eeba8f18a8a6e54a0998fc0b31b04fb.jpg,1,1,0.20234767553359234,0,0.0,0,0.0,0,0.0,0,0.0,0,0.0,0,0.0
09002200121706241204432229S_1294310700_482185900_jpg.rf.8377cfd07e0fafbe0b1a5ea6901111c4.jpg,1,2,0.23909832782435841,0,0.0,0,0.0,0,0.0,0,0.0,0,0.0,0,0.0
09002200121706241340354978T_1295314600_481434400_jpg.rf.32b4076e46cf401d1929e605a6ea3f7a.jpg,5,0,0.0,0,0.0,0,0.0,0,0.0,1,0.023715280410892773,0,0.0,1,0.0003205276978405891
09002200121706241610594268T_1295388100_481551400_jpg.rf.3c39b1514fb9735ab518dbfc65a58bc9.jpg,1,1,0.27726929874721007,0,0.0,0,0.0,1,0.0033266399428839577,0,0.0,0,0.0,1,0.0013692067434476485
09002200121706241738136352Q_1295384800_482539000_jpg.rf.27587dc52d558daf1f2718b2918b9e4a.jpg,3,1,0.027326555140934943,1,0.018338064940189733,0,0.0,0,0.0,0,0.0,0,0.0,0,0.0
09002200121706251031299589S_1294285600_482185000_jpg.rf.9701092e7d104360e3c845dbe0b97f7e.jpg,4,2,0.03503407723976808,0,0.0,0,0.0,1,0.0006323418151623628,1,0.01159722492302535,0,0.0,0,0.0
09002200121706251207397232Q_1295602600_482514100_jpg.rf.3d06ece025bb89e0a54872eaa3a6e7e3.jpg,6,0,0.0,1,0.006617588859253374,0,0.0,0,0.0,0,0.0,0,0.0,0,0.0
09002200121706251207429042Q_1295602700_482511700_jpg.rf.43b5b9414abc0e60ccc5bedeb0d90f87.jpg,7,0,0.0,1,0.0023889237728508296,0,0.0,0,0.0,0,0.0,0,0.0,0,0.0
09002200121706251207582722Q_1295603200_482501700_jpg.rf.453e0c20c35196227f584a5150a9399c.jpg,8,0,0.0,1,0.004016935906211074,0,0.0,0,0.0,0,0.0,0,0.0,1,0.00013853526389539183
09002200121706251257520712I_1294614900_481437500_jpg.rf.062c054a2ebeae2b8122de9b6e40c7d5.jpg,1,0,0.0,2,0.218345223664121,0,0.0,0,0.0,0,0.0,0,0.0,0,0.0
09002200121706251612435458T_1295891600_481755500_jpg.rf.0f801cb563220a7ea53ed83cc3e619d8.jpg,1,1,0.15348985806821702,0,0.0,0,0.0,2,0.0060567265526833575,0,0.0,0,0.0,0,0.0
09002200121706261121171678T_1295922500_481622100_jpg.rf.bfc21cc2301440888121f4ef62991061.jpg,5,0,0.0,1,0.02566576458352756,0,0.0,2,0.0008671584442186029,1,0.013440010498779884,0,0.0,0,0.0
09002200121706271315141538T_1295520900_481634300_jpg.rf.8f5839ecbe1f0760507e6e26a83e6877.jpg,7,0,0.0,0,0.0,0,0.0,0,0.0,1,0.00269097204274658,0,0.0,0,0.0
09002200121706271348128742I_1294376900_481548500_jpg.rf.7c7e03d995169c952486fb91332dc983.jpg,3,0,0.0,1,0.039299100547577834,0,0.0,2,0.025961437438086255,0,0.0,0,0.0,0,0.0
09002200121706271450362462I_1294335100_481580400_jpg.rf.ff2d0a8a22b3fbac7928244961b37e2a.jpg,3,0,0.0,1,0.0023783732020820026,0,0.0,1,0.003635578731773422,1,0.06943994841907171,0,0.0,0,0.0
09002200121706290904464919S_1293913300_481656900_jpg.rf.07f0d810d40cd0e22b0a0dd22c07b0b9.jpg,6,0,0.0,0,0.0,1,0.011840654425991488,0,0.0,0,0.0,0,0.0,0,0.0
09002200121706291217481228T_1295788700_481234500_jpg.rf.9e7b593490d4b2b47eaec8f501e00fbe.jpg,6,0,0.0,0,0.0,0,0.0,0,0.0,1,0.00888353880566683,0,0.0,0,0.0
09002200121706291217510388T_1295785800_481234500_jpg.rf.706561f699f7a9100747147e919632d0.jpg,2,0,0.0,2,0.05670174525850598,0,0.0,1,0.001541705704915728,1,0.09026337823524955,0,0.0,0,0.0
09002200121706291217524458T_1295784600_481234500_jpg.rf.0e46254b0f464ed3582b3e465d626c1a.jpg,4,0,0.0,2,0.058391513466558534,0,0.0,0,0.0,1,0.008133040916345636,0,0.0,0,0.0
09002200121706291253150388T_1295891300_481450300_jpg.rf.e8bea1454867560368e3685df15fc6a1.jpg,2,0,0.0,0,0.0,0,0.0,0,0.0,2,0.09065355418130586,0,0.0,0,0.0
09002200121706291253450198T_1295902600_481446200_jpg.rf.ebeb9c964bf9a913dc5570be9ee567fb.jpg,5,0,0.0,2,0.017017850322272352,0,0.0,0,0.0,4,0.0629715298058386,0,0.0,0,0.0
09002200121706291253529498T_1295912500_481442400_jpg.rf.a142ec0332dfbdeefc40af229956b50f.jpg,5,0,0.0,1,0.0037677747977249965,0,0.0,0,0.0,1,0.020957733686350365,0,0.0,0,0.0
09002200121706291253579038T_1295917400_481440300_jpg.rf.5f07d78cc972c61073d9ff87f2c8610c.jpg,1,1,0.18020231201612888,0,0.0,0,0.0,3,0.011930797768764016,0,0.0,0,0.0,0,0.0
09002200121706291322059842Q_1295580900_482589900_jpg.rf.7c6224b29fed13d0f4779fa6e3345df5.jpg,6,0,0.0,1,0.010331828926200614,0,0.0,0,0.0,1,0.0019388539863552977,0,0.0,0,0.0
09002200121706291341210768T_1295587900_481352300_jpg.rf.ae39829873787878c81086dbcf93ce5e.jpg,1,1,0.40525416346744353,0,0.0,0,0.0,0,0.0,0,0.0,0,0.0,0,0.0
09002200121706291341241068T_1295584800_481352100_jpg.rf.8694cf8221d15ddc31f37708eb736db6.jpg,1,1,0.3920836387263421,0,0.0,0,0.0,0,0.0,0,0.0,0,0.0,0,0.0
09002200121706291342173228T_1295506100_481347700_jpg.rf.cda1655f4edb267f82f9b5f0b5286237.jpg,1,1,0.2681632814883323,0,0.0,0,0.0,2,0.0025777899426520858,0,0.0,0,0.0,0,0.0
09002200121706291342214138T_1295501000_481347400_jpg.rf.e456a08e349f98cbbe71eee241d322b4.jpg,1,1,0.4395333807037787,0,0.0,0,0.0,0,0.0,0,0.0,0,0.0,0,0.0
09002200121706291431573468T_1295378900_481171300_jpg.rf.afe3d820e0a495d7f1fd6a28d339292a.jpg,9,0,0.0,0,0.0,0,0.0,0,0.0,0,0.0,0,0.0,1,0.0024019683935330247
09002200121706291603322892Q_1296206000_482535800_jpg.rf.ba4744373f66166994f57b55e18684d6.jpg,6,0,0.0,2,0.02586223511476419,0,0.0,0,0.0,0,0.0,0,0.0,1,0.00038376592619897466
09002200121706301341530322Q_1296286300_482112400_jpg.rf.77cb8082cb8997a2a838bcdfbc6c0adf.jpg,7,0,0.0,1,0.009487520839211356,0,0.0,0,0.0,0,0.0,0,0.0,2,0.0031537840425767097
09002200121707011000257502Q_1296144200_482282000_jpg.rf.76b6be3f3c60ce7b75e21ce9eca984f2.jpg,7,0,0.0,1,0.004332717199376928,0,0.0,0,0.0,0,0.0,0,0.0,0,0.0
09002200121707011004179851B_1296198700_481567800_jpg.rf.5cf7d85885d488f7cae5c23a66cad201.jpg,9,0,0.0,0,0.0,0,0.0,2,0.002182303505546772,0,0.0,0,0.0,2,0.0009495380429598299
09002200121707011050199132Q_1296057900_482352500_jpg.rf.a22e12cda36081adf87179d9efbc3289.jpg,2,1,0.022588940112482307,0,0.0,0,0.0,0,0.0,0,0.0,0,0.0,0,0.0
09002200121707020910582862Q_1296121500_482469300_jpg.rf.ef8d1c75a2eef7768f73614af8d4bcc7.jpg,9,0,0.0,2,0.0025707491291359547,0,0.0,0,0.0,0,0.0,0,0.0,1,0.001140318624315739
09002200121707020911019162Q_1296121500_482468000_jpg.rf.6d30695891553ed77cb0d810b2d984aa.jpg,6,0,0.0,1,0.005946875386780448,0,0.0,0,0.0,0,0.0,0,0.0,0,0.0
09002200121707020916552022Q_1296125500_482450000_jpg.rf.ff1ca3d1e92d5afb2308290b89614c3a.jpg,6,0,0.0,2,0.011551951081728476,0,0.0,0,0.0,0,0.0,0,0.0,0,0.0
09002200121707021213249172Q_1296202200_482391000_jpg.rf.04b8046e1b8619eef19db319846d7332.jpg,8,0,0.0,0,0.0,0,0.0,0,0.0,1,0.0025228461925416923,0,0.0,1,0.001369577987006778
09002200121707021242405272Q_1296180100_482372000_jpg.rf.0bd9f56fdda80c312553de7fa4c9ce98.jpg,9,0,0.0,0,0.0,0,0.0,0,0.0,0,0.0,0,0.0,1,0.0003288811901256883
09002200121707021247002002Q_1296055100_482407000_jpg.rf.7f1e08dd15aa408de4f1cbebe18d95c1.jpg,3,0,0.0,2,0.10487488934478388,1,0.01055951535821806,0,0.0,0,0.0,0,0.0,1,0.0006170719043439021
09002200121707021300381782Q_1296057400_482374800_jpg.rf.708d84edc5b5f22d812aa54499601b6f.jpg,8,0,0.0,0,0.0,0,0.0,0,0.0,1,0.0016501730337586196,0,0.0,0,0.0
09002200121707021319595992Q_1296199700_482451600_jpg.rf.5824848cf479f92a45f24f2898bdcedb.jpg,8,0,0.0,0,0.0,0,0.0,0,0.0,1,0.005106688351079387,0,0.0,3,0.002083317023884775
09002200121707021336063562Q_1296101900_482520700_jpg.rf.32011e016f4a5a077976adbe0cbba22c.jpg,8,0,0.0,0,0.0,0,0.0,0,0.0,1,0.0020795519925741247,0,0.0,1,0.00045270491997143834
09002200121707021453536962Q_1295974800_482482300_jpg.rf.4b6a78f501d52e0c209db4976add8262.jpg,4,0,0.0,2,0.010704731804153197,0,0.0,0,0.0,1,0.05201840322709131,0,0.0,0,0.0
09002200121707021634566082Q_1295979300_482457600_jpg.rf.f7bae06b68aeaca056324d9913a30a40.jpg,2,1,0.049654164027242625,1,0.000587238309035456,0,0.0,0,0.0,0,0.0,0,0.0,0,0.0
09002200121707021648336252Q_1296015700_482405700_jpg.rf.a0921f4e27ed530774b24ae911771c53.jpg,9,0,0.0,0,0.0,0,0.0,0,0.0,0,0.0,0,0.0,1,0.0014257183236259152
09002200121707021648482562Q_1296014900_482394600_jpg.rf.08fb2bb9c69988452195e37cde6fdfbd.jpg,6,0,0.0,1,0.0204500718588679,0,0.0,0,0.0,1,0.006378527416446218,0,0.0,1,0.00029806487826590457
09002200121707021648493822Q_1296014900_482393500_jpg.rf.29b241176819e840992c8671969818e6.jpg,5,0,0.0,1,0.028193450858434534,0,0.0,0,0.0,0,0.0,0,0.0,1,0.0011932323953806189
09002200121707021648518712Q_1296014900_482391000_jpg.rf.269e501e41ab80a77d1fb6080686a4ea.jpg,7,0,0.0,0,0.0,0,0.0,0,0.0,1,0.008363841107802729,0,0.0,1,0.0007941599224250233
09002200121707021651226852Q_1296030300_482408800_jpg.rf.7a38289fb842de9564eaa6a912a39c2f.jpg,6,0,0.0,1,0.001241180901797634,0,0.0,0,0.0,1,0.011671299785173233,0,0.0,0,0.0
09002200121707031301546682Q_1295584300_482376400_jpg.rf.b291171f7a1144e7576161f5a43086b7.jpg,6,0,0.0,2,0.017612838145141738,0,0.0,0,0.0,1,0.0060183572885375725,0,0.0,0,0.0
09002200121707031301568762Q_1295584300_482374700_jpg.rf.fdffdaab23bb2e9e87bb5babf57ca945.jpg,6,0,0.0,2,0.009584723404632314,0,0.0,0,0.0,1,0.006463019238217385,0,0.0,0,0.0
09002200121707031301597352Q_1295584200_482372700_jpg.rf.138091d7d4a907d19f24cd55dc5046e8.jpg,6,0,0.0,1,0.008107567312745232,0,0.0,0,0.0,0,0.0,0,0.0,0,0.0
09002200121707031302141372Q_1295584000_482363200_jpg.rf.05c622c2dfdd37c721d9873fcabde5d6.jpg,2,0,0.0,1,0.0388735625393565,0,0.0,0,0.0,0,0.0,0,0.0,0,0.0
09002200121707031359295578T_1295674700_480945000_jpg.rf.455daad43442ff01217d7321d449356f.jpg,1,1,0.03604429907318263,0,0.0,0,0.0,0,0.0,0,0.0,0,0.0,0,0.0
09002200121707031400307308T_1295679400_480866700_jpg.rf.e4cf72c98b528004d4cc35dba1d6aac5.jpg,1,1,0.4313488170271558,0,0.0,0,0.0,0,0.0,0,0.0,0,0.0,0,0.0
09002200121707031400366708T_1295679700_480857600_jpg.rf.1516cdefbf368fbd40295d22ea541b35.jpg,1,1,0.4204667720057478,0,0.0,0,0.0,0,0.0,0,0.0,0,0.0,0,0.0
09002200121707031400420208T_1295680100_480849100_jpg.rf.9b20ccdd0b0b056a943b5d30a94ab55e.jpg,1,1,0.42302239596850993,0,0.0,0,0.0,0,0.0,0,0.0,0,0.0,0,0.0
09002200121707031400520208T_1295681100_480832200_jpg.rf.14d339b9769e55e379a797036e9e5429.jpg,1,1,0.41066552630766184,0,0.0,0,0.0,0,0.0,0,0.0,0,0.0,0,0.0
09002200121707031401000768T_1295682100_480817200_jpg.rf.97887751cf2d7eefaaf9412cccbba9db.jpg,1,1,0.4175797498905013,0,0.0,0,0.0,0,0.0,0,0.0,0,0.0,0,0.0
09002200121707031401176158T_1295685000_480801700_jpg.rf.1592e9bcaba3e597567da4c534c3975b.jpg,1,1,0.4211034392579313,0,0.0,0,0.0,0,0.0,0,0.0,0,0.0,0,0.0
09002200121707031401258298T_1295689200_480795400_jpg.rf.2da6d0012b83a65ef4ab84bfc75f2d04.jpg,1,1,0.4107114933847924,0,0.0,0,0.0,0,0.0,0,0.0,0,0.0,0,0.0
09002200121707031512042888T_1295875200_480921800_jpg.rf.3e06703a9e6cd9a13858e23c7793c1ed.jpg,5,0,0.0,0,0.0,0,0.0,2,0.01864536353452425,0,0.0,0,0.0,0,0.0
09002200121707031512131072B_1294645800_481541000_jpg.rf.1b99a207b5cd629c5b13f8677be9a76b.jpg,6,0,0.0,1,0.012066051769506885,0,0.0,0,0.0,1,0.0035515528617725066,0,0.0,0,0.0
09002200121707051454456142B_1294702100_482074700_jpg.rf.919a884dd8320693425a8256ede53f4e.jpg,4,1,0.018347570476853436,1,0.03675981317786407,0,0.0,2,0.00549041604705053,0,0.0,0,0.0,0,0.0
09002200121707071017147622B_1294634200_482101200_jpg.rf.44beae8200f8c92402224972d5352d3e.jpg,7,0,0.0,0,0.0,0,0.0,2,0.007015067451243343,0,0.0,0,0.0,1,0.002016759738517073
09002200121707071034200958D_1294982400_481604900_jpg.rf.37d63d53c87fe78bf195e89f97ceeb24.jpg,7,0,0.0,0,0.0,0,0.0,0,0.0,1,0.008328869424808545,0,0.0,1,0.0020719990168800062
09002200121707071226389218D_1294852600_481921100_jpg.rf.0b6fe8f2b0c559f574e0fd4da18ce1b1.jpg,7,0,0.0,0,0.0,0,0.0,0,0.0,1,0.0024170186452101773,0,0.0,0,0.0
09002200121707071226439528D_1294853100_481917400_jpg.rf.9e2fd04b4b4b7fa968de7be260ed9db4.jpg,6,0,0.0,0,0.0,0,0.0,0,0.0,1,0.007414125218019765,0,0.0,0,0.0
09002200121707071227296718D_1294854700_481925700_jpg.rf.ea2c32eee40d0544d696f3e3a3f78367.jpg,4,0,0.0,0,0.0,0,0.0,0,0.0,1,0.02163111548436973,0,0.0,0,0.0
09002200121707071227594068D_1294856400_481933900_jpg.rf.d2f3865bc5822aa32c6822a24c1b6f33.jpg,2,0,0.0,0,0.0,0,0.0,0,0.0,2,0.07258878935660044,0,0.0,0,0.0
09002200121707071228362038D_1294853300_481928100_jpg.rf.d49c1eabb4e0d5a70c2d91f37836f746.jpg,3,0,0.0,0,0.0,0,0.0,0,0.0,1,0.023939242597225532,0,0.0,0,0.0
09002200121707071259275918D_1294705500_481822400_jpg.rf.fa202d7174cf42941cc57b1aa2fb3e78.jpg,1,1,0.17925993388117603,0,0.0,0,0.0,0,0.0,0,0.0,0,0.0,0,0.0
09002200121707071448462152B_1294493500_481959600_jpg.rf.8e4a8f31be6a5b7236ab7ac0f179d513.jpg,5,0,0.0,0,0.0,0,0.0,0,0.0,0,0.0,1,0.03427024875142251,1,0.0002967420751156176
09002200121707071549276332Q_1296033900_482451100_jpg.rf.789b1e24341f66815b3f73a6bd5bb433.jpg,5,0,0.0,0,0.0,0,0.0,0,0.0,1,0.010070800440096263,0,0.0,0,0.0
09002200121707071701326252Q_1295878600_482497200_jpg.rf.2dadc18916b93cc405c77a1a081310d5.jpg,7,0,0.0,1,0.004326390653877752,0,0.0,0,0.0,0,0.0,0,0.0,0,0.0
09002200121707081015243952I_1294479300_482148800_jpg.rf.249cbd05018a38fe2e66c808da64f189.jpg,5,0,0.0,1,0.011547298565074032,0,0.0,0,0.0,1,0.013948310336236319,0,0.0,0,0.0
09002200121707081016548462I_1294464100_482196300_jpg.rf.51e6a823142db0229960e5e829c89032.jpg,3,0,0.0,0,0.0,0,0.0,0,0.0,0,0.0,3,0.10571126283996252,0,0.0
09002200121707081016598022I_1294462900_482200800_jpg.rf.be56c5a98d5efdda43f5e364d29b0001.jpg,6,0,0.0,0,0.0,1,0.006086795256105691,0,0.0,0,0.0,2,0.03557305931604787,0,0.0
09002200121707081017018472I_1294462300_482203000_jpg.rf.d82b7f669eca997d109b0d96042f63de.jpg,7,0,0.0,0,0.0,0,0.0,0,0.0,0,0.0,2,0.01879604462694033,1,0.0006331646449143551
09002200121707081017138042I_1294458600_482215700_jpg.rf.c5eaad0c0c78494f91984fee730f8c18.jpg,7,0,0.0,0,0.0,1,0.0034549735057589712,0,0.0,0,0.0,2,0.012013511863342501,0,0.0
09002200121707081017248192I_1294454700_482229300_jpg.rf.884c2697c0bc8cd664ea6ffd51cb827e.jpg,7,0,0.0,0,0.0,2,0.0023440251376155145,0,0.0,0,0.0,2,0.013020766440570241,0,0.0
09002200121707081017262812I_1294454100_482231400_jpg.rf.300d30c83c08214554da7acbcb8a73c1.jpg,3,0,0.0,0,0.0,1,0.0434186420371816,0,0.0,0,0.0,0,0.0,0,0.0
09002200121707081017309312I_1294452400_482237900_jpg.rf.def2dcd0c213117ab2f2c787eef9c9de.jpg,6,0,0.0,0,0.0,3,0.008055939128812497,0,0.0,0,0.0,1,0.04304323039402789,0,0.0
09002200121707081017327992I_1294451800_482240000_jpg.rf.2733209ad6f73e3333ef341a2c187a23.jpg,3,0,0.0,0,0.0,5,0.18462570958153038,0,0.0,0,0.0,4,0.17535404193646853,0,0.0
09002200121707081018578042I_1294442400_482325800_jpg.rf.743bb6a2921f1a6e0359e554f722c0cf.jpg,1,0,0.0,0,0.0,2,0.2554974417130324,0,0.0,0,0.0,1,0.022008885358964107,0,0.0
09002200121707081019056902I_1294442400_482335300_jpg.rf.014e948dce2ab424f9a2288ed7283931.jpg,4,0,0.0,0,0.0,5,0.14611322801265944,0,0.0,0,0.0,1,0.003956245996077997,0,0.0
09002200121707081019178522I_1294442500_482349500_jpg.rf.f5c17b7c6455611b81cd02d313325167.jpg,4,0,0.0,0,0.0,4,0.19529479570162947,0,0.0,0,0.0,3,0.04299189580458235,0,0.0
09002200121707081019278352I_1294442500_482360500_jpg.rf.2bee2b213bd421ff741c6aad7ceea9a5.jpg,4,0,0.0,0,0.0,3,0.04065289553385809,0,0.0,0,0.0,1,0.07093857554300484,0,0.0
09002200121707081019478092I_1294442500_482378400_jpg.rf.1aee6887b037eedfbadfb57463469435.jpg,3,0,0.0,0,0.0,4,0.13544131167956946,0,0.0,0,0.0,1,0.11045959412776937,0,0.0
09002200121707081030589942B_1294730700_481978100_jpg.rf.a3b7f88cdea07655c1c73b9a937064c4.jpg,7,0,0.0,0,0.0,0,0.0,0,0.0,0,0.0,1,0.006597449806940858,0,0.0
09002200121707081031034312B_1294733700_481978400_jpg.rf.baa822419245357d87c23182fe9495de.jpg,5,0,0.0,0,0.0,1,0.01876433906018976,0,0.0,0,0.0,2,0.03511988736716376,0,0.0
09002200121707081339396452Q_1295928700_482461200_jpg.rf.a3c4464647013f8d2109caf30334306e.jpg,6,0,0.0,1,0.005949238511675503,0,0.0,0,0.0,0,0.0,0,0.0,0,0.0
09002200121707081348549802I_1295905700_481489900_jpg.rf.e20e6af01ad0baa340f3d1b32ffbb5d8.jpg,1,0,0.0,0,0.0,0,0.0,0,0.0,0,0.0,1,0.09346319203050366,0,0.0
09002200121707081348587772I_1295898200_481489800_jpg.rf.5ec6e8e571792bd83e55b0358be60393.jpg,2,0,0.0,0,0.0,0,0.0,0,0.0,0,0.0,1,0.06534855114316543,0,0.0
09002200121707081359418442I_1294768700_481461900_jpg.rf.812888aa9e18f205b67d1490ae801afe.jpg,4,0,0.0,0,0.0,0,0.0,0,0.0,1,0.0045548416246731435,1,0.04408093420924388,0,0.0
09002200121707081400538822I_1294618800_481481500_jpg.rf.90ffc02badab0d205065bb918c6565f5.jpg,4,0,0.0,0,0.0,0,0.0,0,0.0,0,0.0,2,0.06020348166410254,0,0.0
09002200121707081401567622I_1294579900_481595000_jpg.rf.91220f2e5bba3f61d096eeb74586e717.jpg,6,0,0.0,0,0.0,1,0.0018850931664928794,0,0.0,0,0.0,2,0.02638665029591722,0,0.0
09002200121707081402098552I_1294578200_481604900_jpg.rf.603dae45a20184107fecabf91e890cc1.jpg,5,0,0.0,0,0.0,1,0.017744849338276948,0,0.0,0,0.0,0,0.0,0,0.0
09002200121707081402318822I_1294576500_481614000_jpg.rf.b2c14d395bc947b0c03eece651e56b94.jpg,2,0,0.0,0,0.0,0,0.0,0,0.0,0,0.0,2,0.1283834102813761,0,0.0
09002200121707081404594792I_1294549000_481724500_jpg.rf.90738003fe8d6be4345d6bafd95f8b5a.jpg,9,0,0.0,0,0.0,0,0.0,0,0.0,0,0.0,1,0.002896421050360232,1,0.00040837474151885546
09002200121707081405008132I_1294549000_481726300_jpg.rf.3ec95c2874bc66a9eb070a52cf2acf37.jpg,5,0,0.0,0,0.0,1,0.045622320866386866,0,0.0,0,0.0,2,0.011651085944261008,0,0.0
09002200121707081405071122I_1294549000_481735800_jpg.rf.e9fb1d024d4de16ec53e2601334fe5be.jpg,4,0,0.0,0,0.0,2,0.07461224416696041,0,0.0,0,0.0,2,0.05101542137723299,0,0.0
09002200121707081405096872I_1294549000_481740000_jpg.rf.28adf71b79a2b75a27ae9a1e177be3c1.jpg,7,0,0.0,0,0.0,2,0.003431904161716375,0,0.0,0,0.0,3,0.025308017667973692,0,0.0
09002200121707081405121362I_1294549100_481744100_jpg.rf.dea93652f420d8093b0ae6ab045cc590.jpg,5,0,0.0,0,0.0,1,0.05358010988312514,0,0.0,0,0.0,2,0.014064539982578027,0,0.0
09002200121707081405207652I_1294548400_481759800_jpg.rf.359be86ce2c5bb88133fad2390fcc39b.jpg,5,0,0.0,0,0.0,2,0.05655869695077852,0,0.0,0,0.0,2,0.03148272675752872,0,0.0
09002200121707081406301022I_1294542500_481893300_jpg.rf.1052ceac1d7c34e275565003eec66d66.jpg,5,0,0.0,0,0.0,2,0.024598541075376932,0,0.0,0,0.0,1,0.042142249079117775,0,0.0
09002200121707081407215652I_1294540400_481994000_jpg.rf.e7ffe07f4110a6b41f5b0616e8c7d8a6.jpg,6,0,0.0,0,0.0,0,0.0,0,0.0,0,0.0,1,0.007601163956787786,0,0.0
09002200121707081407227922I_1294539600_481995800_jpg.rf.e9c43c90c9d769adfd9cab0c99b8fd0b.jpg,2,0,0.0,0,0.0,0,0.0,0,0.0,0,0.0,2,0.11692585628519728,0,0.0
09002200121707081407240682I_1294538900_481997600_jpg.rf.0fdc8b8b27e32c81e101e499a2f62c5d.jpg,6,0,0.0,0,0.0,3,0.05006674794247827,0,0.0,0,0.0,3,0.03799668015754838,0,0.0
09002200121707081407285172I_1294536600_482002600_jpg.rf.452c6aad314de2ec2d54a76ab5316559.jpg,2,0,0.0,1,0.056492762004700124,1,0.0049214082094476905,0,0.0,0,0.0,1,0.08757419250072417,0,0.0
09002200121707081407524182I_1294529500_482016000_jpg.rf.e2434a8734ebbe9a28efd1d8870d7bb5.jpg,4,0,0.0,1,0.02777040317241699,1,0.03903326214397567,0,0.0,0,0.0,3,0.07885682761312182,0,0.0
09002200121707081407539092I_1294528900_482017300_jpg.rf.d6b42e38e680cd4d3ab6bd0959319689.jpg,4,0,0.0,0,0.0,3,0.15099536557630017,0,0.0,0,0.0,2,0.021481369537020782,0,0.0
09002200121707081408013862I_1294526200_482022600_jpg.rf.10db7fa3e98b61fdeb36ca896311cb79.jpg,1,0,0.0,0,0.0,0,0.0,0,0.0,0,0.0,1,0.08301092775542201,0,0.0
09002200121707081408254472I_1294519600_482035200_jpg.rf.21e0e38c0b30c3e706517c3cb77f60eb.jpg,3,0,0.0,1,0.028573764826251135,1,0.0034674989765881036,0,0.0,0,0.0,1,0.08255487481169439,0,0.0
09002200121707081408579872I_1294511200_482051400_jpg.rf.252c98b0853990386401ffac26f082d3.jpg,5,0,0.0,0,0.0,1,0.007889778538556123,0,0.0,1,0.003399735996936215,1,0.056827230907015226,0,0.0
09002200121707081408594102I_1294510500_482052700_jpg.rf.f3d1165e11b52abda64a36daa247046a.jpg,5,0,0.0,0,0.0,1,0.006284143934644813,0,0.0,0,0.0,1,0.033556771720650434,0,0.0
09002200121707081410074162I_1294494800_482088700_jpg.rf.35363dd6b86084b339f67883ac1a2b9a.jpg,5,0,0.0,0,0.0,3,0.04260981013821037,0,0.0,0,0.0,1,0.05294142954596737,0,0.0
09002200121707081410148872I_1294492900_482094600_jpg.rf.e9726a838f78086f3104ebe956f988c3.jpg,1,0,0.0,0,0.0,0,0.0,0,0.0,0,0.0,1,0.13678865800586665,0,0.0
09002200121707081419321052I_1294439600_482325800_jpg.rf.ab89be5d0dee6366c2365118ffa847d2.jpg,3,0,0.0,0,0.0,0,0.0,0,0.0,0,0.0,2,0.07011221160515557,0,0.0
09002200121707081420182442I_1294440900_482285200_jpg.rf.afc73108015ff93104cd0e0c9ff7e55c.jpg,3,0,0.0,0,0.0,0,0.0,0,0.0,0,0.0,1,0.03991521574590934,0,0.0
09002200121707081422392212I_1294507900_482053400_jpg.rf.e958101db3d37bd0883b9ddb86182403.jpg,2,0,0.0,0,0.0,1,0.056531137087984004,0,0.0,0,0.0,1,0.08159631332041052,0,0.0
09002200121707081422529872I_1294520600_482029300_jpg.rf.dcc1d92c29bbf090ebeabe7afe60bd72.jpg,3,0,0.0,0,0.0,1,0.06790195446065353,0,0.0,0,0.0,2,0.039701379525190525,0,0.0
09002200121707081423036682I_1294530300_482010700_jpg.rf.e4c709a3db1b01075f68e9db3b0d4bc6.jpg,2,0,0.0,0,0.0,1,0.07405011323444115,0,0.0,0,0.0,1,0.03893546988672824,0,0.0
09002200121707081428130812I_1294689400_481462200_jpg.rf.1abe94dc9198d3aa7cfef837d4390aee.jpg,4,0,0.0,0,0.0,1,0.03380916456639172,0,0.0,0,0.0,2,0.043851086186145916,0,0.0
09002200121707081428411482I_1294753400_481460400_jpg.rf.a81ccf62c8533defeaf86cefed42bdae.jpg,5,0,0.0,0,0.0,1,0.02139479039973594,0,0.0,0,0.0,2,0.034445942410593546,0,0.0
09002200121707081429131012I_1294829600_481458600_jpg.rf.b3629a7006aeaa814ef61d1dab937982.jpg,3,0,0.0,0,0.0,0,0.0,0,0.0,0,0.0,1,0.03679725722954572,0,0.0
09002200121707081429426812I_1294897600_481457000_jpg.rf.09b68d9f6667044199bdc67c236b36cb.jpg,4,0,0.0,0,0.0,0,0.0,0,0.0,0,0.0,2,0.05683568258345992,0,0.0
09002200121707081430072272I_1294955100_481455900_jpg.rf.feffaccadce05f9f89ec0bde2ba60ca8.jpg,6,0,0.0,0,0.0,3,0.037221774243948846,0,0.0,0,0.0,2,0.024087110053596962,0,0.0
09002200121707081430195042I_1294984200_481455500_jpg.rf.35d985ed9eba9c996f23f6652e7ea90c.jpg,8,0,0.0,0,0.0,0,0.0,0,0.0,0,0.0,1,0.0028664118969027185,0,0.0
09002200121707081430318982I_1295013200_481455100_jpg.rf.23cd260c7bc3010211bd48d82c41b89c.jpg,4,0,0.0,0,0.0,0,0.0,0,0.0,0,0.0,1,0.03292751224122639,0,0.0
09002200121707081430331062I_1295016000_481455000_jpg.rf.3993add7b0e919116eeb3a09b93116f3.jpg,1,0,0.0,0,0.0,0,0.0,0,0.0,0,0.0,1,0.11736670471083926,0,0.0
09002200121707081430343302I_1295018800_481454900_jpg.rf.66209ec6599e5b3139fcc5bc9afae366.jpg,6,0,0.0,0,0.0,1,0.0053448138956446204,0,0.0,0,0.0,1,0.02374272984569411,0,0.0
09002200121707081430403462I_1295032700_481454900_jpg.rf.0a78d5a9c9971a169c8e0f011c18bc24.jpg,5,0,0.0,0,0.0,1,0.021883240510805986,0,0.0,0,0.0,3,0.07444807178904736,0,0.0
09002200121707081431189982B_1294304100_481984400_jpg.rf.9d836e85f6479f02d261744b57ab0892.jpg,6,0,0.0,0,0.0,0,0.0,0,0.0,0,0.0,1,0.0077381493740813325,0,0.0
09002200121707081431511392I_1295198200_481458800_jpg.rf.ece04e69d8464493712f984729b7243b.jpg,5,0,0.0,0,0.0,2,0.04180026095379619,0,0.0,0,0.0,0,0.0,0,0.0
09002200121707081432458332I_1295314800_481461600_jpg.rf.39b10fdfda3caa8158b7d866a8fdcb17.jpg,4,0,0.0,1,0.010799141314691944,0,0.0,0,0.0,0,0.0,1,0.037465578877981895,0,0.0
09002200121707081433182582I_1295380200_481462900_jpg.rf.b5c51cffca144be82ff5d8b288b97129.jpg,2,0,0.0,0,0.0,1,0.01462449346874564,0,0.0,0,0.0,1,0.09378243541752454,0,0.0
09002200121707081433390562I_1295421500_481463700_jpg.rf.73415bda15b8c63da3b641e56f6f0770.jpg,2,0,0.0,0,0.0,1,0.0010662528089869776,0,0.0,0,0.0,1,0.1401046754923982,0,0.0
09002200121707081433402792I_1295424100_481463800_jpg.rf.3db1e1cf0ffc3efb4a75eb73a560cdd2.jpg,5,0,0.0,0,0.0,2,0.09151183969846897,0,0.0,0,0.0,3,0.020805020371801677,0,0.0
09002200121707081433438882I_1295432000_481464000_jpg.rf.452fd79f35bc2de7347fb37f7cd5f189.jpg,3,0,0.0,1,0.0546435355857534,0,0.0,0,0.0,0,0.0,2,0.06544995269482565,0,0.0
09002200121707081433451162I_1295434600_481464200_jpg.rf.4b5eb9dbcb04d65961aa94f1f90c29fc.jpg,3,0,0.0,0,0.0,0,0.0,0,0.0,0,0.0,2,0.07499738740616636,0,0.0
09002200121707081433514992I_1295446700_481464600_jpg.rf.d2b84e654f82c08009f42dc64a2c3fc4.jpg,5,0,0.0,0,0.0,2,0.0480765220640933,0,0.0,0,0.0,1,0.008717629809943877,0,0.0
09002200121707081435304142B_1294600400_481970400_jpg.rf.906a2b02a9d0f62c2265bfdb4f2fe6db.jpg,5,0,0.0,0,0.0,2,0.06535419127670368,0,0.0,0,0.0,2,0.010361104664343656,0,0.0
09002200121707081435584012B_1294633900_481973100_jpg.rf.c80471412c492e40a2fc6d9ad1e07b00.jpg,7,0,0.0,0,0.0,1,0.0022568976014827,0,0.0,0,0.0,1,0.011512490383829573,0,0.0
09002200121707081436351552B_1294683400_481976900_jpg.rf.adca8c65a86766f05aa942bf73cc15e8.jpg,3,0,0.0,0,0.0,1,0.04876563722260926,0,0.0,0,0.0,0,0.0,0,0.0
09002200121707081437220472I_1295584800_481472900_jpg.rf.97c7fad97744c0f223273a7fb8970398.jpg,2,0,0.0,2,0.058113397202362194,0,0.0,0,0.0,0,0.0,1,0.0694347331667359,0,0.0
09002200121707081437295752I_1295593000_481473400_jpg.rf.0f8d1e04062f29790ac85ee1c4696110.jpg,3,0,0.0,1,0.04557725465601834,0,0.0,0,0.0,0,0.0,1,0.030714643320375216,0,0.0
09002200121707081437336322I_1295596800_481473700_jpg.rf.51092c7ddcb358af64ac9320d616ca17.jpg,2,0,0.0,0,0.0,1,0.06446803110035489,0,0.0,0,0.0,0,0.0,0,0.0
09002200121707081437351502I_1295597900_481473800_jpg.rf.aebe70cf261323ebf898a672939d9763.jpg,3,0,0.0,0,0.0,1,0.05756166048169687,0,0.0,0,0.0,1,0.0357123501731644,0,0.0
09002200121707081437421982I_1295601300_481474000_jpg.rf.ff7ace7e4d3d93686d2e7f79da64463b.jpg,4,0,0.0,0,0.0,0,0.0,0,0.0,0,0.0,1,0.032107072574972334,0,0.0
09002200121707081438116342I_1295621300_481475100_jpg.rf.2d64c8187e2490dbf1fa4714dc2e7851.jpg,5,0,0.0,0,0.0,1,0.03962768300617426,0,0.0,0,0.0,2,0.008424834230572742,0,0.0
09002200121707081438131472I_1295622600_481475200_jpg.rf.ae8bc46b34385de951303af36dd88e80.jpg,5,0,0.0,0,0.0,1,0.04240555769649296,0,0.0,0,0.0,4,0.06071473856275588,0,0.0
09002200121707081442285182I_1295908200_481487900_jpg.rf.0ba22d6fcbae57ed7c53683ee2752b94.jpg,6,0,0.0,0,0.0,1,0.008851517270668425,0,0.0,0,0.0,1,0.01587118228620966,0,0.0
09002200121707081443001832I_1295959100_481487500_jpg.rf.c73c932a1e9ad4bf2121a320acc81ee0.jpg,3,0,0.0,0,0.0,1,0.06143869039056884,0,0.0,0,0.0,1,0.01579341774192926,0,0.0
09002200121707081443027042I_1295963100_481487500_jpg.rf.89dc9c4eff0620093614dd740e629912.jpg,2,0,0.0,0,0.0,1,0.06456837795412866,0,0.0,0,0.0,1,0.04791899156440429,0,0.0
09002200121707081443376992I_1296024500_481486500_jpg.rf.e8e6e6b0c1b24b81562aabb65916b70c.jpg,4,0,0.0,1,0.04934583950005617,3,0.04326212749500885,0,0.0,0,0.0,2,0.06951240045560544,0,0.0
09002200121707081443541722I_1296055900_481485900_jpg.rf.2b4ed5c57473c7211561e22a0938c46b.jpg,1,0,0.0,0,0.0,0,0.0,0,0.0,0,0.0,1,0.10816490196673385,0,0.0
09002200121707081444225162I_1296112000_481484600_jpg.rf.07d287fd2326d42ef56c91e082879fe1.jpg,4,0,0.0,0,0.0,2,0.01852168574002917,0,0.0,0,0.0,4,0.16282673176191342,0,0.0
09002200121707081449482512B_1294404300_481968100_jpg.rf.4bcbe6af0e956dff9bd7bd04fbad459b.jpg,6,0,0.0,0,0.0,0,0.0,0,0.0,0,0.0,1,0.012244030969086453,0,0.0
09002200121707081451429122B_1294259400_481972300_jpg.rf.5bdc2ca5c630bc72d6f25cdab8fa3627.jpg,3,0,0.0,2,0.06157991068440876,0,0.0,0,0.0,0,0.0,0,0.0,0,0.0
09002200121707081451549472B_1294248700_481964900_jpg.rf.dcd445f8884549a02e2e9398609220d2.jpg,1,0,0.0,3,0.21839561485101963,0,0.0,0,0.0,0,0.0,0,0.0,0,0.0
09002200121707090712139761M_1296295400_482886500_jpg.rf.09d70bc7a8573afd5b1136fb9cfba5e6.jpg,5,0,0.0,2,0.04766661376071171,0,0.0,0,0.0,0,0.0,0,0.0,2,0.0009697925328509882
09002200121707090713098601M_1296289000_482917100_jpg.rf.850bc755212652c571cdb8967ba2041a.jpg,6,0,0.0,1,0.023377953337867435,0,0.0,0,0.0,1,0.006362315670121461,0,0.0,2,0.0008002495927030322
09002200121707090713133831M_1296289000_482920200_jpg.rf.3ee179a222ecd485dc341f967f853d3c.jpg,3,0,0.0,2,0.05713916861993311,0,0.0,0,0.0,0,0.0,0,0.0,0,0.0
09002200121707091025010948D_1295047600_482126800_jpg.rf.d041a65524d7f336ef59b7625d6b3241.jpg,7,0,0.0,1,0.0036814624219914547,0,0.0,0,0.0,0,0.0,0,0.0,0,0.0
09002200121707091025037758D_1295050500_482126900_jpg.rf.e62cc9924c0738a0cefa5b240405cb71.jpg,6,0,0.0,1,0.01054417963213836,0,0.0,0,0.0,0,0.0,0,0.0,1,0.0028761808363378803
09002200121707091147438898T_1295427100_481957000_jpg.rf.eef16d0c0f7b079992112a90e5695a1d.jpg,1,1,0.0630431252994367,0,0.0,0,0.0,1,0.0023391750371956734,0,0.0,0,0.0,0,0.0
09002200121707091147473728T_1295427100_481955700_jpg.rf.1f87a0193d142f26f964f13f6edd5a4f.jpg,8,0,0.0,1,0.003412130361548407,0,0.0,1,0.0010129150162902021,0,0.0,0,0.0,1,0.0023571548734622636
09002200121707091254233852Q_1295354400_482886000_jpg.rf.113ed8aad6b75df4ae22610f8f5be13e.jpg,5,0,0.0,1,0.011767149467450532,0,0.0,0,0.0,0,0.0,0,0.0,0,0.0
09002200121707091324502211M_1296240400_482898100_jpg.rf.c00d10b3d6775162f2ac52e6d1429b08.jpg,2,2,0.08035891138527859,1,0.004009202551897033,0,0.0,0,0.0,0,0.0,0,0.0,1,0.0003682133669462928
09002200121707091431030551M_1296319000_483022600_jpg.rf.408adaacbaea138245d7bb287d4574a6.jpg,8,0,0.0,1,0.004350795069949526,0,0.0,0,0.0,0,0.0,0,0.0,1,0.0004559087213146995
09002200121707091431059611M_1296321400_483022600_jpg.rf.64094dad35cda26089a73d4079a1b3bc.jpg,6,0,0.0,1,0.005567047657041255,0,0.0,0,0.0,0,0.0,0,0.0,0,0.0
09002200121707091502257972M_1295955800_482946500_jpg.rf.1786ad7d8ced14050210ba527595bacf.jpg,7,0,0.0,1,0.008014865070194908,0,0.0,0,0.0,0,0.0,0,0.0,1,0.0018154584021249321
09002200121707091544359359S_1295249100_482629800_jpg.rf.41ac376bfaaec3a2715de029d3508688.jpg,6,0,0.0,2,0.023679871190470294,0,0.0,0,0.0,0,0.0,0,0.0,1,0.0007224759293239913
09002200121707091544394009S_1295248900_482627200_jpg.rf.4cb3ff064498378a482c9b41521ce003.jpg,5,0,0.0,1,0.014753005128322923,0,0.0,0,0.0,0,0.0,0,0.0,0,0.0
09002200121707091619294601B_1295942600_481947100_jpg.rf.a4144bb5fd166bb32a9105aee7c89805.jpg,6,0,0.0,1,0.006899121454432588,0,0.0,0,0.0,0,0.0,0,0.0,0,0.0
09002200121707091619357051B_1295942400_481950000_jpg.rf.e95c09cca6365bf6a8770804465e82ce.jpg,6,0,0.0,4,0.054460317583716465,0,0.0,0,0.0,1,0.0015367564291591412,0,0.0,1,0.0018412468848782737
09002200121707091619389261B_1295942400_481951500_jpg.rf.48e4c1f55484f1e8af8442fe8525a3dd.jpg,6,0,0.0,2,0.05032496816586615,0,0.0,0,0.0,0,0.0,0,0.0,4,0.005396613917168908
09002200121707091620177821B_1295942300_481961100_jpg.rf.72eea125544691e20a165d15f75c6f42.jpg,7,0,0.0,0,0.0,0,0.0,0,0.0,3,0.02007227422523556,0,0.0,4,0.004797341134917592
09002200121707091737404141B_1295975000_481917700_jpg.rf.73e7949c9063fcb20aeb360db6e5f560.jpg,1,1,0.14202672720712145,0,0.0,0,0.0,0,0.0,0,0.0,0,0.0,0,0.0
09002200121707101031054972I_1294232100_481955200_jpg.rf.dddb625c81872dfceb90044b14c016da.jpg,6,0,0.0,0,0.0,1,0.010299648954545557,0,0.0,0,0.0,0,0.0,0,0.0
09002200121707101114333542I_1294796900_482213400_jpg.rf.778de801ea195669af53c5a6532270d8.jpg,4,0,0.0,0,0.0,1,0.012902724106197638,0,0.0,0,0.0,1,0.03748833999425184,0,0.0
09002200121707101357248522I_1295245900_481484700_jpg.rf.8633164319a7a8c5672305323cd53688.jpg,1,0,0.0,0,0.0,2,0.18237099207680785,0,0.0,0,0.0,1,0.11880942037969362,0,0.0
09002200121707101358231562I_1295245500_481522800_jpg.rf.c41e46b575cffd86808d78b60b82e009.jpg,4,0,0.0,0,0.0,3,0.16210378637153094,0,0.0,0,0.0,4,0.037149193924369675,0,0.0
09002200121707101400136752I_1295245500_481577400_jpg.rf.85f05558f1d579c5a918200236794e92.jpg,3,0,0.0,0,0.0,2,0.10436941837119545,0,0.0,0,0.0,1,0.028415168985441143,0,0.0
09002200121707101400281872I_1295245400_481585100_jpg.rf.992fe91130eb3b48d438a99b9f7019f3.jpg,1,0,0.0,0,0.0,1,0.09833804012649125,0,0.0,0,0.0,1,0.0738493718032715,0,0.0
09002200121707101401226652I_1295245500_481615600_jpg.rf.72583813b33e11d4e9e04078480cc2f6.jpg,5,0,0.0,0,0.0,0,0.0,0,0.0,0,0.0,1,0.018865506483280114,0,0.0
09002200121707101403451992I_1295248000_481687900_jpg.rf.cc75bc9fab2698522aafa7abccae744d.jpg,6,0,0.0,0,0.0,0,0.0,2,0.007887704509994358,1,0.0020422211724326054,0,0.0,0,0.0
09002200121707101423283152I_1295298100_481459700_jpg.rf.46a9a0302871c37baa3eed40b2735102.jpg,5,0,0.0,0,0.0,1,0.017430885093672258,0,0.0,0,0.0,0,0.0,0,0.0
09002200121707101441432948T_1295496200_481901600_jpg.rf.7b680d5b3e32e3d304b24fb2e13ad16d.jpg,9,0,0.0,0,0.0,0,0.0,2,0.0020017153718140408,0,0.0,0,0.0,4,0.011714647826538565
09002200121707101453204038T_1295502000_481884900_jpg.rf.9ec64ccf9f237b938bd52bb7ea96b933.jpg,6,0,0.0,0,0.0,0,0.0,0,0.0,1,0.010603612326576695,0,0.0,1,0.0003102537449012743
09002200121707101512084282M_1295969100_482709500_jpg.rf.f7ebd7ab549096da77ef71c5be4d1744.jpg,6,0,0.0,1,0.03089498378802091,0,0.0,0,0.0,0,0.0,0,0.0,3,0.003002838973401367
09002200121707101614492422I_1295241000_481420100_jpg.rf.9789f474e8c6b024f27132df6fea7b64.jpg,6,0,0.0,3,0.028268416731189065,0,0.0,0,0.0,0,0.0,0,0.0,0,0.0
09002200121707101614519872I_1295241000_481415800_jpg.rf.9abd94ad1946965ac8750c58e2f3b8fa.jpg,6,0,0.0,1,0.014973380127012206,1,0.0023287351687758927,0,0.0,1,0.017064716420522926,1,0.002015269280695975,0,0.0
09002200121707101615261182I_1295239700_481385300_jpg.rf.9fe84fbe705abca310f91daaa8e99de0.jpg,1,0,0.0,0,0.0,1,0.13743506760395122,0,0.0,0,0.0,0,0.0,0,0.0
09002200121707101615296062I_1295239600_481384100_jpg.rf.a1e6bbd94d319e359373721fbbf0dece.jpg,3,0,0.0,0,0.0,1,0.08065522061322553,0,0.0,0,0.0,1,0.01644542286736396,0,0.0
09002200121707101616311982I_1295237000_481361100_jpg.rf.155a3cc0e08a736c8e2cf60c3ebe8ce8.jpg,2,0,0.0,0,0.0,2,0.06210972988971093,0,0.0,0,0.0,1,0.12509525260736154,0,0.0
09002200121707101619485702I_1295232100_481273500_jpg.rf.d8b96f1c98712a790e06bf9dfb7b8b20.jpg,1,0,0.0,0,0.0,1,0.11126023932709359,0,0.0,0,0.0,0,0.0,0,0.0
09002200121707101620560522I_1295234700_481203200_jpg.rf.22e1ef2ff99c4243890e5d7af9bdf902.jpg,2,0,0.0,1,0.0300163159554927,0,0.0,0,0.0,0,0.0,1,0.07546742788289293,0,0.0
09002200121707101638130622I_1295239100_481132900_jpg.rf.8b75a03aee480c640c599a9acbba7775.jpg,6,0,0.0,0,0.0,2,0.016302683987771613,0,0.0,0,0.0,2,0.017003037868648787,0,0.0
09002200121707101639521732I_1295236300_481326400_jpg.rf.db29aacf1bc5189c0f30ac2aad312972.jpg,1,0,0.0,0,0.0,1,0.1891539239938834,0,0.0,0,0.0,1,0.024201759420216153,0,0.0
09002200121707101639546592I_1295236800_481331600_jpg.rf.e6356aab7f7689fbec1ffce85aaa2e7b.jpg,6,0,0.0,0,0.0,3,0.027885320252553362,0,0.0,0,0.0,0,0.0,0,0.0
09002200121707101640009922I_1295238100_481344000_jpg.rf.71b241584fd176efcb6b0f2790ab614f.jpg,1,0,0.0,1,0.15883450055309825,0,0.0,0,0.0,0,0.0,0,0.0,0,0.0
09002200121707101640382752I_1295246600_481411000_jpg.rf.2bade6cb633162894cb9647679e425b7.jpg,3,0,0.0,1,0.01091148548017826,0,0.0,0,0.0,1,0.06138013495383347,1,0.07875922040138449,1,0.0001944060437836015
09002200121707110908524682M_1296201900_482759800_jpg.rf.e1e30d7e564fc37d556e9fc61aaadffc.jpg,9,0,0.0,1,0.0027444474369758575,0,0.0,0,0.0,0,0.0,0,0.0,2,0.0006779864699637983
09002200121707110909264192M_1296201600_482778100_jpg.rf.6d111dba9ee1bb13c6c0714f3c50e5c4.jpg,7,0,0.0,1,0.01001380526657158,0,0.0,0,0.0,1,0.004379756630478369,0,0.0,1,0.00035148428003594745
09002200121707111016285668T_1295699800_481896200_jpg.rf.738059d90b2d575978643a842b12121c.jpg,7,0,0.0,0,0.0,0,0.0,0,0.0,1,0.0034508179168187773,0,0.0,0,0.0
09002200121707111136584322I_1295226300_481471400_jpg.rf.8f0814630c6e7f71daeabaa7268f422e.jpg,7,0,0.0,0,0.0,0,0.0,0,0.0,2,0.009815957508981213,0,0.0,0,0.0
09002200121707111138575222Q_1296134700_483042000_jpg.rf.d253c62cebc83f2913c640633457af42.jpg,7,0,0.0,3,0.013757760123289707,0,0.0,0,0.0,0,0.0,0,0.0,1,0.0006959758942230099
09002200121707111139178432Q_1296150900_483042000_jpg.rf.f819aabe755eaaba9702187527f51dc9.jpg,9,0,0.0,0,0.0,0,0.0,0,0.0,1,0.004802674651839424,0,0.0,4,0.003520026867479372
09002200121707111139336162Q_1296164500_483041700_jpg.rf.7943ae57acc7f9792a9a5b42ff806fec.jpg,6,0,0.0,0,0.0,0,0.0,0,0.0,1,0.011407942299065325,0,0.0,1,0.00043465447752168894
09002200121707111139592492Q_1296188300_483040600_jpg.rf.919397a9ea17489dc879224bb563b414.jpg,8,0,0.0,0,0.0,0,0.0,0,0.0,1,0.006273723945796552,0,0.0,2,0.006055613439203001
09002200121707111145575902I_1295214300_481457700_jpg.rf.5727feaa4a3581d7593919c872937126.jpg,4,0,0.0,0,0.0,0,0.0,0,0.0,1,0.023034344868337938,0,0.0,0,0.0
09002200121707111221423492Q_1296216400_482887600_jpg.rf.764fd06abd7df8560ed8194256079219.jpg,7,0,0.0,0,0.0,0,0.0,0,0.0,1,0.008156959607547393,0,0.0,1,0.0008359548087946678
09002200121707111323514632Q_1296204700_482990900_jpg.rf.df302d78bd800c91fbf4b50e455c610b.jpg,5,0,0.0,2,0.00985860653438068,0,0.0,0,0.0,3,0.04211597354783637,0,0.0,0,0.0
09002200121707111323593892Q_1296210600_482991100_jpg.rf.b70eb886484580ee2d4d4effce5a7b11.jpg,6,0,0.0,2,0.021118493585245222,0,0.0,0,0.0,1,0.006586521319550229,0,0.0,1,0.0009020973670524768
09002200121707121158446862M_1296283900_483175000_jpg.rf.8c951c96e8cc34214f2753a34bf52051.jpg,6,0,0.0,1,0.0016410709339561437,3,0.030602627690532246,0,0.0,0,0.0,0,0.0,0,0.0
09002200121707121230309402M_1296217000_483038500_jpg.rf.59844740519cd8dce150de51a0b45331.jpg,6,0,0.0,2,0.018453408820296318,0,0.0,0,0.0,1,0.0020864423977400293,0,0.0,1,0.0008889191172784195
09002200121707121305440152M_1296226000_483157400_jpg.rf.1d8069d8915c9e12bcfdd4c86b843761.jpg,7,0,0.0,1,0.012360951453920278,1,0.008376953763217898,0,0.0,0,0.0,0,0.0,2,0.0021227473646649644
09002200121707131403056739S_1294786300_482203000_jpg.rf.32ce2dbd1f6b0354e587aaf772f317fc.jpg,4,0,0.0,0,0.0,1,0.09688318388817606,0,0.0,0,0.0,1,0.0036357609486685843,1,0.0002856974778114818
09002200121901201024009762Q_1295842200_481992400_jpg.rf.3325a72cf82eae9b87f548b0314aa462.jpg,6,0,0.0,1,0.0231608155641743,2,0.01376699198399818,0,0.0,0,0.0,1,0.024885343825199014,1,0.0008765479446537914
09002200121901201024128672Q_1295841000_482006000_jpg.rf.9bef96a083c6f776de8ab8a270e01b19.jpg,4,0,0.0,0,0.0,1,0.02531045921932673,0,0.0,0,0.0,0,0.0,0,0.0
09002200121901201024560682Q_1295845600_482052400_jpg.rf.34d1ee0a56abfee8722aadeb18f078da.jpg,7,0,0.0,0,0.0,1,0.005073929337340815,0,0.0,0,0.0,0,0.0,0,0.0
09002200121901201026422762K_1296144600_483248300_jpg.rf.39e51d5c5b2eae9a94b669368f157cff.jpg,8,0,0.0,0,0.0,0,0.0,0,0.0,1,0.0023192508856777743,0,0.0,1,0.0015974981942690647
09002200121901201045090502K_1296129700_483321900_jpg.rf.ceb09d6c9665dda9ed44e06afdb859e5.jpg,4,0,0.0,0,0.0,1,0.009062657182348631,0,0.0,0,0.0,1,0.045086191554701144,0,0.0
09002200121901201045113632K_1296132600_483322000_jpg.rf.f87e05fccbaef6311e52a9b97fb99b17.jpg,8,0,0.0,0,0.0,1,0.011406297609328249,0,0.0,0,0.0,0,0.0,4,0.003605769670160726
09002200121901201045123792K_1296133800_483321900_jpg.rf.e339f59d696a9d908e5c9a551b10aee1.jpg,9,0,0.0,0,0.0,1,0.002951957807345025,0,0.0,0,0.0,0,0.0,1,0.0009207865564712861
09002200121901201051204002Q_1295840500_481991400_jpg.rf.0ab826a0d3b3f8028e65cd439125dc1c.jpg,7,0,0.0,1,0.01486333856539204,1,0.0027742546160720847,0,0.0,0,0.0,1,0.001437753591553701,1,0.000641246774567894
09002200121901201118575892K_1296046700_483353000_jpg.rf.c60c3e25ec7b4cb683c8197288e28005.jpg,6,0,0.0,1,0.007984725601272658,0,0.0,0,0.0,1,0.016486362121831917,0,0.0,1,0.00024936060632171507
09002200121901201148571852Q_1295936700_481917700_jpg.rf.7064612074a4d09906537ca4501a6062.jpg,5,0,0.0,1,0.015717388075026973,0,0.0,0,0.0,0,0.0,0,0.0,0,0.0
09002200121901201151599612K_1295913100_483320200_jpg.rf.894322d40f370ba7d6db3f2821360f60.jpg,7,0,0.0,1,0.00350913488844526,0,0.0,0,0.0,0,0.0,0,0.0,0,0.0
09002200121901201200132872K_1295992900_483320800_jpg.rf.d27e4163b578d95875445e5b7b5f5d05.jpg,6,0,0.0,3,0.026478457736529865,0,0.0,0,0.0,0,0.0,0,0.0,1,0.0003557193325832519
09002200121901201206256282K_1295998000_483321300_jpg.rf.73b020fdb6448d78a30285dd3da7b892.jpg,2,0,0.0,2,0.08639025444237633,0,0.0,0,0.0,0,0.0,0,0.0,0,0.0
09002200121901201230283302K_1296100000_483302400_jpg.rf.665db0208bff40aca88e1609c9042970.jpg,5,0,0.0,1,0.016580019165016894,0,0.0,0,0.0,0,0.0,0,0.0,0,0.0
09002200121901201240460582K_1296213800_483111600_jpg.rf.69b85903ff7c6f4b880f923114fce50f.jpg,6,0,0.0,0,0.0,0,0.0,0,0.0,1,0.008918566232928242,0,0.0,0,0.0
09002200121901201246054502K_1296220400_482955300_jpg.rf.91f6a0c88ce927df4884e1f9c252d18f.jpg,5,0,0.0,1,0.018569784605972472,0,0.0,0,0.0,3,0.02711678899383515,0,0.0,0,0.0
09002200121901201336432252K_1296070900_483190000_jpg.rf.7e945c1a8d07b580d665e1b29e67abb3.jpg,6,1,0.017860224345386096,0,0.0,0,0.0,0,0.0,0,0.0,0,0.0,3,0.0018371636305528198
09002200121901201336450142K_1296072600_483190000_jpg.rf.b65130e835b976d519248f54cd1b45bc.jpg,5,0,0.0,1,0.010606243975744292,0,0.0,0,0.0,0,0.0,0,0.0,0,0.0
09002200121901201344320402L_1295281900_482062400_jpg.rf.9661168596b1b52a424e556d9a1473f4.jpg,4,0,0.0,0,0.0,2,0.05726076649253116,0,0.0,0,0.0,1,0.03299018718899788,0,0.0
09002200121901201344366532L_1295282200_482066000_jpg.rf.d4cfdad2ffe3936c1e96315166fd1a77.jpg,4,0,0.0,0,0.0,1,0.038999207309229844,0,0.0,0,0.0,1,0.02164398799801802,0,0.0
09002200121901201345476162L_1295283100_482121600_jpg.rf.94eac8b3311fea9a0b88c5d4baa65454.jpg,6,0,0.0,0,0.0,2,0.018002700209462992,0,0.0,0,0.0,0,0.0,0,0.0
09002200121901201346428142L_1295278800_482194900_jpg.rf.6e4b12c311e3407650f13b472dbce7d2.jpg,4,0,0.0,0,0.0,1,0.0002873548278330418,0,0.0,0,0.0,2,0.08463055679658282,0,0.0
09002200121901201346538122L_1295278200_482212800_jpg.rf.21ed3422fe073c56bbbd1e45f54a1298.jpg,7,0,0.0,0,0.0,1,0.006519260423610827,0,0.0,0,0.0,0,0.0,0,0.0
09002200121901201346557472L_1295278100_482216100_jpg.rf.6d734c2145b309826a5620381a513d43.jpg,7,0,0.0,0,0.0,0,0.0,0,0.0,0,0.0,1,0.005345442084590104,0,0.0
09002200121901201347012222L_1295278000_482224200_jpg.rf.575147fa5459aeb1012ece7ecd58fe55.jpg,7,0,0.0,0,0.0,3,0.012809411463877046,0,0.0,0,0.0,1,0.004339694968994053,0,0.0
09002200121901201347027042L_1295278000_482226200_jpg.rf.1c0ccf2f4bd6a75a1ce16cec87aaddbf.jpg,8,0,0.0,0,0.0,0,0.0,0,0.0,0,0.0,1,0.0033913641007529806,0,0.0
09002200121901201347194922L_1295277900_482251200_jpg.rf.853c0a4899824584f87a74e6945444b0.jpg,6,0,0.0,0,0.0,1,0.006948199397884309,0,0.0,0,0.0,1,0.010343941627761524,0,0.0
09002200121901201348408502L_1295276000_482398700_jpg.rf.bb6c322ca34d9830f4a88082c0d713c7.jpg,6,0,0.0,0,0.0,3,0.02910586549125585,0,0.0,0,0.0,0,0.0,0,0.0
09002200121901201348435042L_1295276000_482402300_jpg.rf.469ccaa600e816e8d3f3d4203aea9591.jpg,3,0,0.0,1,0.04753874390126612,2,0.07234630444163488,0,0.0,0,0.0,0,0.0,0,0.0
09002200121901201349031442L_1295277700_482412100_jpg.rf.1198bb69d1f9493d9db704fadd2b12be.jpg,4,0,0.0,0,0.0,1,0.02774310960632192,0,0.0,0,0.0,0,0.0,0,0.0
09002200121901201349132532L_1295281300_482419100_jpg.rf.f508fbec65303f62db3797ba3d32f683.jpg,4,0,0.0,0,0.0,1,0.025308291597248164,0,0.0,0,0.0,0,0.0,0,0.0
09002200121901201349163422L_1295282400_482420600_jpg.rf.f96ed5129ec496c909785e93315696c6.jpg,5,0,0.0,0,0.0,1,0.01814619003882399,0,0.0,0,0.0,0,0.0,0,0.0
09002200121901201350177862L_1295299400_482430500_jpg.rf.c6df90a33fc7b7d7226030b9966216b8.jpg,2,0,0.0,0,0.0,3,0.18816860517819806,0,0.0,0,0.0,0,0.0,0,0.0
09002200121901201350214052L_1295301300_482430900_jpg.rf.a93f5da15251abb3a10ca07c5546f8ca.jpg,6,0,0.0,0,0.0,1,0.009079917315139028,0,0.0,0,0.0,0,0.0,0,0.0
09002200121901201350324192L_1295309300_482431700_jpg.rf.ccba4a99f0ce77287cba62c81cdff7ec.jpg,4,0,0.0,0,0.0,1,0.033477825261143165,0,0.0,0,0.0,0,0.0,0,0.0
09002200121901201350366882L_1295313400_482432000_jpg.rf.8e98d5b4614b1e040659c73ce56b07d3.jpg,4,0,0.0,0,0.0,2,0.06222715815851189,0,0.0,0,0.0,0,0.0,0,0.0
09002200121901201351002382L_1295321200_482432800_jpg.rf.51b47a2be999e426189e4c968a8d7d2e.jpg,3,0,0.0,0,0.0,1,0.03543787710561448,0,0.0,0,0.0,0,0.0,0,0.0
09002200121901201351086302L_1295325200_482433200_jpg.rf.1ab8b3cf42ebb748d9e75931a4e9830c.jpg,5,0,0.0,0,0.0,2,0.036007583816281115,0,0.0,0,0.0,0,0.0,0,0.0
09002200121901201351317032L_1295343400_482435400_jpg.rf.6e401bcf1b422a9235f7f277aa8c7834.jpg,6,0,0.0,0,0.0,2,0.009757745628248823,0,0.0,0,0.0,2,0.023562034419048812,0,0.0
09002200121901201351403612L_1295351200_482439000_jpg.rf.afeeb75f0da823892d1a379ed4468e4c.jpg,7,0,0.0,0,0.0,2,0.015538390778929169,0,0.0,0,0.0,1,0.0032922649398915162,0,0.0
09002200121901201351476302L_1295357400_482444100_jpg.rf.b65d88b5979eafdd837ef88a72bfd8f3.jpg,7,0,0.0,0,0.0,4,0.0220874107002419,0,0.0,0,0.0,0,0.0,0,0.0
09002200121901201351521442L_1295360000_482447200_jpg.rf.c77f41faa09f11902d6d222aebe782ec.jpg,6,0,0.0,0,0.0,1,0.027747890128866838,0,0.0,0,0.0,1,0.0011398938352431358,0,0.0
09002200121901201352328322L_1295365600_482482400_jpg.rf.16017adbac9407324b695f1eda800894.jpg,6,0,0.0,0,0.0,5,0.06810612132901042,0,0.0,0,0.0,0,0.0,0,0.0
09002200121901201354096122L_1295363400_482544500_jpg.rf.986f77002139c90cb76dc0a412d878f6.jpg,5,0,0.0,0,0.0,2,0.039807429328127454,0,0.0,0,0.0,2,0.021749887882233452,0,0.0
09002200121901201355566232L_1295362900_482606800_jpg.rf.1374fe3a8e9950b758ab919d0e86d1b4.jpg,6,0,0.0,0,0.0,2,0.02895767040815374,0,0.0,0,0.0,2,0.027519095145997888,0,0.0
09002200121901201357370762K_1296009200_483208200_jpg.rf.e5df90adcacbb68c6d2152f7d005f58b.jpg,4,0,0.0,0,0.0,0,0.0,0,0.0,3,0.06207723137582434,0,0.0,0,0.0
09002200121901201357583842K_1295992000_483206700_jpg.rf.9d168e85cfe53332cfd0d47a84702e46.jpg,1,0,0.0,0,0.0,0,0.0,0,0.0,1,0.061732612687251276,0,0.0,0,0.0
09002200121901201401007292L_1295358900_482819100_jpg.rf.df5c0bade138f182f3c9e494c84b303b.jpg,7,0,0.0,0,0.0,2,0.0012776594173737987,0,0.0,0,0.0,1,0.011269108583121579,0,0.0
09002200121901201401094602L_1295358700_482825500_jpg.rf.14f5805aef41c3aaabeea44103c7e0b6.jpg,7,0,0.0,0,0.0,1,0.006948736973245109,0,0.0,0,0.0,0,0.0,0,0.0
09002200121901201401121322L_1295358600_482827100_jpg.rf.3dd75c8fd99188963cd9cc4ad0ff5fa7.jpg,8,0,0.0,0,0.0,2,0.006189726224629346,0,0.0,0,0.0,0,0.0,0,0.0
09002200121901201401219762L_1295358400_482833200_jpg.rf.3d279aac2eeba6597e485e4a1861bec3.jpg,7,0,0.0,0,0.0,1,0.004137297161269089,0,0.0,0,0.0,0,0.0,0,0.0
09002200121901201401324902L_1295358200_482840900_jpg.rf.06c381628b8294084bada3063ebfd775.jpg,7,0,0.0,0,0.0,1,0.004814481912253541,0,0.0,0,0.0,0,0.0,0,0.0
09002200121901201402005812L_1295357500_482861500_jpg.rf.4b94ce5b9d1a31de0f82b71f4ed89cc3.jpg,9,0,0.0,0,0.0,2,0.0016447945518848414,0,0.0,0,0.0,0,0.0,0,0.0
09002200121901201402064112L_1295357300_482867500_jpg.rf.05303ea26a565e031efe45218e78a028.jpg,5,0,0.0,0,0.0,2,0.03758425807405729,0,0.0,0,0.0,0,0.0,0,0.0
09002200121901201402084392L_1295357200_482869600_jpg.rf.88979c69bde13b18e26d06f5a29507a6.jpg,7,0,0.0,0,0.0,2,0.004982707031449535,0,0.0,0,0.0,1,0.014540860591350792,0,0.0
09002200121901201403313112L_1295353900_482977800_jpg.rf.96e04b8226b9168f132e099556414032.jpg,8,0,0.0,0,0.0,2,0.005924568914783776,0,0.0,0,0.0,0,0.0,0,0.0
09002200121901201403328982L_1295353900_482980000_jpg.rf.4a63112baf343e0fadaeed6c092a60f1.jpg,5,0,0.0,0,0.0,1,0.04997640048233732,0,0.0,0,0.0,2,0.008347102404568433,0,0.0
09002200121901201416556332K_1295974500_483287500_jpg.rf.c7d476fe96aab937ba213243434fa06b.jpg,7,0,0.0,0,0.0,0,0.0,0,0.0,1,0.007209427824996022,0,0.0,2,0.001172492863247496
09002200121901201416585722K_1295977600_483287800_jpg.rf.c728c413184a280a05113d8668642394.jpg,9,0,0.0,0,0.0,0,0.0,0,0.0,0,0.0,0,0.0,3,0.0019718737397988757
09002200121901201420338402L_1295352700_483072800_jpg.rf.33656207ae78c825efaa58ffbd45801a.jpg,6,0,0.0,0,0.0,2,0.0055818012743384365,0,0.0,0,0.0,1,0.0182204742671729,0,0.0
09002200121901201420401272L_1295357400_483082400_jpg.rf.7c8f0c084b2a3f1f4de4037349173778.jpg,8,0,0.0,0,0.0,2,0.005170035170012855,0,0.0,0,0.0,0,0.0,1,0.0007676605697088235
09002200121901201420413592L_1295358400_483084200_jpg.rf.ef78462cd6d5dcddfa6ac8933ff4d425.jpg,7,0,0.0,0,0.0,1,0.005267806379924878,0,0.0,0,0.0,0,0.0,0,0.0
09002200121901201421262902L_1295405200_483110000_jpg.rf.5df7101d3c1c4ccb6d331988f2d2e078.jpg,6,0,0.0,0,0.0,1,0.02233605753804113,0,0.0,0,0.0,1,0.0024530960788888487,0,0.0
09002200121901201421291512L_1295408500_483111200_jpg.rf.2e3a3e25dc2c83693cf94173f2d832c1.jpg,6,0,0.0,0,0.0,2,0.04353878235738648,0,0.0,0,0.0,2,0.005038663778595947,0,0.0
09002200121901201421308202L_1295410500_483112000_jpg.rf.37841ce67165f008a2cb9a7dec77c1b2.jpg,6,0,0.0,0,0.0,1,0.017401729706098195,0,0.0,0,0.0,2,0.01667135300649534,0,0.0
09002200121901201421426762L_1295425900_483117900_jpg.rf.ca2e9b1f1c61e75991f65a3ec170ed4a.jpg,6,0,0.0,0,0.0,3,0.039687853576093605,0,0.0,0,0.0,2,0.017715505861515338,0,0.0
09002200121901201421441432L_1295428000_483118700_jpg.rf.5ede3ad583df93141786f7da143d8e3d.jpg,6,0,0.0,0,0.0,1,0.0201209609862417,0,0.0,0,0.0,1,0.0014801266278027623,0,0.0
09002200121901201421559182L_1295446700_483125900_jpg.rf.74ac01bba889c9e49ffee2f5703c5767.jpg,7,0,0.0,0,0.0,2,0.0115741781367251,0,0.0,0,0.0,1,0.0058309556449421505,0,0.0
09002200121901201422016912L_1295456400_483129800_jpg.rf.849ed0bf9787787f865806b05fb08759.jpg,7,0,0.0,0,0.0,1,0.007557960771009675,0,0.0,0,0.0,1,0.0027834654933349156,0,0.0
09002200121901201422028742L_1295458500_483130700_jpg.rf.ce421cf3114c443394a27acaa8d96207.jpg,7,0,0.0,0,0.0,2,0.009150567629822038,0,0.0,0,0.0,2,0.009170066106594276,0,0.0
09002200121901201422043552L_1295461100_483132000_jpg.rf.b472e597ca03a080271ad706bab2610b.jpg,5,0,0.0,0,0.0,1,0.015904839710692613,0,0.0,0,0.0,0,0.0,0,0.0
09002200121901201422113572L_1295473300_483138900_jpg.rf.8c680b1fe891ba763a5cc5dec4de9244.jpg,7,0,0.0,0,0.0,1,0.004849653509882046,0,0.0,0,0.0,0,0.0,0,0.0
09002200121901201422139152L_1295477000_483141100_jpg.rf.6a0ad30a156bc91657ca5db434531a57.jpg,7,0,0.0,0,0.0,1,0.005761112611126006,0,0.0,0,0.0,0,0.0,0,0.0
09002200121901201422232752L_1295489400_483148100_jpg.rf.6bd3b9b23358a2ee5c486cab987519b8.jpg,6,0,0.0,0,0.0,2,0.02561253817076249,0,0.0,0,0.0,0,0.0,0,0.0
09002200121901201422479202L_1295534000_483165400_jpg.rf.5a946c2dae4e791a0f299cd1561fffbe.jpg,6,0,0.0,0,0.0,2,0.02675695771647952,0,0.0,0,0.0,1,0.002924632617659882,0,0.0
09002200121901201422579202L_1295557100_483167800_jpg.rf.98dcf5b9bcd82768e3b6bae62e1605a3.jpg,6,0,0.0,0,0.0,2,0.004574983016036644,0,0.0,0,0.0,1,0.03304196549668632,0,0.0
09002200121901201422591522L_1295560000_483168000_jpg.rf.705743e7beadfae9d317b16e32f5c3a7.jpg,5,0,0.0,0,0.0,1,0.01300493432172517,0,0.0,0,0.0,1,0.01798943919749939,0,0.0
09002200121901201423541202L_1295648100_483171500_jpg.rf.954f72346b4daed23c33a1e195a6afe0.jpg,5,0,0.0,0,0.0,2,0.04377650597867615,0,0.0,0,0.0,0,0.0,0,0.0
09002200121901201424460452K_1295966400_483362600_jpg.rf.4919972d6511059f9150b644b361f65b.jpg,2,0,0.0,1,0.038345558705430015,0,0.0,0,0.0,0,0.0,0,0.0,0,0.0
09002200121901201429011742L_1295705700_483173200_jpg.rf.f506bdd13ecf84bb8f4a1f1016fcc3f3.jpg,1,0,0.0,0,0.0,0,0.0,0,0.0,0,0.0,1,0.10162591026970631,0,0.0
09002200121901201501323632L_1296295600_482448700_jpg.rf.60cff8c5ef1e16ed6991397f72274466.jpg,5,0,0.0,0,0.0,2,0.03930743799141969,0,0.0,0,0.0,1,0.014105908770588977,0,0.0
09002200121901201512542542L_1295996000_482065700_jpg.rf.840f928a143009303673263b61d00b4e.jpg,7,0,0.0,0,0.0,3,0.012829151433347768,0,0.0,0,0.0,1,0.005672465112702439,0,0.0
09002200121901201513477622L_1295982100_482065500_jpg.rf.61f66751f517a95ff0b3b69ee4d4a9f1.jpg,5,0,0.0,0,0.0,0,0.0,0,0.0,0,0.0,1,0.019415422547081108,0,0.0
09002200121901201514324872L_1295930200_482064400_jpg.rf.05f6e1f028a7581281996117ef4ec99c.jpg,6,0,0.0,0,0.0,1,0.0002763046263225978,0,0.0,0,0.0,2,0.023125883992843228,0,0.0
09002200121901201514337662L_1295928200_482064400_jpg.rf.d7eec64c39710fd18770727bba1be340.jpg,7,0,0.0,0,0.0,0,0.0,0,0.0,0,0.0,1,0.007454559286416042,0,0.0
09002200121901201516486532L_1295789000_482057000_jpg.rf.899497b24156fa66b9956f7713f21aa2.jpg,8,0,0.0,0,0.0,0,0.0,0,0.0,0,0.0,3,0.009296942984442455,0,0.0
09002200121901201517444592L_1295752300_482054900_jpg.rf.e1f03e82b3bde4824be5af3106ed6144.jpg,6,0,0.0,0,0.0,2,0.007630240800399413,0,0.0,0,0.0,3,0.044494570145016045,0,0.0
09002200121901201517492952L_1295746300_482054400_jpg.rf.587f8367f77016b4d58119ae3736ca20.jpg,6,0,0.0,0,0.0,0,0.0,0,0.0,0,0.0,2,0.023364773640569183,0,0.0
09002200121901201517560602L_1295737400_482053800_jpg.rf.26ab6271c64c57d94f33ebd2c4c058b9.jpg,7,0,0.0,0,0.0,0,0.0,0,0.0,0,0.0,2,0.008587604907806965,0,0.0
09002200121901201518429702L_1295685300_482049100_jpg.rf.e62a3d57db7863d09a72bdf01922c3e4.jpg,7,0,0.0,0,0.0,0,0.0,0,0.0,0,0.0,3,0.010962463203427433,0,0.0
09002200121901201518503652L_1295674500_482048000_jpg.rf.566498b0bc6fc10d38b7278cc13e1d80.jpg,6,0,0.0,0,0.0,3,0.0230388294578006,0,0.0,0,0.0,3,0.027074371350695393,0,0.0
09002200121901201518581492L_1295661600_482046600_jpg.rf.dc455d1b949bfacd8973853c0dca0e1d.jpg,5,0,0.0,0,0.0,3,0.06961296399254938,0,0.0,0,0.0,0,0.0,0,0.0
09002200121901201520425852L_1295556100_482034200_jpg.rf.f33872a54e4c07d5b7965497e68641aa.jpg,2,0,0.0,0,0.0,2,0.1324254935892577,0,0.0,0,0.0,0,0.0,0,0.0
09002200121901201521438862L_1295508400_482028400_jpg.rf.b367cf9270b6a0f16419a719ec641da9.jpg,6,0,0.0,0,0.0,3,0.019315821117984362,0,0.0,0,0.0,3,0.027449535725178293,0,0.0
09002200121901201521460702L_1295505600_482028100_jpg.rf.39cb836a8f8d4ab5692ee2c96444eb68.jpg,6,0,0.0,0,0.0,3,0.06496623058088177,0,0.0,0,0.0,4,0.02372129081898603,0,0.0
09002200121901201521518422L_1295496200_482026700_jpg.rf.f3f3200bc9e6a330f9e6fc9d0a5cc9b2.jpg,4,0,0.0,0,0.0,1,0.0978880036857845,0,0.0,0,0.0,3,0.022502436006354827,0,0.0
09002200121901201521569722L_1295487500_482025200_jpg.rf.071292b909920dacd405903b4a9ba57b.jpg,3,0,0.0,0,0.0,4,0.16240877729968134,0,0.0,0,0.0,2,0.05754999842550427,0,0.0
09002200121901201532240442L_1295726700_482051400_jpg.rf.ae75a56463ab80aa9879c484ed1fb969.jpg,8,0,0.0,0,0.0,2,0.0042792513260337724,0,0.0,0,0.0,1,0.0036644227820215743,0,0.0
09002200121901201532574362L_1295764200_482054100_jpg.rf.5429cd1502beef13c4464d286395e1e0.jpg,3,0,0.0,0,0.0,3,0.19970954256543788,0,0.0,0,0.0,2,0.002944842399438123,0,0.0
09002200121901201533339622L_1295778300_482055000_jpg.rf.507ba18f42c74452c3b0d0d987a46628.jpg,6,0,0.0,0,0.0,4,0.07387734246603032,0,0.0,0,0.0,2,0.01074790291429963,0,0.0
09002200121901201534072932L_1295810500_482056700_jpg.rf.8920909c7c09bc06dece71113dfe655a.jpg,2,0,0.0,0,0.0,2,0.1874703912397308,0,0.0,0,0.0,1,0.0017285722635278949,0,0.0
09002200121901201534112552L_1295814800_482057000_jpg.rf.277792ff32a586bef76ab6d30e5d9391.jpg,6,0,0.0,0,0.0,3,0.02747006768659958,0,0.0,0,0.0,2,0.022117809208821202,0,0.0
09002200121901201536553112L_1295902600_482062400_jpg.rf.21a57317ff03c6365a6fe90dafa29c83.jpg,8,0,0.0,0,0.0,4,0.011151542559073285,0,0.0,0,0.0,0,0.0,0,0.0
09002200121901201537062992L_1295908600_482062500_jpg.rf.832168e7db47c5f008d431b0e3516c5d.jpg,6,0,0.0,0,0.0,3,0.04793210730471402,0,0.0,0,0.0,1,0.008900490174664811,0,0.0
09002200121901201537348162L_1295924700_482062900_jpg.rf.40de226dff0ad9c0a1d63960d4972578.jpg,5,0,0.0,0,0.0,3,0.0329845195868438,0,0.0,0,0.0,1,0.028136443620205683,0,0.0
09002200121901201537545972L_1295940700_482063300_jpg.rf.488bc79a2fbf5f5366782ec699a933f4.jpg,6,0,0.0,0,0.0,3,0.01218262842204695,0,0.0,0,0.0,2,0.0622472731140715,0,0.0
09002200121901201537571412L_1295943600_482063300_jpg.rf.cfbaec8a79130a8ee8fbf72f6a7a61e8.jpg,5,0,0.0,0,0.0,2,0.04334866858438548,0,0.0,0,0.0,1,0.011441962793405765,0,0.0
09002200121901201538156012L_1295961500_482063600_jpg.rf.91454e82f98cd1193ca82ad987e6ebcb.jpg,7,0,0.0,0,0.0,3,0.02606330508515384,0,0.0,0,0.0,2,0.005681020644183263,0,0.0
09002200121901201538293602L_1295975500_482063900_jpg.rf.818fc11529909bad66888c9681cefaae.jpg,6,0,0.0,0,0.0,4,0.043517713764031234,0,0.0,0,0.0,0,0.0,0,0.0
09002200121901201542396832L_1296280200_482035500_jpg.rf.ed2388cc46bb01dcb35bfd1d276c2f5f.jpg,6,0,0.0,0,0.0,5,0.054157903817108485,0,0.0,0,0.0,2,0.015161204250243828,0,0.0
09002200121901201544057272K_1295829000_483212500_jpg.rf.5057a05acbd3f26d1a70be657fa3b3c0.jpg,5,1,0.039494230942159446,0,0.0,0,0.0,0,0.0,0,0.0,0,0.0,4,0.0029572096914785104
09002200121901201558074332K_1295790200_483351200_jpg.rf.2d147b977aa3b61c92ffc85db59fd5a1.jpg,4,0,0.0,1,0.022277384666958822,0,0.0,0,0.0,0,0.0,0,0.0,0,0.0
09002200121901201559389592L_1296227700_482888400_jpg.rf.a2c3665d5656428c777b5c79bf0e90a8.jpg,6,0,0.0,0,0.0,2,0.02980811785382684,0,0.0,0,0.0,1,0.014654749854198599,0,0.0
09002200121901201600044792L_1296227000_482910600_jpg.rf.a7a4056ce5c80ae0d60a699778c6eb21.jpg,3,0,0.0,0,0.0,1,0.103176947184329,0,0.0,0,0.0,2,0.01278983557132051,0,0.0
09002200121901201600107662L_1296226800_482916600_jpg.rf.84e9d1fa8cde7c9b98a3eaa7aced7eba.jpg,4,0,0.0,0,0.0,1,0.02331351448937312,0,0.0,0,0.0,5,0.14182954375650297,0,0.0
09002200121901201600178642L_1296226600_482922700_jpg.rf.f5683cf238171273af295d66c5de8823.jpg,7,0,0.0,0,0.0,3,0.007360721428822217,0,0.0,0,0.0,2,0.029073727602319587,0,0.0
09002200121901201600217642L_1296226500_482926800_jpg.rf.a6946fa8e41dbd8b45bd8f252d295c83.jpg,4,0,0.0,0,0.0,1,0.035252113013630154,0,0.0,0,0.0,1,0.015545545653094451,0,0.0
09002200121901201601116962L_1296224200_482993900_jpg.rf.00a465acbd68cba35456c1ae6ecc6f47.jpg,7,0,0.0,0,0.0,2,0.017114156280520074,0,0.0,0,0.0,1,0.001508006392828065,0,0.0
09002200121901201601563522L_1296222700_483037800_jpg.rf.d90b1865ebf21e29930613daa31d500f.jpg,7,0,0.0,0,0.0,3,0.02702763251880015,0,0.0,0,0.0,2,0.00493749705152367,0,0.0
09002200121901201602107992L_1296222300_483051900_jpg.rf.64efd2999b3ee3fb9a832583619f9b5a.jpg,6,0,0.0,0,0.0,1,0.012028793805584428,0,0.0,0,0.0,1,0.007621163420385529,0,0.0
09002200121901201603137612L_1296221500_483103800_jpg.rf.2ce26a94053cfec0bd8f27bdba7c0f08.jpg,8,0,0.0,0,0.0,2,0.004935876678828208,0,0.0,0,0.0,2,0.002165523960575242,0,0.0
09002200121901201603183632L_1296221500_483107700_jpg.rf.0cd932aa102ba3e42bfc9c9b7d5412b6.jpg,7,0,0.0,0,0.0,1,0.010487572252623067,0,0.0,0,0.0,1,0.0007174104363002691,0,0.0
09002200121901201603412052L_1296221500_483148900_jpg.rf.d1e7acb6f6fb241a16b34e338ca7fc6b.jpg,6,0,0.0,0,0.0,3,0.029614068749997387,0,0.0,0,0.0,2,0.008241500222920877,0,0.0
09002200121901201603424372L_1296221100_483151400_jpg.rf.43ce2f7221aed35ec0b9e1a6baef878c.jpg,7,0,0.0,0,0.0,1,0.006482179814847757,0,0.0,0,0.0,1,0.006884470993873038,0,0.0
09002200121901201611521332L_1295643000_483172600_jpg.rf.1cdc5c31916a74d53252f7cbf7f12dd5.jpg,8,0,0.0,0,0.0,3,0.009218674570456645,0,0.0,0,0.0,1,0.0010786733850545716,0,0.0
09002200121901201613349732L_1295544000_483167700_jpg.rf.ff2da4caebf97a8957ddbdc0fbec2786.jpg,6,0,0.0,0,0.0,2,0.017284434401840385,0,0.0,0,0.0,0,0.0,0,0.0
09002200121901201613596642K_1295786900_483325100_jpg.rf.be5f77fb011eb30fa4d96e7012411dd3.jpg,7,0,0.0,1,0.012350770447737887,0,0.0,0,0.0,1,0.002014593136982512,0,0.0,1,0.00018131428616470656
09002200121901201614220782K_1295787900_483296300_jpg.rf.ce6d9b8cdf031eef3b0fba87edbea745.jpg,9,0,0.0,1,0.0035612658288118907,0,0.0,0,0.0,0,0.0,0,0.0,3,0.006504647266301617
09002200121901201615191392L_1295451500_483129100_jpg.rf.4af5d8642287712d4617f742dc232ea5.jpg,4,0,0.0,0,0.0,2,0.06230078367156693,0,0.0,0,0.0,0,0.0,0,0.0
09002200121901201618317282K_1295782100_483244300_jpg.rf.ae0b4a9f896e2a51207532c93f395b0c.jpg,4,0,0.0,0,0.0,0,0.0,0,0.0,1,0.03870735031766795,0,0.0,1,0.0003141375239283661
09002200121901201618335942K_1295780600_483244300_jpg.rf.897c648637d6108eb521ecd7e8f49d94.jpg,6,0,0.0,1,0.012541127802796837,0,0.0,0,0.0,3,0.01758913425445371,0,0.0,1,0.0008885073620564298
09002200121901201620461132Q_1296062200_482274200_jpg.rf.3ceb000be6db8d6e3826ee6145e37306.jpg,6,0,0.0,1,0.005636504159720073,0,0.0,0,0.0,1,0.03879620478310244,0,0.0,3,0.0017214428384136225
09002200121901201620549072Q_1296066700_482264700_jpg.rf.7621bbc12b72bb20374ed93b69bb129e.jpg,7,0,0.0,1,0.006824868809462734,0,0.0,0,0.0,0,0.0,0,0.0,1,0.0002918317632338585
09002200121901201620576512Q_1296068300_482261200_jpg.rf.f19836fff7a5fdd0cfcdf3415cabac92.jpg,3,0,0.0,0,0.0,0,0.0,0,0.0,1,0.02615972652871278,0,0.0,0,0.0
09002200121901201623278912K_1295846200_483186400_jpg.rf.3f4fdb13e4d427a77e5fe7150f59a3a3.jpg,8,0,0.0,0,0.0,0,0.0,0,0.0,2,0.004443244879566909,0,0.0,1,0.0025642468518253746
09002200121901201623324852K_1295850200_483186500_jpg.rf.25fde672f16317be3958fe4571e51891.jpg,5,0,0.0,1,0.027379982101210773,0,0.0,0,0.0,3,0.01676097733916091,0,0.0,0,0.0
09002200121901201624478892K_1295923800_483194500_jpg.rf.46ce05910a4b50bd5af92f8fc958c21b.jpg,4,0,0.0,2,0.04721032323440795,0,0.0,0,0.0,1,0.006894390841530368,0,0.0,0,0.0
09002200121901201626105632K_1295930400_483195100_jpg.rf.d82ac9cea812407144e1ee3e56bbef6c.jpg,4,0,0.0,1,0.009299567083230613,0,0.0,0,0.0,2,0.04966821719417337,0,0.0,0,0.0
09002200121901201640407902K_1295792800_483239400_jpg.rf.3c1879e8f636e2fec21c32b0ad948abe.jpg,4,0,0.0,1,0.03697128316825911,0,0.0,0,0.0,0,0.0,1,0.006112191960928612,0,0.0
09002200121901201646598192K_1295788400_483362100_jpg.rf.1417978cbfc771386a0c8e110acf2144.jpg,6,0,0.0,0,0.0,2,0.0304397867554644,0,0.0,0,0.0,0,0.0,1,0.0003019112507172395
09002200121901201647299142K_1295786500_483374300_jpg.rf.995bfb6f803f9a0e6cfeb4f26513c079.jpg,5,0,0.0,1,0.014305004507332342,0,0.0,0,0.0,0,0.0,0,0.0,0,0.0
09002200121901201647311362K_1295786600_483372900_jpg.rf.50265f5a6b20d38e6cab6bd88b23edc0.jpg,5,0,0.0,1,0.013963359206172778,0,0.0,0,0.0,0,0.0,0,0.0,0,0.0
09002200121901201647345142K_1295786700_483368900_jpg.rf.ef3fc07d0cf6a4567429f1db10da2d79.jpg,3,0,0.0,1,0.026101538152142893,0,0.0,0,0.0,0,0.0,0,0.0,0,0.0
09002200121901201650082292K_1295791600_483232800_jpg.rf.ef607ce2fb18068daddb686e820be6ea.jpg,6,0,0.0,0,0.0,3,0.03550705715273578,0,0.0,0,0.0,2,0.0031103739846184914,0,0.0
09002200121901201650126672K_1295791800_483228800_jpg.rf.81c945e8881f000fd24488ecbb95a7ee.jpg,2,0,0.0,0,0.0,0,0.0,0,0.0,0,0.0,1,0.052516362539847636,0,0.0
09002200121901201650265112K_1295791800_483227500_jpg.rf.ae19b56926b87e092f3a31b0f347100c.jpg,6,0,0.0,0,0.0,1,0.024613109681213233,0,0.0,0,0.0,1,0.0005336217888907407,0,0.0
09002200121901201650290112K_1295791900_483226200_jpg.rf.c92fb307a53f0ea3a20f7d38569a607f.jpg,2,0,0.0,0,0.0,0,0.0,0,0.0,0,0.0,1,0.06846733640288448,0,0.0
09002200121901201654359122K_1295944300_483172100_jpg.rf.b4dacfa48629d4885c76a05c2b3ce02b.jpg,6,0,0.0,1,0.007917413662771636,0,0.0,0,0.0,0,0.0,0,0.0,0,0.0
09002200121901210911412332K_1296275000_483085500_jpg.rf.5f0a5497e01915f820726c9b6a3790bf.jpg,6,0,0.0,1,0.029177942044448173,0,0.0,0,0.0,0,0.0,0,0.0,2,0.001447398123286808
09002200121901211003121282K_1296342100_483067600_jpg.rf.40174ee037bbc4a9647367f4823c9afb.jpg,3,1,0.0728171442871917,0,0.0,0,0.0,0,0.0,0,0.0,0,0.0,3,0.004082052694102459
09002200121901211017146592Q_1295994400_482054100_jpg.rf.09557a52a9dc6ae392f271fca980aa83.jpg,6,0,0.0,1,0.007046717027242267,0,0.0,0,0.0,0,0.0,0,0.0,0,0.0
09002200121901211019552712K_1296332000_483055400_jpg.rf.ee7f0692e6f644fa2193572332d2c2d5.jpg,6,0,0.0,0,0.0,0,0.0,0,0.0,0,0.0,1,0.012920126724475236,0,0.0
09002200121901211022275042K_1296262200_483053600_jpg.rf.8a8513324c7b45bb8f45c61a7bb56cfd.jpg,7,0,0.0,0,0.0,2,0.009073087278211461,0,0.0,0,0.0,0,0.0,0,0.0
09002200121901211022302982K_1296265800_483053400_jpg.rf.006eac05efbc2522c2358b0cf76bacae.jpg,3,0,0.0,0,0.0,1,0.04615721318606122,0,0.0,0,0.0,0,0.0,0,0.0
09002200121901211022329842K_1296269200_483053300_jpg.rf.c2cf2ba85782424a2bad561ec743304c.jpg,3,0,0.0,1,0.06576661586039222,0,0.0,0,0.0,0,0.0,0,0.0,1,0.0005928606532779679
09002200121901211022335392K_1296269900_483053300_jpg.rf.62615f78570a80d89dca68a217cdbbaa.jpg,2,0,0.0,1,0.09896075669107915,0,0.0,0,0.0,0,0.0,0,0.0,1,0.0009966151428670855
09002200121901211138348022K_1296224900_482832000_jpg.rf.453aa0de317a73f05ba65a4993680bd6.jpg,5,0,0.0,1,0.015037467788588402,0,0.0,0,0.0,0,0.0,0,0.0,0,0.0
09002200121901211138364272K_1296224900_482830500_jpg.rf.85e12b5448a4b6f8f47c768f69be04c8.jpg,6,0,0.0,1,0.011255209676437516,0,0.0,0,0.0,1,0.0014091414840368096,0,0.0,0,0.0
09002200121901211205387802L_1295192200_482421500_jpg.rf.57699027f83884473abec5fc65a4a06f.jpg,6,0,0.0,0,0.0,1,0.010956949979272395,0,0.0,0,0.0,0,0.0,0,0.0
09002200121901211231156892L_1295108600_483010400_jpg.rf.501342b60d57df703c411d1ec64c1006.jpg,2,0,0.0,1,0.0468961488439561,0,0.0,0,0.0,0,0.0,0,0.0,0,0.0
09002200121901211446554462Q_1296252900_482152500_jpg.rf.56afae727636ec50fc1e42cdb05d9840.jpg,4,0,0.0,1,0.021085236832732335,0,0.0,0,0.0,0,0.0,0,0.0,0,0.0
09002200121901211446589942Q_1296255900_482148700_jpg.rf.1d46c11792211134d46722ce212094b7.jpg,7,0,0.0,1,0.004047751541711477,0,0.0,0,0.0,0,0.0,0,0.0,0,0.0
09002200121901211448296372Q_1296287300_482096000_jpg.rf.4ac5a2f3e887a70462462c40146f9a97.jpg,5,0,0.0,1,0.01615665047222137,0,0.0,0,0.0,0,0.0,0,0.0,0,0.0
09002200121901211528274402K_1295936900_483153000_jpg.rf.e7e03c0dd8d4e962e5ad9f3f2eca9818.jpg,5,0,0.0,0,0.0,2,0.03646495227922971,0,0.0,0,0.0,0,0.0,0,0.0
09002200121901211616411692Q_1296230700_482190000_jpg.rf.ff0346ec97f20af2e474f47f3e1137c0.jpg,6,0,0.0,2,0.017666960745518736,0,0.0,0,0.0,0,0.0,0,0.0,0,0.0
09002200121901211631409462L_1295273200_482385600_jpg.rf.56cbf00e105042e48adc778d861a2055.jpg,6,0,0.0,0,0.0,0,0.0,0,0.0,1,0.008181261345525855,0,0.0,0,0.0
09002200121901211632311532Q_1296295300_482191700_jpg.rf.4dac1b65ad81cfe2c3ed7b1eef1d78e7.jpg,4,0,0.0,1,0.003524252647039239,0,0.0,0,0.0,1,0.05749029036583124,0,0.0,1,0.00033950622366774
09002200121901221046119112Q_1296079700_482208300_jpg.rf.ae687a3e752fcd5d967284950a10c97e.jpg,7,0,0.0,0,0.0,1,0.005533758454548655,0,0.0,1,0.0018478967456940153,0,0.0,0,0.0
09002200121901221140166882Q_1296055600_482293100_jpg.rf.677f8e86711229f64e546196feb45d25.jpg,6,0,0.0,4,0.035010340200865346,0,0.0,0,0.0,0,0.0,0,0.0,2,0.001156074861624461
09002200121901221204057222Q_1296053200_482334200_jpg.rf.f8b8a0272b474c9315e369874be41a87.jpg,6,0,0.0,3,0.02313380852230693,0,0.0,0,0.0,1,0.007610128728083487,0,0.0,1,0.0013965259355518344
09002200121901221204504902Q_1296055800_482299600_jpg.rf.c58429a1a249196d59e9b39e2e6b4b81.jpg,7,0,0.0,1,0.004464399768403382,1,0.0008314206983959594,0,0.0,0,0.0,1,0.014909066334366798,1,0.0001436395843484206
09002200121901221204549592Q_1296056400_482293900_jpg.rf.fd43de4e913a6d24d21a5ea879092450.jpg,8,0,0.0,0,0.0,0,0.0,0,0.0,0,0.0,1,0.002568350851634022,0,0.0
09002200121901221204559752Q_1296056500_482292800_jpg.rf.e3987e7c34cf00e65890a6149a2766b4.jpg,5,0,0.0,2,0.031498368208121956,0,0.0,0,0.0,1,0.01969193480881586,0,0.0,1,0.0013185144642875513
09002200121901221204589592Q_1296057000_482289700_jpg.rf.1ac4b517180d935c85af6c94fbf6c3e3.jpg,4,0,0.0,1,0.018018168744310968,0,0.0,0,0.0,0,0.0,0,0.0,0,0.0
09002200121901221206116452Q_1296059400_482281500_jpg.rf.6b9889231a68d8431397883556a4e2fc.jpg,1,0,0.0,2,0.10177361357949846,0,0.0,0,0.0,0,0.0,0,0.0,0,0.0
09002200121901221209185202Q_1296074200_482226800_jpg.rf.ee34bca20557a037c4fa02c0f840d7e6.jpg,6,0,0.0,1,0.010334861400906448,0,0.0,0,0.0,0,0.0,0,0.0,1,0.00026067858716032787
09002200121901221209507862Q_1296075100_482204900_jpg.rf.fa1e4334d221874608095aa945c21322.jpg,7,0,0.0,0,0.0,1,0.005829046539292904,0,0.0,0,0.0,1,0.00560856417818286,0,0.0
09002200121901221345060412Q_1295908700_482345900_jpg.rf.8c3fe581c9f36a25819b32a297fc780e.jpg,4,0,0.0,1,0.04221915051225553,0,0.0,0,0.0,0,0.0,0,0.0,1,0.00014184341234795505
09002200121901221345093532Q_1295908300_482342700_jpg.rf.0e391f7f588a44fbc1fd9e2fa3fdc1c8.jpg,5,0,0.0,2,0.047856169122896974,0,0.0,0,0.0,0,0.0,0,0.0,2,0.0005104520234635859
09002200121901221345115572Q_1295908100_482340500_jpg.rf.4ae89b9db7e6cd4dbc8b043cfd56908c.jpg,4,0,0.0,1,0.01809913523738942,0,0.0,0,0.0,0,0.0,0,0.0,0,0.0
09002200121901221345126822Q_1295907900_482339400_jpg.rf.5c68050165a09ec35b33144dbf71fbd0.jpg,4,0,0.0,2,0.0378192174817832,0,0.0,0,0.0,0,0.0,0,0.0,0,0.0
09002200121901221643180672Q_1296296800_482217400_jpg.rf.17c29aaec31a7b55882aad4cb694e8e0.jpg,5,0,0.0,1,0.016189832560776274,0,0.0,0,0.0,0,0.0,0,0.0,0,0.0
09002200121901221645196242Q_1296298000_482197300_jpg.rf.4e528d76852a2d6d670beb06bc161067.jpg,8,0,0.0,0,0.0,0,0.0,0,0.0,1,0.004541548205452273,0,0.0,1,0.0002903602996866539
09002200121901221650137292Q_1296305900_482366600_jpg.rf.45452498f70422f25de0575c3c581ddc.jpg,2,0,0.0,0,0.0,0,0.0,0,0.0,1,0.03518294608142691,0,0.0,0,0.0
09002200121901221651534522Q_1296337500_482348700_jpg.rf.c810223fda2c22c90bc209bcf41c0cf3.jpg,6,0,0.0,1,0.01326914232224226,0,0.0,0,0.0,1,0.004278669487102888,0,0.0,1,0.00013707060606975573
09002200121901230925282692Q_1296369200_482367900_jpg.rf.b8ee4dc00ac548e2f75bfcf5626a4cb1.jpg,1,0,0.0,0,0.0,1,0.0813049680531367,0,0.0,0,0.0,0,0.0,0,0.0
09002200121901230927270422Q_1296246300_482370300_jpg.rf.624951aef569811c7600474e49564f49.jpg,5,0,0.0,1,0.010061652544736717,0,0.0,0,0.0,0,0.0,0,0.0,0,0.0
09002200121901231008374602K_1295882200_483175800_jpg.rf.18199009b83ed8512c4ddf594ae57f23.jpg,9,0,0.0,0,0.0,1,0.0013297817590319028,0,0.0,0,0.0,0,0.0,0,0.0
09002200121901231008583682K_1295901700_483175900_jpg.rf.8f2469160b1ef38af6fe3d67fbbb4201.jpg,7,0,0.0,0,0.0,0,0.0,0,0.0,0,0.0,1,0.007379852964641031,0,0.0
09002200121901231011516922K_1296009000_483177300_jpg.rf.663f545b19389b3ed5e495170314c098.jpg,2,0,0.0,0,0.0,0,0.0,0,0.0,0,0.0,2,0.10202327914577847,0,0.0
09002200121901231013184962K_1296096800_483179400_jpg.rf.f4cf7503dc02c1fdf2868df80c5126f9.jpg,8,0,0.0,0,0.0,1,0.0027748454870015846,0,0.0,0,0.0,0,0.0,0,0.0
09002200121901231013219162K_1296102800_483179500_jpg.rf.11c2705a00f39d7a8f4b97307beb1269.jpg,5,0,0.0,0,0.0,2,0.03198866241725228,0,0.0,0,0.0,1,0.03032951292965553,0,0.0
09002200121901231013239922K_1296106500_483179600_jpg.rf.b4f197ea1148ca6e16d62a31937925f6.jpg,7,0,0.0,0,0.0,0,0.0,0,0.0,0,0.0,2,0.012457397873631634,0,0.0
09002200121901231013310352K_1296118500_483179900_jpg.rf.9cae178d34e902506bcb797ad813f9aa.jpg,6,0,0.0,0,0.0,2,0.018479330978088904,0,0.0,0,0.0,0,0.0,0,0.0
09002200121901231014227262K_1296207300_483172100_jpg.rf.32e57a8bc9347948b55b540c24acaa1f.jpg,7,0,0.0,0,0.0,1,0.0028715158673185215,0,0.0,0,0.0,1,0.007214736888745393,0,0.0
09002200121901231014439882K_1296220700_483139600_jpg.rf.e5a875d1f101ef8872cb2602a05a8b4f.jpg,5,0,0.0,0,0.0,2,0.006223961049008721,0,0.0,0,0.0,1,0.04511093699824641,0,0.0
09002200121901231014459262K_1296220700_483136300_jpg.rf.5ed889544e130c52162b7680357028e5.jpg,6,0,0.0,0,0.0,4,0.024682377254180217,0,0.0,0,0.0,1,0.020751218201894486,0,0.0
09002200121901231014469102K_1296220700_483134600_jpg.rf.693be31bdf87d911234a452d6ed7030e.jpg,8,0,0.0,0,0.0,4,0.010535092519628506,0,0.0,0,0.0,1,0.0005553972603229351,0,0.0
09002200121901231014479732K_1296220700_483133100_jpg.rf.e6d19b0d5eb318218598226ff3c091ac.jpg,7,0,0.0,0,0.0,3,0.009193339366902373,0,0.0,0,0.0,1,0.009369600424770396,0,0.0
09002200121901231015114032K_1296220400_483118700_jpg.rf.46b15d4d3b3e565c6e0f8333b865c21d.jpg,6,0,0.0,0,0.0,3,0.028917866669526143,0,0.0,0,0.0,1,0.005076728328403989,0,0.0
09002200121901231015170752K_1296220400_483115600_jpg.rf.a25065b5bf55d48fe7a0be351943e329.jpg,6,0,0.0,0,0.0,1,0.011859385831830882,0,0.0,0,0.0,1,0.009583160196234564,0,0.0
09002200121901231015533912K_1296219900_483086200_jpg.rf.462863d101e47132eaf928a31fbfbd86.jpg,6,0,0.0,0,0.0,3,0.021892062401152546,0,0.0,0,0.0,1,0.01846955998166777,0,0.0
09002200121901231015568852K_1296219900_483083300_jpg.rf.03237a7102aa380a40e703362ba94266.jpg,7,0,0.0,0,0.0,2,0.0035292750861663,0,0.0,0,0.0,2,0.0192232156961677,0,0.0
09002200121901231015588262K_1296219900_483081600_jpg.rf.efb6b4dd01bac2c567ab17c82d4e8690.jpg,7,0,0.0,0,0.0,2,0.006702626154219602,0,0.0,0,0.0,2,0.017485339274142007,0,0.0
09002200121901231016010292K_1296220000_483079400_jpg.rf.d210fcd5573a859550cf405b7dc6d6e0.jpg,5,0,0.0,0,0.0,2,0.013288994206720871,0,0.0,0,0.0,1,0.05318594484707773,0,0.0
09002200121901231016158712K_1296220400_483068000_jpg.rf.82aa5a68481e32eab0f17a55f60d71dc.jpg,6,0,0.0,0,0.0,1,0.0006322838030428102,0,0.0,0,0.0,1,0.015568483458187074,0,0.0
09002200121901231016312592K_1296220700_483056600_jpg.rf.38ab6f3761c0597cfa315a9df00e0bb8.jpg,6,0,0.0,0,0.0,1,0.0005691783871952794,0,0.0,0,0.0,2,0.043139957033797534,0,0.0
09002200121901231017454032K_1296223300_482979400_jpg.rf.8b5b83f02ff19db864d3d1a0712ccfca.jpg,6,0,0.0,0,0.0,0,0.0,0,0.0,0,0.0,1,0.011151706501336775,0,0.0
09002200121901231017505912K_1296223600_482971100_jpg.rf.a50648eb8abee57e9172e655aa02fcb9.jpg,7,0,0.0,0,0.0,2,0.0038965027026097183,0,0.0,0,0.0,1,0.015471507733798262,0,0.0
09002200121901231017539972K_1296223800_482965300_jpg.rf.ca949945a916e329bfdeaf340bf22030.jpg,6,0,0.0,0,0.0,2,0.023268050853023397,0,0.0,1,0.01274008396283989,2,0.016444875566266996,0,0.0
09002200121901231018185632K_1296224400_482946900_jpg.rf.bec60e7530e9b67a58a436260cf56505.jpg,6,0,0.0,0,0.0,2,0.028850484772092396,0,0.0,0,0.0,0,0.0,0,0.0
09002200121901231019289662K_1296227000_482870800_jpg.rf.c23a8c1ee1d6d2486f7c024020de3db5.jpg,5,0,0.0,0,0.0,0,0.0,0,0.0,1,0.038666003398052456,2,0.006215086595088905,0,0.0
09002200121901231020510662K_1296229200_482805800_jpg.rf.34a36ecdd810945968d59ad80fb8841a.jpg,4,0,0.0,0,0.0,1,0.02915911984506238,0,0.0,0,0.0,0,0.0,0,0.0
09002200121901231034590712Q_1296270700_482372100_jpg.rf.aabc2e6ab312955c4858e83d27499310.jpg,6,0,0.0,1,0.008549080581506148,0,0.0,0,0.0,0,0.0,0,0.0,0,0.0
09002200121901231035005082Q_1296269500_482372100_jpg.rf.8e81275b4529fd72a4782b06b83a2176.jpg,6,0,0.0,1,0.008266563593570026,0,0.0,0,0.0,2,0.010851655890382972,0,0.0,0,0.0
09002200121901231035018832Q_1296268400_482372200_jpg.rf.feb1f95ba126684f0f8b3dfd73602131.jpg,5,0,0.0,2,0.032699612563347955,1,0.02176215880459493,0,0.0,0,0.0,0,0.0,0,0.0
09002200121901231035033212Q_1296267300_482372200_jpg.rf.20019b9218f8374a5885490654a92d9a.jpg,7,0,0.0,1,0.004982662745314883,0,0.0,0,0.0,0,0.0,0,0.0,0,0.0
09002200121901231103286382Q_1296313600_482407600_jpg.rf.e10624da0a7e12c29e2fdd21c4b8bdd2.jpg,4,0,0.0,0,0.0,0,0.0,0,0.0,1,0.020660530032887436,0,0.0,0,0.0
09002200121901231112048522Q_1296153400_482372300_jpg.rf.1682d0dcbacc968377582d06f9dd3699.jpg,5,0,0.0,0,0.0,1,0.017530732773593627,0,0.0,0,0.0,0,0.0,0,0.0
09002200121901231112278312Q_1296135200_482371200_jpg.rf.3d01adbef8c602419eb462a5ce095866.jpg,8,0,0.0,0,0.0,1,0.002631865904404549,0,0.0,0,0.0,0,0.0,0,0.0
09002200121901231146557372Q_1296049300_482462500_jpg.rf.6915d539920776cf84be84d0ddd1ef2a.jpg,6,0,0.0,2,0.014951308235686165,0,0.0,0,0.0,1,0.001969195962737996,0,0.0,0,0.0
09002200121901231147041542Q_1296049400_482457200_jpg.rf.4081d738e85e22f97b93d1362002174c.jpg,7,0,0.0,0,0.0,0,0.0,0,0.0,2,0.014780363960635418,0,0.0,3,0.0016262157009987294
09002200121901231147337852Q_1296050100_482433100_jpg.rf.c3a6d56ce32a699ac2332499a4e16263.jpg,5,0,0.0,0,0.0,0,0.0,0,0.0,1,0.010312572874490798,0,0.0,0,0.0
09002200121901231355412042L_1295309700_483054900_jpg.rf.2600fc07f47feb04dc203704ad53eff6.jpg,6,0,0.0,0,0.0,3,0.027429067058528742,0,0.0,0,0.0,0,0.0,0,0.0
09002200121901231408320342L_1295327800_482939900_jpg.rf.a01c986c9be7cb02879f6d984d9b2b80.jpg,1,0,0.0,1,0.05152807314033453,0,0.0,0,0.0,0,0.0,0,0.0,0,0.0
09002200121901231408401142L_1295327800_482935100_jpg.rf.8eaead694ffe8119838ea740ddceaff1.jpg,1,0,0.0,2,0.2011501175068588,0,0.0,0,0.0,1,0.01377336519339451,0,0.0,0,0.0
09002200121901231408428442L_1295327900_482933500_jpg.rf.267324b46e16c390c74576c504e8af4d.jpg,1,0,0.0,1,0.1379559300249002,0,0.0,0,0.0,0,0.0,0,0.0,1,0.00037165861474932173
09002200121901231410434452L_1295283700_482961300_jpg.rf.fad05a9e79714a6eeb293fe8911cb55e.jpg,6,1,0.010027377230662762,0,0.0,0,0.0,0,0.0,0,0.0,0,0.0,1,0.002868873062152488
09002200121901231411304882L_1295300100_482974700_jpg.rf.9f3178efff6c40fcb48da93c35bacae1.jpg,2,0,0.0,1,0.03692793890513713,0,0.0,0,0.0,0,0.0,0,0.0,0,0.0
09002200121901231419508102L_1295313900_483040700_jpg.rf.658b23eefaded96f2d860e8565cd23e3.jpg,4,0,0.0,1,0.012985922708065806,0,0.0,0,0.0,1,0.030345465592366738,0,0.0,0,0.0
09002200121901231525164612Q_1296051900_482437000_jpg.rf.4a000becb295de4d85c464fe73c86083.jpg,6,0,0.0,1,0.007148850246412616,1,0.0020806726488444838,0,0.0,1,0.007457174551636854,0,0.0,0,0.0
09002200121901231526021832Q_1296052600_482423100_jpg.rf.ef4126a4a8a4478505c3b52e128a40ed.jpg,6,0,0.0,1,0.00435160189461385,0,0.0,0,0.0,1,0.0120347215943184,0,0.0,0,0.0
09002200121901231526352652Q_1296053400_482385400_jpg.rf.39b8e80a59f47189c862a00c11358d8f.jpg,3,0,0.0,1,0.02522410447825678,0,0.0,0,0.0,0,0.0,0,0.0,0,0.0
09002200121901231547451472L_1295207100_483010500_jpg.rf.c83a1b5844827882b5968bb0ed527696.jpg,4,0,0.0,1,0.017600720815898967,0,0.0,0,0.0,0,0.0,0,0.0,0,0.0
09002200121901231557213562Q_1295910000_482367400_jpg.rf.e4831b7d10edfda6d3607874c1a9672e.jpg,3,1,0.03517254203039558,0,0.0,0,0.0,0,0.0,0,0.0,0,0.0,1,0.0010486387370434564
09002200121901231624307052Q_1295917000_482439500_jpg.rf.26944b8e71b4b05b3b757d77fdf6904b.jpg,8,0,0.0,0,0.0,0,0.0,0,0.0,1,0.003960046924203222,0,0.0,1,0.00046106912619507055
09002200121901231629254552L_1295222500_482951800_jpg.rf.f524294cab48aee769fb20d0997e55fd.jpg,8,0,0.0,0,0.0,0,0.0,0,0.0,0,0.0,2,0.005143682897105464,0,0.0
09002200121901231629283412L_1295222400_482950200_jpg.rf.2f8ded0e6fc2df8c892374716f8c1f6a.jpg,3,0,0.0,0,0.0,0,0.0,0,0.0,0,0.0,1,0.03614008690454284,0,0.0
09002200121901231637291082L_1295171900_482971500_jpg.rf.5decff74925b5c296feb5fa61c30fd63.jpg,8,0,0.0,1,0.0024475345485643644,0,0.0,0,0.0,1,0.0011394202255087301,0,0.0,0,0.0
09002200121901231640391462Q_1295895700_482425000_jpg.rf.e3850f64738caf9e16c939a24516f937.jpg,1,1,0.12467971502726413,1,0.020800459610918552,0,0.0,0,0.0,0,0.0,0,0.0,0,0.0
09002200121901231652329782K_1296201300_482807700_jpg.rf.5f8e4d2a842aaabcd23828427a05605b.jpg,5,0,0.0,0,0.0,0,0.0,0,0.0,1,0.03225792196033586,0,0.0,1,0.0002756906463764608
09002200121901231652340872K_1296201200_482808700_jpg.rf.d52bfc2c8bdf89854e315b35b07635d4.jpg,5,0,0.0,0,0.0,0,0.0,0,0.0,2,0.03341030976994716,0,0.0,1,0.00045262835616085797
09002200121901231653304862K_1296227100_482786100_jpg.rf.277fa83474b481dd188548e3ce25fe4d.jpg,4,0,0.0,2,0.04141187486054607,0,0.0,0,0.0,0,0.0,0,0.0,0,0.0
09002200121901231657489772Q_1295915500_482428900_jpg.rf.3b14d98011a2ad9a9b329c4f24d8cc79.jpg,7,0,0.0,0,0.0,0,0.0,0,0.0,1,0.00306118335292922,0,0.0,0,0.0
09002200121901241018117802K_1296131200_483013100_jpg.rf.c48c84aae1fcb71f4aa24e9c91da1178.jpg,3,2,0.06053138846456479,0,0.0,0,0.0,0,0.0,0,0.0,0,0.0,2,0.0019979589569175003
09002200121901241020422212K_1296131300_483009500_jpg.rf.6e23f2688386135384f87185d0511bf6.jpg,1,2,0.0657464960169091,0,0.0,0,0.0,0,0.0,0,0.0,0,0.0,0,0.0
09002200121901241021080842K_1296131500_483004500_jpg.rf.36f0df0df3c71dcc6a523aa12cca4d66.jpg,9,0,0.0,0,0.0,0,0.0,0,0.0,1,0.00284800765283137,0,0.0,2,0.0035045752326641377
09002200121901241046020022L_1295002800_482163500_jpg.rf.6b133e8de668b6ace29f9f93e726e2a1.jpg,7,0,0.0,1,0.01147152380199259,0,0.0,0,0.0,0,0.0,0,0.0,2,0.0017398860132107074
09002200121901241046191002L_1295003500_482147300_jpg.rf.2ac4a0b3296e4fc43fa7603ffaaa5557.jpg,7,0,0.0,0,0.0,0,0.0,0,0.0,2,0.007822606838326448,0,0.0,1,0.0008551520654145907
09002200121901241120171632L_1295008000_482191900_jpg.rf.b9b03afc5fa105d55c6abb8fe6920636.jpg,7,0,0.0,1,0.008091034936533105,0,0.0,0,0.0,0,0.0,0,0.0,1,0.00010068727788166143
09002200121901241202289012K_1295943600_482892300_jpg.rf.27b43609548a82759b23c7ec32197fec.jpg,4,0,0.0,1,0.018142672188805577,0,0.0,0,0.0,0,0.0,0,0.0,0,0.0
09002200121901241215391402K_1295974400_482734900_jpg.rf.b4a8d239c951f1868ea8f1bc2e8076fc.jpg,7,0,0.0,1,0.012100067602805211,0,0.0,0,0.0,0,0.0,0,0.0,3,0.009786057418942836
09002200121901241215412442K_1295976400_482735000_jpg.rf.0f88c3c12ff91ec1f3b4757ec6fb9b98.jpg,6,0,0.0,1,0.011558898746920931,0,0.0,0,0.0,1,0.022647496099875753,1,0.0019916232256491652,2,0.0014550446967723475
09002200121901241215459442K_1295980600_482735100_jpg.rf.b5e9ac34a35a118d252a421f12f0493e.jpg,7,0,0.0,2,0.013656599205569338,0,0.0,0,0.0,0,0.0,0,0.0,1,0.000822980142202141
09002200121901241218022362K_1296034100_482736800_jpg.rf.d15a17b5fd4e17aa859f31c389de1b6f.jpg,6,0,0.0,0,0.0,0,0.0,0,0.0,1,0.016081873865375657,0,0.0,1,0.00023194612249426426
09002200121901241335455232L_1295006400_482193000_jpg.rf.70bccb80ee2bd599ffbea506e57c5449.jpg,6,0,0.0,1,0.01583407074012939,0,0.0,0,0.0,0,0.0,0,0.0,1,0.0005477605146552378
09002200121901241335590242K_1295978300_482735900_jpg.rf.97b78957d7d166c51374d1165c740482.jpg,4,0,0.0,0,0.0,0,0.0,0,0.0,0,0.0,1,0.026966736475465086,0,0.0
09002200121901241416477332K_1295940400_483038400_jpg.rf.ad48fea9bf50dad3c8fb08556334147b.jpg,7,0,0.0,1,0.004199524555515382,0,0.0,0,0.0,0,0.0,0,0.0,0,0.0
09002200121901251018310982Q_1296397100_482343500_jpg.rf.b0576854890d307b7282c2b88934330b.jpg,7,0,0.0,2,0.00859869289184644,0,0.0,0,0.0,1,0.0034019094389805106,0,0.0,2,0.0005637133401887673
09002200121901251123439312Q_1296339700_482423800_jpg.rf.54a68c0c5c7d99be3a8cb1ae7abe6928.jpg,6,0,0.0,0,0.0,1,0.007125303472021187,0,0.0,0,0.0,1,0.0208615778137619,1,0.0048139176462535715
09002200121901251123458682Q_1296339400_482424900_jpg.rf.f45ce2047c75563954017a224cdd2422.jpg,5,0,0.0,1,0.0012761969921484706,1,0.0318053808867262,0,0.0,0,0.0,0,0.0,0,0.0
09002200121901251123531382Q_1296336700_482429500_jpg.rf.23c95a71541a40e532ac246c232df9c7.jpg,6,0,0.0,0,0.0,2,0.03769112577399938,0,0.0,0,0.0,0,0.0,2,0.0016164711684524434
09002200121901251123534282Q_1296336500_482429700_jpg.rf.872779eae9a78e8aad9db5d0d95d8663.jpg,2,0,0.0,1,0.1316595919075303,1,0.01674507859543155,0,0.0,0,0.0,0,0.0,2,0.003577822708921303
09002200121901251123550492Q_1296335600_482430900_jpg.rf.df539e1101f12a9706e5b5dfd249ffcf.jpg,6,0,0.0,0,0.0,1,0.0354384307604323,0,0.0,0,0.0,0,0.0,2,0.0019703780509007663
09002200121901251123595902Q_1296332400_482435100_jpg.rf.2f7e567cf3655e39f2efa1382d51acc8.jpg,6,0,0.0,1,0.009221899836629745,0,0.0,0,0.0,0,0.0,0,0.0,0,0.0
09002200121901251123599962Q_1296332100_482435500_jpg.rf.5acd2a924a0e57f7c6373af8b6b9b7ed.jpg,5,0,0.0,1,0.010807744065241426,0,0.0,0,0.0,0,0.0,0,0.0,0,0.0
09002200121901251124007772Q_1296331400_482436300_jpg.rf.966300553a55bc8d7de9f010b5860a5c.jpg,7,0,0.0,1,0.004844056658021146,0,0.0,0,0.0,0,0.0,0,0.0,0,0.0
09002200121901251124147912Q_1296315400_482446200_jpg.rf.76fe0add9b1072e99be2189b04d7d8a2.jpg,6,0,0.0,0,0.0,1,0.011367010270478204,0,0.0,0,0.0,0,0.0,0,0.0
09002200121901251124159012Q_1296314500_482446500_jpg.rf.5d4e365fe2e101e64184d56a9f6e9f43.jpg,7,0,0.0,0,0.0,2,0.00948759908947977,0,0.0,0,0.0,0,0.0,0,0.0
09002200121901251124172452Q_1296313600_482446900_jpg.rf.4ff271bf650432f99c78835accd594e5.jpg,6,0,0.0,0,0.0,1,0.010430284097415097,0,0.0,0,0.0,0,0.0,0,0.0
09002200121901251245487182Q_1296184300_482426100_jpg.rf.5edfa7f65cf8f998eb74e95849efdf48.jpg,5,0,0.0,0,0.0,0,0.0,0,0.0,3,0.05875335195296884,0,0.0,1,0.00030919560967959117
09002200121901251300183562Q_1295978900_482421800_jpg.rf.cf0681224be1bd09ff204677be182b7f.jpg,7,0,0.0,1,0.005812384350856509,0,0.0,0,0.0,2,0.005846182157144974,0,0.0,1,0.0006251850856392594
09002200121901251300233942Q_1295979000_482417000_jpg.rf.149b5800084ef436f590ee2b653b89d6.jpg,2,0,0.0,2,0.048079535885743784,0,0.0,0,0.0,2,0.10490202441208112,0,0.0,0,0.0
09002200121901251300261602Q_1295979100_482414700_jpg.rf.97361e61b89e0296d67ff065e9ac97f9.jpg,3,0,0.0,0,0.0,1,0.04898265744031962,0,0.0,0,0.0,0,0.0,0,0.0
09002200121901251300273052Q_1295979100_482413800_jpg.rf.98fd8f5cf631cc5d0234537665e3e135.jpg,5,0,0.0,2,0.04678303513121133,0,0.0,0,0.0,2,0.005827233506461199,0,0.0,0,0.0
09002200121901251300360592Q_1295979500_482405900_jpg.rf.91c093dcf7011b92008b58db4596b1d7.jpg,7,0,0.0,0,0.0,0,0.0,0,0.0,1,0.006287922687770335,0,0.0,1,0.00019102762082183947
09002200121901251308290342Q_1295979400_482432800_jpg.rf.31d03935a635fd9de26b014dcf720be3.jpg,5,0,0.0,0,0.0,1,0.04446657610147666,0,0.0,0,0.0,0,0.0,1,0.00029190081286287374
09002200121901251452446392Q_1295977600_482448700_jpg.rf.201548633c3e3cb9c87ab2b498e78e18.jpg,3,0,0.0,0,0.0,0,0.0,0,0.0,1,0.028953384153000986,0,0.0,0,0.0
09002200121901251452510412Q_1295977900_482441000_jpg.rf.828d23800afda0af29ed46e00a7babea.jpg,5,1,0.007089903456374031,2,0.034431902438691396,1,0.027852523405954354,0,0.0,0,0.0,0,0.0,0,0.0
09002200121901251452521502Q_1295978000_482439600_jpg.rf.aaada83cf2693d41fee7d883f1e77645.jpg,4,0,0.0,2,0.04498883427932014,0,0.0,0,0.0,0,0.0,0,0.0,0,0.0
09002200121901251452527442Q_1295978000_482438800_jpg.rf.2bc0d1acbf94e0ed4a45ff8e73fbab69.jpg,4,0,0.0,2,0.04322276469558349,0,0.0,0,0.0,0,0.0,0,0.0,0,0.0
09002200121901251452536972Q_1295978100_482437600_jpg.rf.bb9c342058d963241e30f4978147a5c6.jpg,6,0,0.0,1,0.01397463462177255,0,0.0,0,0.0,0,0.0,1,0.0012783321822098465,0,0.0
09002200121901251452551192Q_1295978200_482435900_jpg.rf.0496232e039ea06ba37730d847756805.jpg,6,0,0.0,2,0.02259063360238544,0,0.0,0,0.0,0,0.0,1,0.0013049048196080604,1,0.0028389365723296488
09002200121901251452557082Q_1295978200_482435300_jpg.rf.486002fe2f11de1851fd8853d2f75209.jpg,5,0,0.0,1,0.015071839093620839,0,0.0,0,0.0,0,0.0,0,0.0,0,0.0
09002200121901251452564992Q_1295978300_482434400_jpg.rf.9b450ffd3f8ff31376af2264fd3da839.jpg,4,0,0.0,2,0.039440409473438645,0,0.0,0,0.0,0,0.0,0,0.0,0,0.0
09002200121901251452576242Q_1295978300_482433000_jpg.rf.042de33381e5d5351dc816187731d086.jpg,5,0,0.0,1,0.01039609642157302,0,0.0,0,0.0,0,0.0,0,0.0,0,0.0
09002200121901251452582492Q_1295978300_482432200_jpg.rf.a2234ceba2cad0b088e0e28b2df2fa13.jpg,7,0,0.0,1,0.009906117512364289,0,0.0,0,0.0,0,0.0,0,0.0,1,0.0001531830826024816
09002200121901251452593902Q_1295978400_482430800_jpg.rf.7dacbd63bf4549928a43a0955dc678c7.jpg,6,0,0.0,1,0.014398322573470063,0,0.0,0,0.0,0,0.0,1,0.0011480938142267405,0,0.0
09002200121901251509206542Q_1296014900_482367600_jpg.rf.e5e1582a7a23290fafc8d64ff0e81fa7.jpg,1,0,0.0,0,0.0,0,0.0,0,0.0,1,0.07401201347558527,0,0.0,0,0.0
09002200121901251610203292L_1295448000_482042300_jpg.rf.0a53e5e6bd40db500f2233e06f487b5d.jpg,6,0,0.0,0,0.0,1,0.017426619477610074,0,0.0,0,0.0,0,0.0,1,0.00046828653824377306
09002200121901251611458062L_1295446400_482106900_jpg.rf.3cefa820f060ccb7a1564bdb23d60d37.jpg,8,0,0.0,1,0.00128745280799194,0,0.0,0,0.0,0,0.0,0,0.0,0,0.0
09002200121901251619029052Q_1296162400_482425200_jpg.rf.01b0b11406a96678580e6a7f4d4f70d7.jpg,5,0,0.0,1,0.029176867390106054,0,0.0,0,0.0,1,0.016273890293093646,0,0.0,2,0.0006696469231792443
09002200121901251619034912Q_1296163100_482425200_jpg.rf.9263f924a293bbf7d0c67b795941ea45.jpg,6,0,0.0,1,0.038667060762145426,0,0.0,0,0.0,0,0.0,0,0.0,3,0.0025636540391587937
09002200121901251619044912Q_1296164200_482425200_jpg.rf.51e6747f1ec6bbfd698bafd12e888cef.jpg,3,0,0.0,1,0.05024167192543248,0,0.0,0,0.0,0,0.0,0,0.0,1,0.00024523162990590207
09002200121901251619057742Q_1296165700_482425300_jpg.rf.ae1b740c38f34a77f59da1939a769031.jpg,2,0,0.0,1,0.04902606867190116,0,0.0,0,0.0,0,0.0,0,0.0,0,0.0
09002200121901251619063832Q_1296166400_482425300_jpg.rf.2208a59385025967dcdff5b56a6556dd.jpg,3,0,0.0,1,0.05076306799463057,0,0.0,0,0.0,1,0.004675414283992723,0,0.0,0,0.0
09002200121901251619075552Q_1296167800_482425300_jpg.rf.1dbf921d4d915fc844ad5ac1000b4706.jpg,5,0,0.0,1,0.04715019192708496,0,0.0,0,0.0,0,0.0,0,0.0,2,0.0007114755470206546
09002200121901251619108902Q_1296171900_482425300_jpg.rf.a5ceff2793ded4c2c01afc5a64795bbf.jpg,7,0,0.0,1,0.0040759609124415876,0,0.0,0,0.0,0,0.0,0,0.0,0,0.0
09002200121901251620541772Q_1296265500_482427500_jpg.rf.f9627aae068e6e83a3620613db686590.jpg,6,0,0.0,0,0.0,0,0.0,0,0.0,1,0.027107174095508488,0,0.0,2,0.0008678233388400259
09002200121901251654002612Q_1296148500_482448100_jpg.rf.31a7b14b12953a1203511230ed80ac00.jpg,1,1,0.0646680434338691,0,0.0,0,0.0,0,0.0,0,0.0,0,0.0,1,0.0006180058209429256
09002200121901251654049952Q_1296149400_482447400_jpg.rf.77d7eab35b1bc33502a98f38b101e451.jpg,3,0,0.0,1,0.031772769124072495,0,0.0,0,0.0,0,0.0,0,0.0,0,0.0
09002200121901251700512732Q_1296346400_482350300_jpg.rf.2e3dffcafe9228554f9cf5f5ee1d10eb.jpg,1,0,0.0,0,0.0,0,0.0,0,0.0,1,0.06036557542593078,0,0.0,0,0.0
09002200121901251700527632Q_1296345900_482349000_jpg.rf.23a0169ef5e95519d03c9c0d516596f3.jpg,2,0,0.0,2,0.11779935822507355,0,0.0,0,0.0,1,0.0025454661756566547,0,0.0,0,0.0
09002200121901251700565882Q_1296343000_482348200_jpg.rf.878cdf6257a5e441ffc7c820a600a3c2.jpg,5,0,0.0,1,0.011928969401351424,0,0.0,0,0.0,0,0.0,0,0.0,0,0.0
09002200121901251700587252Q_1296341800_482348800_jpg.rf.2b0dddcd0763c29f847acdc0791b60b1.jpg,2,0,0.0,1,0.044898712787435215,0,0.0,0,0.0,0,0.0,0,0.0,0,0.0
09002200121901261030243342Q_1296284500_482037100_jpg.rf.da727b6c8c5f3e124085c353a605227f.jpg,5,0,0.0,0,0.0,2,0.045252950287512854,0,0.0,0,0.0,2,0.060100670794572576,1,0.0003855042636678253
09002200121901261030311352Q_1296278300_482037700_jpg.rf.e05c43580d0cb9806090b44c7e1fb00f.jpg,6,0,0.0,0,0.0,0,0.0,0,0.0,0,0.0,1,0.011881363975758176,0,0.0
09002200121901261030420472Q_1296273400_482038100_jpg.rf.dd315416d587d6aefd61ec9ec9b3b6a3.jpg,2,0,0.0,0,0.0,3,0.1506024071320962,0,0.0,0,0.0,0,0.0,0,0.0
09002200121901261030517292Q_1296270400_482038400_jpg.rf.788d24f7977e592091d5f755149bc038.jpg,4,0,0.0,1,0.0830086028482856,1,0.0015237469197018061,0,0.0,0,0.0,3,0.033284431684367066,1,0.0013325790382168635
09002200121901261031100032Q_1296265600_482038800_jpg.rf.30d71065f0a842c51ca8573c1716e988.jpg,6,0,0.0,0,0.0,3,0.03665188157784769,0,0.0,0,0.0,3,0.015524601729659939,0,0.0
09002200121901261032017982Q_1296243100_482040900_jpg.rf.b54868fbf5e158be5ff359b73597df2d.jpg,9,0,0.0,0,0.0,3,0.007719560698401438,0,0.0,0,0.0,2,0.0010772239132074758,1,0.0018260584880590552
09002200121901261032042522Q_1296241700_482041000_jpg.rf.388e81baa755daa031a5cd61358b64b8.jpg,7,0,0.0,0,0.0,2,0.004175686616945313,0,0.0,0,0.0,2,0.024856034778440523,0,0.0
09002200121901261032135702Q_1296235100_482041600_jpg.rf.96ea5d1f5f82c002ca2b9604c5c15f88.jpg,5,0,0.0,0,0.0,6,0.1501166130193718,0,0.0,0,0.0,2,0.01823062887283413,0,0.0
09002200121901261032157582Q_1296233700_482041800_jpg.rf.51f8ae45d1979e759ff761bb3ae16d83.jpg,6,0,0.0,0,0.0,5,0.09983176280993916,0,0.0,0,0.0,4,0.0351180514949965,0,0.0
09002200121901261033303812Q_1296169000_482047700_jpg.rf.66a6e46f79ba5a5d830a7e449928d7a5.jpg,5,0,0.0,0,0.0,4,0.10747442026605429,0,0.0,0,0.0,1,0.007958355472828771,0,0.0
09002200121901261033338182Q_1296163800_482048200_jpg.rf.d40e7654dbc90b8113467809e0c3b479.jpg,4,0,0.0,0,0.0,4,0.1450792966459676,0,0.0,0,0.0,5,0.09360516682189877,0,0.0
09002200121901261033562582Q_1296141400_482050300_jpg.rf.0ca45a42eb2cfd480eca44105b281d9f.jpg,5,0,0.0,1,0.004171650642210806,3,0.05782350900534596,0,0.0,0,0.0,3,0.0907982063529676,0,0.0
09002200121901261034056962Q_1296131500_482051000_jpg.rf.aed871577dce8b8ee47efb6a8532bcd4.jpg,4,0,0.0,0,0.0,5,0.18230096788497463,0,0.0,0,0.0,4,0.04930339452439511,0,0.0
09002200121901261034133842Q_1296125000_482051100_jpg.rf.7f23161e624a1a678ff84e2035548c64.jpg,5,0,0.0,0,0.0,3,0.10697905561818967,0,0.0,0,0.0,3,0.020880731288145854,0,0.0
09002200121901261034188842Q_1296121900_482051300_jpg.rf.9db94d19d4cfc0b95ddf8b78cd9669f9.jpg,6,0,0.0,0,0.0,2,0.036157849535511544,0,0.0,0,0.0,3,0.015461373485054537,0,0.0
09002200121901261034237852Q_1296118400_482051400_jpg.rf.309a85460ed87bc17a3f7660104aafde.jpg,4,0,0.0,0,0.0,2,0.01888237975290395,0,0.0,0,0.0,2,0.08991820919703063,0,0.0
09002200121901261037385402L_1295502200_483093000_jpg.rf.5eb70f3fd47848fe2916d1e45f30e4fa.jpg,9,0,0.0,0,0.0,0,0.0,0,0.0,0,0.0,0,0.0,1,0.0010596352034554003
09002200121901261056571142Q_1296056300_482049100_jpg.rf.c81972b7526c4b8f5e30670d9fb3582f.jpg,4,0,0.0,0,0.0,2,0.08110397646177712,0,0.0,0,0.0,1,0.001889503761535707,0,0.0
09002200121901261057074892Q_1296048100_482049000_jpg.rf.f0a4a1edc7d277255427bae8399cd394.jpg,2,0,0.0,0,0.0,1,0.09769264571574236,0,0.0,0,0.0,1,0.024543220533928437,0,0.0
09002200121901261107585362Q_1295741700_482055100_jpg.rf.cf69e3d00d01686f717ac3ab4644d647.jpg,5,0,0.0,0,0.0,0,0.0,0,0.0,2,0.03222352563901949,0,0.0,0,0.0
09002200121901261120388912Q_1295867700_482063400_jpg.rf.592887bef72a665b9f7a2af7648556a7.jpg,7,0,0.0,1,0.0017893986167109687,0,0.0,0,0.0,2,0.009923789020827495,0,0.0,1,0.0006230211348884082
09002200121901261120446712Q_1295862700_482062000_jpg.rf.ed8f55aeccbbc4ab8e6ba4bc57d849fa.jpg,6,0,0.0,0,0.0,0,0.0,0,0.0,2,0.019801957663453326,1,0.0022749299239876565,0,0.0
09002200121901261121193412Q_1295815100_482059300_jpg.rf.bc2594080aedf489285401428e8f32af.jpg,3,0,0.0,0,0.0,0,0.0,0,0.0,1,0.04732163007296553,1,0.006962497338258799,0,0.0
09002200121901261129051212Q_1295693600_482047500_jpg.rf.539e15067a306c65e127b4491adf237c.jpg,5,0,0.0,0,0.0,0,0.0,0,0.0,3,0.06279456991117055,1,0.004290205927259194,0,0.0
09002200121901261133579692Q_1295593800_482039500_jpg.rf.3b169cca457e8da88b7b7b5d7d6a8729.jpg,2,0,0.0,0,0.0,2,0.16732192843817295,0,0.0,0,0.0,1,0.008102161719812102,0,0.0
09002200121901261136242492Q_1295629400_482040900_jpg.rf.f39a62da8a6b9133547649e740b99bc9.jpg,7,0,0.0,0,0.0,1,0.004007993697546226,0,0.0,0,0.0,0,0.0,0,0.0
09002200121901261144470362L_1295283100_482928100_jpg.rf.87df25e1b84fca5b900eb9a76eaf2df4.jpg,3,0,0.0,1,0.030022318832595804,0,0.0,0,0.0,0,0.0,0,0.0,0,0.0
09002200121901261204472592Q_1296336700_482055600_jpg.rf.6f652b80b94cc705da42d9e59c3d5377.jpg,6,0,0.0,0,0.0,1,0.014452844248080523,0,0.0,0,0.0,1,0.013199887245095852,0,0.0
09002200121901261205583212K_1296180500_482991100_jpg.rf.638dc8bd17115783c93045d8b06cd97b.jpg,5,0,0.0,0,0.0,0,0.0,0,0.0,1,0.05398038786032885,0,0.0,3,0.0007688206030616143
09002200121901261206013142K_1296176400_482991000_jpg.rf.90ab3f15bd778afc1b97cea364954aa4.jpg,7,0,0.0,0,0.0,0,0.0,0,0.0,1,0.004262391094744089,0,0.0,0,0.0
09002200121901261211305272K_1296215000_482859300_jpg.rf.8576f6cd5197bb7c680e5be275977806.jpg,4,0,0.0,2,0.04556578822367783,0,0.0,0,0.0,1,0.0131392811145292,0,0.0,0,0.0
09002200121901261211313082K_1296214100_482859300_jpg.rf.3868f68aacf1a9ab0d938d3dc8b220b4.jpg,7,0,0.0,1,0.006975937503352731,0,0.0,0,0.0,1,0.0024390670065943714,0,0.0,1,0.00038985817451248295
09002200121901261211377462K_1296206900_482859300_jpg.rf.540ead5b963c5bcf6c20db8ccc55d9ec.jpg,5,1,0.003755532316499739,2,0.052184900748497395,0,0.0,0,0.0,1,0.0008752126136459992,0,0.0,0,0.0
09002200121901261213169622K_1296168100_482866900_jpg.rf.d8e8d57a4eb793602b4e789ae06c36b3.jpg,3,0,0.0,1,0.027866255034307414,0,0.0,0,0.0,0,0.0,0,0.0,0,0.0
09002200121901261217094062Q_1296259200_482464800_jpg.rf.2a6968ada70e0e0c4afed300bd358ac3.jpg,7,0,0.0,0,0.0,0,0.0,0,0.0,1,0.004162723200797718,0,0.0,0,0.0
09002200121901261217383592K_1296140200_482861400_jpg.rf.4b84a19fad0e26c47b9afed0ab65be39.jpg,6,0,0.0,0,0.0,0,0.0,0,0.0,1,0.018053752085165797,0,0.0,1,0.0009790715296276176
09002200121901261217452332K_1296146800_482861400_jpg.rf.30b5198add2ad6b44d133bbc05c816a0.jpg,4,0,0.0,0,0.0,0,0.0,0,0.0,1,0.020174419933414355,0,0.0,0,0.0
09002200121901261228463582K_1296227600_482803400_jpg.rf.87a5a0b9f108c3ea01edd38c683b9a45.jpg,6,0,0.0,0,0.0,1,0.014635282195313277,0,0.0,0,0.0,0,0.0,0,0.0
09002200121901261300569312Q_1296249200_482474300_jpg.rf.49976dfcccc31af76b6d6207fd6c42f5.jpg,3,0,0.0,0,0.0,1,0.03659437193993654,0,0.0,0,0.0,0,0.0,0,0.0
09002200121901261315533272Q_1296343300_482387900_jpg.rf.8b389fdd4ad2462e26ae6ca02d3092ff.jpg,9,0,0.0,0,0.0,0,0.0,2,0.0009298131943114641,0,0.0,0,0.0,0,0.0
09002200121901261315550222Q_1296344000_482386700_jpg.rf.11908bd495e667eb3219245e95bd3298.jpg,4,0,0.0,1,0.023144858959085468,0,0.0,0,0.0,0,0.0,0,0.0,0,0.0
09002200121901261320562382Q_1296288800_482457200_jpg.rf.127d9bec97ad60ad4926bebc1e35f2a3.jpg,4,0,0.0,2,0.03696654285558907,0,0.0,0,0.0,0,0.0,0,0.0,0,0.0
09002200121901261328299772Q_1296242400_482471500_jpg.rf.9c0925463a4f6f3f324248e8bd0cd6c6.jpg,6,0,0.0,1,0.008110487112217018,0,0.0,0,0.0,0,0.0,0,0.0,0,0.0
09002200121901261328309772Q_1296244100_482471500_jpg.rf.b3326f643af23bd9161ec6787f90eab1.jpg,6,0,0.0,1,0.00526849462021346,0,0.0,0,0.0,0,0.0,0,0.0,0,0.0
09002200121901261328382592Q_1296256100_482472100_jpg.rf.d04fcd67d11f92c40c6771638c7bac54.jpg,5,0,0.0,1,0.01268133305477022,0,0.0,0,0.0,0,0.0,0,0.0,0,0.0
09002200121901261328389162Q_1296257100_482472300_jpg.rf.38b1751dee09f9216d99d1af4ff0b9b8.jpg,6,0,0.0,1,0.008753111019905191,0,0.0,0,0.0,0,0.0,0,0.0,0,0.0
09002200121901261359019502L_1295352100_482444100_jpg.rf.4f8bc745dbf09fe21be0f2b12c878daf.jpg,5,0,0.0,2,0.026243139990965586,0,0.0,0,0.0,0,0.0,0,0.0,0,0.0
09002200121901261406482422K_1296187300_482779700_jpg.rf.d312a781fb9c2331a53ce3846460304d.jpg,8,0,0.0,1,0.006230530789680411,0,0.0,0,0.0,0,0.0,0,0.0,2,0.0028869134702154044
09002200121901261408039852K_1296153300_482780800_jpg.rf.3c87e33d905d33db911e8086b1ab758d.jpg,6,0,0.0,1,0.01353441884939457,0,0.0,0,0.0,0,0.0,0,0.0,1,0.004627997868274168
09002200121901261410187252Q_1296197000_482534000_jpg.rf.b34cf643564a6c297a843a01dcb37595.jpg,6,0,0.0,0,0.0,1,0.019268902161238655,0,0.0,0,0.0,1,0.0019218142404952231,0,0.0
09002200121901261410517602Q_1296205200_482534200_jpg.rf.3ae1cdfcaae0d4f68fcd9667c9e21786.jpg,7,0,0.0,1,0.01073110807714329,0,0.0,0,0.0,1,0.010068744884456464,0,0.0,3,0.0025105098601596863
09002200121901261411085142Q_1296218200_482534600_jpg.rf.6e9da5e4c601b7ed230d979861c03623.jpg,6,0,0.0,1,0.0067372793055619695,1,0.002781164670241191,0,0.0,1,0.018183390012376347,0,0.0,1,0.0013593850709003221
09002200121901261411520462K_1296132700_482927300_jpg.rf.14b5f0e16a208f53715dad6a47f026e9.jpg,1,0,0.0,1,0.0924324007201858,0,0.0,0,0.0,0,0.0,0,0.0,0,0.0
09002200121901261411534742K_1296132700_482929100_jpg.rf.7ac3530ab5538889abb48808408fab18.jpg,5,0,0.0,1,0.030034696943039306,0,0.0,0,0.0,0,0.0,0,0.0,1,0.0009697630845039377
09002200121901261411547872K_1296132600_482930700_jpg.rf.9009ff17cb428bc2775ec2ecb1b6b59e.jpg,1,0,0.0,1,0.08395987453125597,0,0.0,0,0.0,0,0.0,0,0.0,0,0.0
09002200121901261432365872K_1296131800_482965300_jpg.rf.a85e5d65b5fc4fba1fead5f1513f76d8.jpg,3,1,0.03966456278699297,0,0.0,0,0.0,0,0.0,0,0.0,0,0.0,1,0.000260568539306405
09002200121901261448529852Q_1295910500_482481000_jpg.rf.a64ea4cfcfc44f3e208c9c4d3c3d6ba8.jpg,6,0,0.0,1,0.009127979679306009,0,0.0,0,0.0,0,0.0,0,0.0,0,0.0
09002200121901261516005462K_1296164300_482942700_jpg.rf.a21935b398f05f879766e3172f188732.jpg,6,0,0.0,0,0.0,0,0.0,0,0.0,1,0.015191314979256276,0,0.0,1,0.00022647291792964356
09002200121901261516031392K_1296164300_482944700_jpg.rf.05fc364296bec37dc6f312839e9379f1.jpg,7,0,0.0,1,0.010098578244974288,0,0.0,0,0.0,0,0.0,0,0.0,3,0.0036594297804595074
09002200121901261520559192K_1296201400_482822000_jpg.rf.ec61006e1d06210493c48bc020fed156.jpg,1,0,0.0,2,0.11494068155115994,0,0.0,0,0.0,0,0.0,0,0.0,0,0.0
09002200121901261521036042K_1296201600_482831100_jpg.rf.1b2a08ea59024d12dda490be69486e31.jpg,1,0,0.0,1,0.0828019824721196,0,0.0,0,0.0,1,0.06978998801142552,0,0.0,0,0.0
09002200121901261521187152K_1296202200_482850600_jpg.rf.79a74d3906d411baeaa97c17fd1f454a.jpg,3,0,0.0,2,0.06727772818181166,0,0.0,0,0.0,1,0.013476947621566069,0,0.0,0,0.0
09002200121901261521200922K_1296202300_482852300_jpg.rf.015eeed823ab9386cb1e3e1fb42b1296.jpg,4,0,0.0,2,0.057888405374815204,0,0.0,0,0.0,1,0.003926671118302352,0,0.0,0,0.0
09002200121901261544291732K_1296132200_482910700_jpg.rf.8094a420ca2a54b787679696e17973e0.jpg,5,0,0.0,1,0.02574719034285863,0,0.0,0,0.0,2,0.00955712787440916,0,0.0,0,0.0
09002200121901261544532242K_1296132300_482907500_jpg.rf.f522a320f4f307388f1588f0fb5af8ab.jpg,2,0,0.0,1,0.10148146796585934,0,0.0,0,0.0,0,0.0,0,0.0,2,0.0023466794790806436
09002200121901261544550682K_1296132300_482906300_jpg.rf.b62fa9594a37906ae327eed5c3071524.jpg,1,0,0.0,1,0.12710075422394312,0,0.0,0,0.0,0,0.0,0,0.0,0,0.0
09002200121901261613027642Q_1296137600_482582600_jpg.rf.41d9179293f27aa6234fc163b4f65b6f.jpg,6,0,0.0,0,0.0,1,0.013951980552519672,0,0.0,0,0.0,0,0.0,0,0.0
09002200121901270922036862K_1296082800_482817800_jpg.rf.99ebf361921d4bcde44bb498d765bf4d.jpg,3,0,0.0,0,0.0,1,0.048581340757205,0,0.0,0,0.0,0,0.0,0,0.0
09002200121901270924151322K_1296033600_482818100_jpg.rf.b6e1ece4fb5767d901626abc4cb40bac.jpg,7,0,0.0,0,0.0,1,0.013870547472834005,0,0.0,0,0.0,2,0.005831504119614678,0,0.0
09002200121901270924357432K_1296005200_482818400_jpg.rf.74b24493ec4fd73e8a3fb20b7355d480.jpg,3,0,0.0,0,0.0,3,0.11697860734438796,0,0.0,0,0.0,0,0.0,0,0.0
09002200121901270924526482K_1295980100_482818700_jpg.rf.31dbfdb4a1398e5c82e33435d6eb2fdd.jpg,4,0,0.0,0,0.0,1,0.029267326041385787,0,0.0,0,0.0,1,0.022789957515694823,0,0.0
09002200121901271028034152K_1295899600_482817600_jpg.rf.0a70a18797730c8715ca14ccacc3ff7a.jpg,9,0,0.0,0,0.0,0,0.0,1,0.00018309310207769157,0,0.0,0,0.0,2,0.002365865969659352
09002200121901271059544762Q_1295998100_482644100_jpg.rf.0e06db16fb5bcb84ef6475bd658f74cc.jpg,4,0,0.0,1,0.03446327770714559,0,0.0,0,0.0,1,0.01656914150986267,0,0.0,1,0.00032500032961252145
09002200121901271104452692K_1296044200_482816300_jpg.rf.b3886ff4cbd3e1e29104e1849a9e8fde.jpg,9,0,0.0,0,0.0,0,0.0,0,0.0,0,0.0,1,0.002448250196903265,1,0.003338952968479134
09002200121901271104479102K_1296047000_482816300_jpg.rf.8a56731f6923296fa1747c01b7b3a3cc.jpg,9,0,0.0,0,0.0,1,0.0005120899917528786,0,0.0,0,0.0,1,0.001320686693070468,1,0.0004735352102215984
09002200121901271104492232K_1296048300_482816300_jpg.rf.e6aa92589fe340fb9b2b0ec72d61c257.jpg,4,0,0.0,0,0.0,2,0.09133345827598077,0,0.0,0,0.0,1,0.0016205279503947168,0,0.0
09002200121901271105159092K_1296061700_482816100_jpg.rf.8c5da88bf9727e636381563023f8823f.jpg,6,0,0.0,1,0.007928453323693248,0,0.0,0,0.0,0,0.0,0,0.0,0,0.0
09002200121901271105189092K_1296063400_482816100_jpg.rf.6ecf8cc6222928db74d5d43fbd33f590.jpg,5,0,0.0,0,0.0,1,0.011830556432619233,0,0.0,1,0.019062129692974848,0,0.0,0,0.0
09002200121901271105344652K_1296078800_482816000_jpg.rf.f77e5acda634654897c65618f635918e.jpg,5,0,0.0,0,0.0,0,0.0,0,0.0,1,0.013476323594727547,0,0.0,0,0.0
09002200121901271105555332K_1296104400_482815600_jpg.rf.649c8bbac4e907600ea2e56a51e59f85.jpg,5,1,0.024787571237920917,0,0.0,0,0.0,0,0.0,1,0.0061318195308467695,0,0.0,1,0.0009214131642329448
09002200121901271106002992K_1296110100_482815500_jpg.rf.491367bbda7d80aedfb7f02460cbbf3e.jpg,7,0,0.0,1,0.00736359874061236,0,0.0,0,0.0,0,0.0,1,0.0024735454891651886,0,0.0
09002200121901271120156232Q_1296100600_482687300_jpg.rf.be454f8590d43e7a96681d127cfc5740.jpg,5,0,0.0,0,0.0,0,0.0,0,0.0,2,0.03436114021199046,0,0.0,1,0.0030204953014617785
09002200121901271124246042Q_1296122300_482688300_jpg.rf.9dc255fbc6329ed85cd961058f197aa1.jpg,6,0,0.0,0,0.0,1,0.013507089692138834,0,0.0,1,0.02692428857434602,0,0.0,2,0.002018904659198597
09002200121901271124339172L_1295443600_483111800_jpg.rf.438d96e1791313226bb7c4e7a4f91575.jpg,4,0,0.0,2,0.0618924360044457,0,0.0,0,0.0,0,0.0,0,0.0,1,0.0004959156255063135
09002200121901271128023392Q_1296166100_482688600_jpg.rf.96e5e22c32bf197da1e7429b738a4256.jpg,4,0,0.0,0,0.0,0,0.0,0,0.0,1,0.005752519388565815,1,0.04686410062414325,0,0.0
09002200121901271228438752K_1295917100_482689300_jpg.rf.2f7fb723838d7b146fd88b8081144fe4.jpg,6,0,0.0,1,0.018898882347730257,0,0.0,0,0.0,0,0.0,0,0.0,2,0.004951565728724744
09002200121901271245065102Q_1295925600_482630000_jpg.rf.bb28bbae9b40e51ea426a92bbfe9c32f.jpg,6,0,0.0,1,0.03018464114513564,0,0.0,0,0.0,1,0.004209292107334477,0,0.0,2,0.0009723241964366025
09002200121901271245083852Q_1295925500_482631500_jpg.rf.bb1264f0fda23df6bacffbcef02ad40a.jpg,6,0,0.0,1,0.017478606550848774,0,0.0,0,0.0,1,0.0026044016984087654,0,0.0,1,0.0003259380080180571
09002200121901271245089012Q_1295925500_482631900_jpg.rf.59819e6734ef455ecc24f3d67ebef84a.jpg,7,0,0.0,1,0.019935244285420595,0,0.0,0,0.0,0,0.0,0,0.0,3,0.0009579177773594044
09002200121901271245105572Q_1295925400_482633100_jpg.rf.657339625108c6eb9849e421bdf70e79.jpg,9,0,0.0,0,0.0,0,0.0,0,0.0,0,0.0,0,0.0,2,0.0011534824916725518
09002200121901271245126192Q_1295925400_482634400_jpg.rf.143483a62d9ace283f89fc967bc767cd.jpg,8,0,0.0,1,0.008252071209790301,0,0.0,0,0.0,0,0.0,0,0.0,4,0.00409251744890156
09002200121901271245172142Q_1295925300_482637100_jpg.rf.ea3fa5ede28fd643909ef638ecca8a2a.jpg,7,0,0.0,1,0.012243014091654913,0,0.0,0,0.0,0,0.0,0,0.0,2,0.00103930120507016
09002200121901271356119422Q_1296075600_482587900_jpg.rf.387ae0bb51ab4de670852e72b0bd31b3.jpg,6,0,0.0,0,0.0,0,0.0,0,0.0,0,0.0,2,0.028294082725115,0,0.0
09002200121901271426282292K_1296039400_482799000_jpg.rf.853b878e19f11b2ec84fab5a5773cb82.jpg,5,1,0.01955629275058527,0,0.0,0,0.0,0,0.0,0,0.0,0,0.0,1,0.0005783233392503462
09002200121901271426304412K_1296039400_482797400_jpg.rf.5a52b4547cfb3e90c6971e972975c867.jpg,1,1,0.05467677663393715,0,0.0,0,0.0,0,0.0,0,0.0,0,0.0,0,0.0
09002200121901271426393982K_1296039500_482793500_jpg.rf.8b06c3d9f8939408ab1b30cf7f7935f9.jpg,2,1,0.04182228064900984,1,0.06893150515107434,0,0.0,0,0.0,0,0.0,0,0.0,1,0.00022050595589462318
09002200121901271427112642K_1296040100_482774500_jpg.rf.28abe6c4e8e5381508de18bcadc205c3.jpg,3,1,0.032445273066750824,0,0.0,0,0.0,0,0.0,0,0.0,0,0.0,1,0.00023170519495579423
09002200121901271427401192K_1296041000_482742500_jpg.rf.d112c1f4c82aed56cc0a51572c1c4556.jpg,5,1,0.04880956105387213,1,0.0039296825319252,0,0.0,0,0.0,0,0.0,1,0.0026560212567892432,3,0.00368269486689314
09002200121901311320505512L_1295021100_482353300_jpg.rf.e03e1d68c90148fef12f2607ffdd41c5.jpg,6,0,0.0,0,0.0,0,0.0,0,0.0,1,0.016552875736051645,0,0.0,1,0.0018568052472346607
09002200121902031013459442L_1295467900_482805700_jpg.rf.baa30f76a62ca79176bf1c3d42a7c14f.jpg,8,0,0.0,0,0.0,1,0.00616011983325734,0,0.0,0,0.0,0,0.0,1,0.00043106078137498114
09002200121902031019510452L_1295688600_482791100_jpg.rf.c0f3c0f3aef4318089d43071f2393c2e.jpg,5,0,0.0,0,0.0,1,0.03471086980671316,0,0.0,1,0.009373723916723972,0,0.0,0,0.0
09002200121902031023353182L_1295707900_482790900_jpg.rf.b2ec5f1bd7773979768b7f1b4e70b854.jpg,8,0,0.0,0,0.0,2,0.006670904976144812,0,0.0,0,0.0,0,0.0,0,0.0
09002200121902031023421822L_1295712000_482791100_jpg.rf.083ad582b8faaebfad6e978e8d37c5ef.jpg,7,0,0.0,0,0.0,2,0.011930772535924917,0,0.0,0,0.0,0,0.0,0,0.0
09002200121902031048525502L_1295803400_482924100_jpg.rf.21d3b7765e65502cd3ffd732a23f3095.jpg,1,0,0.0,1,0.05070387017563007,0,0.0,0,0.0,0,0.0,0,0.0,0,0.0
09002200121902031048539392L_1295803400_482922200_jpg.rf.b6a1a07e90711855a2d736f0b3eb5bc7.jpg,3,0,0.0,1,0.05012415454118127,0,0.0,0,0.0,0,0.0,0,0.0,1,0.0002142138883800726
09002200121902031048565912L_1295803600_482918600_jpg.rf.41916a25ed932b33ddc8b0d3b087a23f.jpg,5,0,0.0,2,0.04412098898631257,0,0.0,0,0.0,0,0.0,0,0.0,1,0.0005255279019365854
09002200121902031048591492L_1295803700_482915500_jpg.rf.d9bb96e418a95a7c040bee4f73ba7293.jpg,3,0,0.0,1,0.05524446367246583,0,0.0,0,0.0,0,0.0,0,0.0,1,0.00039227036919328386
09002200121902031049126592L_1295804300_482901000_jpg.rf.a91f795ee720562ae5d2aaa253c3dfb9.jpg,5,0,0.0,1,0.03656658757792003,0,0.0,0,0.0,2,0.003616557505665697,0,0.0,0,0.0
09002200121902031049139852L_1295804300_482899800_jpg.rf.6ffff109fdf1647ee541de1e67e43ac1.jpg,2,0,0.0,1,0.03918193009534207,0,0.0,0,0.0,0,0.0,0,0.0,0,0.0
09002200121902031049153262L_1295804400_482898600_jpg.rf.b70ec8ff15ef3c0b596f3f81465db1ed.jpg,2,0,0.0,1,0.038126049442703334,0,0.0,0,0.0,0,0.0,0,0.0,0,0.0
09002200121902031049236102L_1295804600_482889600_jpg.rf.43e5f701740996e851e5553e9e8af949.jpg,3,0,0.0,1,0.02807622377680671,0,0.0,0,0.0,0,0.0,0,0.0,0,0.0
09002200121902031049249362L_1295804600_482888400_jpg.rf.2e917ba0c9d1f0321beab4a99a06d9ea.jpg,9,0,0.0,0,0.0,0,0.0,0,0.0,0,0.0,0,0.0,1,0.0044113421231668235
09002200121902031140569222L_1295540900_483267300_jpg.rf.7b8eb918edd436294fbc5080dbc0931b.jpg,6,0,0.0,1,0.014075852999658309,0,0.0,0,0.0,0,0.0,0,0.0,1,0.0010079634907378882
09002200121902031141001282L_1295536800_483266900_jpg.rf.7d17b9f5a8dd48ac715e3a29a5fdcb5f.jpg,5,0,0.0,1,0.012057278834145113,0,0.0,0,0.0,0,0.0,0,0.0,0,0.0
09002200121902031221595152L_1295601300_483356300_jpg.rf.69414c5ce54c44e4479f43058c9040db.jpg,8,0,0.0,2,0.00734613605582127,0,0.0,0,0.0,0,0.0,0,0.0,4,0.00414701182659883
09002200121902031242037722L_1295693200_483376900_jpg.rf.06fff9498b2818088cee808b43479b25.jpg,1,1,0.0575038361179395,0,0.0,0,0.0,0,0.0,0,0.0,0,0.0,0,0.0
09002200121902031242051052L_1295691300_483376800_jpg.rf.43350b0cd30325467becff8678371243.jpg,3,1,0.0317792251503033,0,0.0,0,0.0,0,0.0,0,0.0,0,0.0,1,0.0004883908585088648
09002200121902031242088492L_1295685800_483376500_jpg.rf.c98bce8cba2584cecae79096aa36d23e.jpg,5,0,0.0,2,0.0295258129080139,0,0.0,0,0.0,0,0.0,0,0.0,0,0.0
09002200121902031242305262L_1295654100_483374800_jpg.rf.034e0ed84edde5152169420a65ac9671.jpg,1,1,0.065641491867882,0,0.0,0,0.0,0,0.0,0,0.0,0,0.0,1,0.0005806146783925214
09002200121902031242331462L_1295651200_483374500_jpg.rf.6dccd2b377827a7491dc632f265253ba.jpg,6,1,0.011208476947667806,0,0.0,0,0.0,0,0.0,0,0.0,0,0.0,1,0.00174628845725465
09002200121902031249489122L_1295679300_483434200_jpg.rf.1afb5f1960902a22820c981819be2dd8.jpg,5,0,0.0,1,0.027965030250343262,0,0.0,0,0.0,2,0.008571462502484308,0,0.0,0,0.0
09002200121902031249500952L_1295679300_483432900_jpg.rf.a5cf2c85bb656185664dcd6006e534e0.jpg,5,1,0.004771467127284276,3,0.03500053687115953,0,0.0,0,0.0,0,0.0,0,0.0,0,0.0
09002200121902031250282332L_1295680900_483380500_jpg.rf.361dd057a2db7a969b9a48f9ca2dc53a.jpg,5,0,0.0,0,0.0,0,0.0,0,0.0,2,0.0473632401688156,0,0.0,2,0.004840744745470147
09002200121902031319551562L_1295636800_483238600_jpg.rf.30f2bc124537f789d7938c380bce2b2e.jpg,6,0,0.0,1,0.019255197716411192,0,0.0,0,0.0,1,0.007082172634731051,0,0.0,1,0.001337392126147273
09002200121902031339189612L_1295586800_483183700_jpg.rf.4d010630ead89a53bcfcf6bf4a7c5d6c.jpg,6,0,0.0,1,0.0062151461809480755,0,0.0,0,0.0,1,0.010780634811942448,0,0.0,0,0.0
09002200121902031342439032L_1295649600_483181600_jpg.rf.6173dadb6ee4c523906929427c702367.jpg,7,0,0.0,1,0.0030229009144113663,0,0.0,0,0.0,0,0.0,0,0.0,0,0.0
09002200121902031343009932L_1295673000_483183400_jpg.rf.bb89f022bf89c47083b3b91682173484.jpg,5,0,0.0,1,0.016131481179836555,0,0.0,0,0.0,0,0.0,0,0.0,0,0.0
09002200121902031343035982L_1295676400_483183500_jpg.rf.4bef4cd6d5091dec60f44e21e1560aa5.jpg,6,0,0.0,1,0.005818513150543368,0,0.0,0,0.0,0,0.0,0,0.0,0,0.0
09002200121902031343590112L_1295758200_483185400_jpg.rf.197cddd0e6841482b65638b6bf067481.jpg,5,0,0.0,2,0.041301457002964545,0,0.0,0,0.0,0,0.0,0,0.0,1,0.0005076844643554071
09002200121902031344010052L_1295760000_483185400_jpg.rf.3b6f2119059e9584577bdfaa145539f6.jpg,7,0,0.0,2,0.009581988974237,0,0.0,0,0.0,0,0.0,0,0.0,1,0.0005041762034193198
09002200121902031344021712L_1295760800_483185400_jpg.rf.fdd8b8777e21f79dd87efd1ce32304da.jpg,6,0,0.0,2,0.014390281721443897,0,0.0,0,0.0,0,0.0,0,0.0,0,0.0
09002200121902031605321332L_1295590900_482843600_jpg.rf.f85d9388b77751c4f15996dc8da679fa.jpg,5,0,0.0,1,0.01302907801582478,0,0.0,0,0.0,0,0.0,0,0.0,0,0.0
09002200121902031606350142L_1295589700_482884200_jpg.rf.47a6e7965cec4da920393e0199a53c92.jpg,3,0,0.0,1,0.024979842359553004,0,0.0,0,0.0,0,0.0,0,0.0,0,0.0
09002200121902031606362942L_1295589700_482885300_jpg.rf.a5fb1edd653e87985ffe9672199fa879.jpg,6,0,0.0,1,0.017653890753977067,0,0.0,0,0.0,0,0.0,0,0.0,1,0.0011046902785892543
09002200121902031606585702L_1295588900_482912900_jpg.rf.4729aa12f864eb5f4d486688c4bb0187.jpg,4,0,0.0,1,0.03350780683951598,0,0.0,0,0.0,0,0.0,0,0.0,1,0.00018616950022988022
09002200121902031607043932L_1295588700_482921300_jpg.rf.475e3e39435654617204d72b10d3dbe1.jpg,3,0,0.0,1,0.052292432990004724,0,0.0,0,0.0,0,0.0,0,0.0,1,0.004253108815264568
09002200121902031607082772L_1295588500_482926200_jpg.rf.a8fa76f210be37b384e38859569d6513.jpg,5,0,0.0,1,0.040686673559039266,0,0.0,0,0.0,0,0.0,0,0.0,3,0.002969348529513809
09002200121902031619244292L_1295643700_482885000_jpg.rf.13ee11f31297697b43edd418f7212809.jpg,6,0,0.0,1,0.008098453640723164,0,0.0,0,0.0,0,0.0,0,0.0,0,0.0
09002200121902031619264652L_1295643700_482886700_jpg.rf.181770ca72f490950781f5ec387e609f.jpg,7,0,0.0,2,0.008924469804553609,0,0.0,0,0.0,1,0.0011665489524057193,0,0.0,0,0.0
09002200121902031620065042L_1295644000_482905900_jpg.rf.152c5f10425f85c455de24d1ed0b5dcd.jpg,4,0,0.0,2,0.0601132519557018,0,0.0,0,0.0,0,0.0,0,0.0,1,0.0005825797958914337
09002200121902031620155672L_1295644000_482914100_jpg.rf.9c4f28916562391bcb9a45b6ea7d3ad7.jpg,7,0,0.0,2,0.004223265649134195,0,0.0,0,0.0,1,0.0037262113306496757,0,0.0,0,0.0
09002200121902031620376322L_1295643800_482937000_jpg.rf.d0e2da275d8427788333f8baf881218a.jpg,4,0,0.0,0,0.0,0,0.0,0,0.0,2,0.08351033859957163,0,0.0,2,0.0023363556927898797
09002200121902031622184162L_1295622100_482904400_jpg.rf.5d7f7882ca1feed031d14f6ebbb65bf7.jpg,8,0,0.0,1,0.007387326620482796,0,0.0,0,0.0,1,0.004595118500037643,0,0.0,4,0.0060075244906170186
09002200121902031634036022L_1295515400_482808800_jpg.rf.ea6555d44bf779bd9ce0d967058829dd.jpg,6,0,0.0,0,0.0,1,0.005582209729254821,0,0.0,0,0.0,1,0.030562703501236684,1,0.000702925059595144
09002200121902031634058642L_1295511000_482808600_jpg.rf.92cbb99316951e3b68d8a6f20dd47617.jpg,7,0,0.0,0,0.0,1,0.009391911141269702,0,0.0,0,0.0,0,0.0,1,0.000342515013169304
09002200121902031634070962L_1295508500_482808500_jpg.rf.66cc259aba61e30dc3f221c8cd350ebe.jpg,6,0,0.0,0,0.0,1,0.024917179228652345,0,0.0,0,0.0,0,0.0,1,0.00029558149060676404
09002200121902040957093412L_1295728200_482977700_jpg.rf.f313f953059bf398ff4d7be1d849537b.jpg,6,0,0.0,2,0.01925056234452313,0,0.0,0,0.0,0,0.0,0,0.0,0,0.0
09002200121902041159564002L_1295558200_482303500_jpg.rf.5e5ef055585668796462f26e7bbcd76b.jpg,5,0,0.0,0,0.0,0,0.0,0,0.0,1,0.029724832670526665,0,0.0,1,0.0004158523279329564
09002200121902041300121972L_1295558500_482357700_jpg.rf.24cdfd5cfc2e14410a2411d215195657.jpg,5,0,0.0,1,0.01462255293916543,0,0.0,0,0.0,0,0.0,0,0.0,0,0.0
09002200121902041334572292L_1295354800_482574700_jpg.rf.dfa13a9a3533dca53962367321157cbd.jpg,9,0,0.0,0,0.0,0,0.0,0,0.0,1,0.0015504881636729808,0,0.0,1,0.00028912937374116156
09002200121902041335078682L_1295357200_482583900_jpg.rf.d029b15192d7dc96aee6cb11618268b1.jpg,6,0,0.0,1,0.0054941022881393985,0,0.0,0,0.0,0,0.0,0,0.0,0,0.0
09002200121902041354547292L_1295554900_482518200_jpg.rf.4918727b5531b11bf7be43fc82d95608.jpg,6,0,0.0,0,0.0,0,0.0,0,0.0,1,0.019093716348711497,0,0.0,1,0.0003367099964862096
09002200121902041354573812L_1295555000_482516200_jpg.rf.674edc3e6b3f10b87aa5302b11d0db6e.jpg,4,0,0.0,0,0.0,0,0.0,0,0.0,1,0.016909822276329582,0,0.0,0,0.0
09002200121902041417374172L_1295609400_482797200_jpg.rf.e207844a28066e76a4c27441e1347974.jpg,1,1,0.0944996616609751,0,0.0,0,0.0,0,0.0,0,0.0,0,0.0,0,0.0
09002200121902041436140832L_1295751800_482540200_jpg.rf.44fa08cad312203cd5b4011da2960140.jpg,6,0,0.0,1,0.0063456450416197185,0,0.0,0,0.0,0,0.0,0,0.0,0,0.0
09002200121902041436226202L_1295752400_482523900_jpg.rf.c7f16cf3e606e0642aa04a29164d42d5.jpg,5,0,0.0,1,0.015918860957617652,0,0.0,0,0.0,0,0.0,0,0.0,0,0.0
09002200121902041443443962L_1295751200_482508200_jpg.rf.f24c04a4e65379d8e0c315014d04d15b.jpg,4,0,0.0,1,0.04338743841758515,0,0.0,0,0.0,0,0.0,0,0.0,1,0.000463866223599329
09002200121902041459489432L_1295651500_482583400_jpg.rf.b3bdf8f4aba33bee7e7f8f649719a41d.jpg,5,0,0.0,2,0.04452591029867563,0,0.0,0,0.0,0,0.0,1,0.0006469292650581395,1,0.0004850323751452379
09002200121902041459595362L_1295651900_482580300_jpg.rf.87c3eab36ce220aa50fc051c542d1710.jpg,2,0,0.0,1,0.04131255376911895,0,0.0,0,0.0,0,0.0,0,0.0,0,0.0
09002200121902041506218982L_1295673500_482371000_jpg.rf.df9380669decf7d666a4ce58e0a855fd.jpg,7,0,0.0,0,0.0,3,0.012402110938319312,0,0.0,0,0.0,0,0.0,0,0.0
09002200121902041506286462L_1295673900_482361500_jpg.rf.7d1e0e62a95b5482d8a9b85568383a25.jpg,4,0,0.0,1,0.0167676017867052,0,0.0,0,0.0,0,0.0,0,0.0,0,0.0
09002200121902041506299252L_1295673900_482359800_jpg.rf.4fe591d35819f98d17545fc338936f1b.jpg,6,0,0.0,1,0.017699790270708036,0,0.0,0,0.0,0,0.0,0,0.0,2,0.000541506410800138
09002200121902041511547142L_1295748600_482227800_jpg.rf.3898f88a20d6928c340b04be4d8964de.jpg,5,0,0.0,1,0.014118489595712163,0,0.0,0,0.0,1,0.03531696883650511,0,0.0,1,0.0007578750080392638
09002200121902041512161802L_1295779100_482229600_jpg.rf.2644252e2d059f4ea27cf8373304a423.jpg,6,0,0.0,1,0.012952041775670315,0,0.0,0,0.0,0,0.0,0,0.0,1,0.00031151909623077114
09002200121902041512199862L_1295784400_482229800_jpg.rf.dd03e2196783b787c16796d74200717d.jpg,3,0,0.0,1,0.026262591255763263,0,0.0,0,0.0,0,0.0,0,0.0,0,0.0
09002200121902041544400602L_1295732300_482279800_jpg.rf.4814da9523f1a4678149912b98b23339.jpg,6,0,0.0,1,0.011892012952666842,0,0.0,0,0.0,0,0.0,0,0.0,1,0.0015651084050659846
09002200121902041618159922L_1295707200_482113200_jpg.rf.7b489318d9f491b7f7fafe17196eeba5.jpg,2,0,0.0,1,0.07332982741809133,0,0.0,0,0.0,1,0.03482037492799691,0,0.0,1,0.00039954372943611815
09002200121902041618461472L_1295717400_482123300_jpg.rf.9a96b05d3450d914389036a2b0808ff5.jpg,5,0,0.0,1,0.01526681986574659,0,0.0,0,0.0,1,0.06474356770296935,0,0.0,3,0.0026217999674281573
09002200121902041621464192L_1295717200_482165900_jpg.rf.e8e47479f3c821aa4c95510b936a8775.jpg,4,0,0.0,0,0.0,0,0.0,0,0.0,2,0.05604487765625209,0,0.0,1,0.0035644636307370107
09002200121902041625086542L_1295768600_482161500_jpg.rf.49c5115994984789cf96d0c591e98c0d.jpg,5,0,0.0,1,0.01952590890718966,0,0.0,0,0.0,3,0.04223838194344359,0,0.0,0,0.0
09002200121902041625097922L_1295768600_482160300_jpg.rf.dd6258afca472b5dda01bdb489ffd2e7.jpg,8,0,0.0,1,0.0032612740589911377,0,0.0,0,0.0,1,0.0012779021244568867,0,0.0,0,0.0
09002200121902041625198542L_1295768800_482151700_jpg.rf.01e02c759532d13cd1a79d2e88e107b6.jpg,5,0,0.0,1,0.01930437047743908,0,0.0,0,0.0,1,0.005924277760232145,0,0.0,0,0.0
09002200121902041632480752L_1295816200_482167000_jpg.rf.41d270573efc0d1d1faf43067c65e591.jpg,7,0,0.0,1,0.006955080771367631,0,0.0,0,0.0,0,0.0,0,0.0,1,0.0006686624635676749
09002200121902051236220932L_1295612200_482222100_jpg.rf.c9db7afcd09ea4ab912736c435cc4220.jpg,2,1,0.05037050021612686,1,0.004178405542952532,0,0.0,0,0.0,0,0.0,0,0.0,0,0.0
09002200121902051239328432L_1295648300_482224100_jpg.rf.5b38cd602cf023fbea65643c63e49dd7.jpg,6,0,0.0,1,0.008222812608464669,0,0.0,0,0.0,0,0.0,0,0.0,0,0.0
09002200121902051239562632L_1295645000_482224100_jpg.rf.b0d09519f1e20a3d8cc8d76446b7b903.jpg,5,0,0.0,1,0.014003427270126855,0,0.0,0,0.0,0,0.0,0,0.0,0,0.0
09002200121902051241041842L_1295600000_482253900_jpg.rf.95ccb7fd8dab34c5359ba2d809b18cec.jpg,7,0,0.0,1,0.0042660427918326605,0,0.0,0,0.0,0,0.0,0,0.0,0,0.0
09002200121902051241054632L_1295600000_482255200_jpg.rf.e86e62b46db4dac7b33dd8434c634b99.jpg,8,0,0.0,1,0.00663352106250386,0,0.0,0,0.0,0,0.0,0,0.0,2,0.0004127921605595502
09002200121902051241066332L_1295600000_482256500_jpg.rf.a976316d406c8135fbdda629d4f9afb4.jpg,7,0,0.0,1,0.003897070808161504,0,0.0,0,0.0,1,0.011460391901931644,0,0.0,2,0.0036996870744133046
09002200121902051246135742L_1295596100_482223700_jpg.rf.4cdc5a41e3c3315887844839314256ea.jpg,4,0,0.0,2,0.05485489303195208,0,0.0,0,0.0,1,0.01296584838427606,0,0.0,0,0.0
09002200121902051248448902L_1295536300_482222500_jpg.rf.400b024215ff0c9315ddcba00dd6510b.jpg,6,0,0.0,1,0.020764544998564834,0,0.0,0,0.0,0,0.0,0,0.0,3,0.0010195236171421168
09002200121902051248504122L_1295531800_482222500_jpg.rf.04cc0e69c77f1cbd07d3ff7e2439a5bd.jpg,3,0,0.0,1,0.027017802478894737,0,0.0,0,0.0,0,0.0,0,0.0,0,0.0
09002200121902051251336502L_1295452500_482220300_jpg.rf.b5e95f5ff88061a6b4aeb65c711338b7.jpg,5,0,0.0,1,0.01476866621807858,0,0.0,0,0.0,0,0.0,0,0.0,0,0.0
09002200121902051632441632L_1295603600_482479700_jpg.rf.2f499619545b772d74f4e8bcf5739f04.jpg,5,0,0.0,1,0.013121885714845113,0,0.0,0,0.0,0,0.0,0,0.0,0,0.0
09002200121902051632571542L_1295603500_482470600_jpg.rf.9b0e74b31bcb08771a4a9db53f625925.jpg,6,0,0.0,1,0.006165990553199663,0,0.0,0,0.0,1,0.008144868686949844,0,0.0,0,0.0
09002200121902051634527202L_1295621400_482478600_jpg.rf.a71f95ccd08d33cb511ecf40b18d8d93.jpg,6,0,0.0,1,0.009154316968488275,0,0.0,0,0.0,0,0.0,0,0.0,0,0.0
09002200121902051635307372L_1295660800_482481200_jpg.rf.e6569193c9e2929ab63b832ba2602143.jpg,2,0,0.0,1,0.033739052773524916,0,0.0,0,0.0,0,0.0,0,0.0,0,0.0
09002200121902051635320162L_1295662200_482481300_jpg.rf.494ca5069f0cfd71ad4c3287ebb9ce89.jpg,5,0,0.0,1,0.03266410130039729,0,0.0,0,0.0,0,0.0,0,0.0,1,0.001873262138815328
09002200121902061053180792L_1295379700_482509300_jpg.rf.3f4b01506c1c0a925c4a969f0bd22b20.jpg,4,0,0.0,2,0.06433399308313026,0,0.0,0,0.0,1,0.012682650639585518,0,0.0,1,0.0007938480546363325
09002200121902061053225722L_1295374000_482508700_jpg.rf.9057d767f6c814fa9bbecc6b1ce9c664.jpg,5,0,0.0,2,0.024685935833388163,0,0.0,0,0.0,2,0.016037516913943364,0,0.0,0,0.0
09002200121902061053394082L_1295371300_482508100_jpg.rf.5674d73d0f656cc232a52f42b18cac5a.jpg,7,0,0.0,1,0.005769147130740749,0,0.0,0,0.0,2,0.00628717316611187,0,0.0,0,0.0
09002200121902061053408902L_1295372400_482508000_jpg.rf.cf5e587636c2764b8b36fb83c34cf715.jpg,6,0,0.0,0,0.0,0,0.0,0,0.0,2,0.020970286828084002,0,0.0,2,0.0030591880838028297
09002200121902061127143852L_1295444600_482675300_jpg.rf.c3e481dc88dc8cb7bd3de696feca508c.jpg,7,0,0.0,0,0.0,2,0.018161970477717636,0,0.0,0,0.0,1,0.0010296493465511958,1,0.0005248223436865373
09002200121902061127192522L_1295446800_482682500_jpg.rf.59510941d8ae7db750ab80f404ff7d07.jpg,8,0,0.0,0,0.0,1,0.006410807067723001,0,0.0,0,0.0,0,0.0,2,0.0007307927236615796
09002200121902061209021802L_1295392500_482905100_jpg.rf.09742a041be6a1e2f7253eae6aab3833.jpg,7,0,0.0,2,0.010435389901849702,0,0.0,0,0.0,0,0.0,0,0.0,1,0.0011550777442334947
09002200121902061240397672L_1295391700_482917500_jpg.rf.4c34ecce566f8853cff71e6d64e7edc7.jpg,5,0,0.0,1,0.03647624719182662,0,0.0,0,0.0,0,0.0,0,0.0,2,0.001247597832116303
09002200121902061314388382L_1295451700_482746900_jpg.rf.07eeba2750a8b40859b0bf4c042a68f6.jpg,1,0,0.0,0,0.0,0,0.0,0,0.0,0,0.0,1,0.1262841448539257,0,0.0
09002200121902061321580692L_1295437800_482572300_jpg.rf.5029e71a51b67efc4bc1a0d1248a3c2e.jpg,6,0,0.0,1,0.01394174423298864,1,0.011554506980555743,0,0.0,0,0.0,0,0.0,1,0.001047013789993798
09002200121902061356048302L_1295499400_482697200_jpg.rf.56aaf15b8fefcf611a3679a12f4c0fd0.jpg,6,0,0.0,0,0.0,0,0.0,0,0.0,1,0.011180175840581796,0,0.0,1,0.0006728284099108307
09002200121902061419294882L_1295427100_482663700_jpg.rf.e5bbe61c976f6085107b5cf646990223.jpg,3,0,0.0,1,0.025138805508868246,0,0.0,0,0.0,1,0.0519939539443908,0,0.0,1,0.0015874176725083088
09002200121902061437563352L_1295436400_482772000_jpg.rf.e2fa9dbe8aaf3028a74e1c131b7d7a7a.jpg,6,0,0.0,1,0.011536863865039777,0,0.0,0,0.0,1,0.048035492528820216,0,0.0,4,0.0025409521197889235
09002200121902061439336412L_1295422300_482770000_jpg.rf.6676ddc8ca8cf67c0f339ddd2b70b898.jpg,7,0,0.0,1,0.01314739829100745,0,0.0,0,0.0,1,0.0011519960163423142,0,0.0,2,0.0013258750489320904
09002200121902061510360852L_1295408600_482661400_jpg.rf.36490b2c3ec555b8c44105d60bea0d05.jpg,5,0,0.0,1,0.008673969637854946,0,0.0,0,0.0,1,0.014451812065035484,0,0.0,0,0.0
09002200121902061523545232L_1295451200_482794400_jpg.rf.667cb54ddde0a2930f304fe7b55408cc.jpg,6,0,0.0,1,0.014230512768881471,0,0.0,0,0.0,0,0.0,0,0.0,1,0.001243645369549995
09002200121902061611454332L_1295200400_482864200_jpg.rf.938b002d5e6fc811254e6fa250fe5c5b.jpg,3,1,0.030815330120813087,0,0.0,0,0.0,0,0.0,0,0.0,0,0.0,1,0.001058157006445981
09002200121902061640252852L_1295227800_482813600_jpg.rf.d83935461e4e98b480f5d77f156aa070.jpg,6,0,0.0,3,0.024774956296921564,0,0.0,0,0.0,0,0.0,0,0.0,0,0.0
09002200121902071136502442L_1295231000_482608100_jpg.rf.958494e00ee151e8adc3b75fe56692b1.jpg,8,0,0.0,0,0.0,1,0.002242714620206243,0,0.0,0,0.0,1,0.001363988655502908,0,0.0
09002200121902071138264502L_1295218600_482555700_jpg.rf.84ce3c78eb3e0f62b9f1111ce13bdbc8.jpg,6,0,0.0,0,0.0,1,0.009966362352315628,0,0.0,0,0.0,0,0.0,0,0.0
09002200121902071145231422L_1295204500_482473200_jpg.rf.baa27bac3e79976af417227005b9d56c.jpg,6,0,0.0,0,0.0,2,0.021375894509187674,0,0.0,0,0.0,0,0.0,0,0.0
09002200121902071145319092L_1295205600_482483400_jpg.rf.9c959572056fbadcf91e4b3c6148ad1f.jpg,7,0,0.0,0,0.0,2,0.012693141906129314,0,0.0,0,0.0,0,0.0,1,0.0007473640810621873
09002200121902071520456732L_1295241400_482723100_jpg.rf.a42ab0cf14b4ffa4aafd0232d0831d64.jpg,2,0,0.0,1,0.038531803104342524,0,0.0,0,0.0,0,0.0,0,0.0,0,0.0
09002200121902071521256222L_1295312700_482724400_jpg.rf.aa2faa3274af68144968875d137650e9.jpg,4,0,0.0,1,0.04537757781690743,0,0.0,0,0.0,0,0.0,0,0.0,1,0.00028801447300907056
09002200121902071613172702L_1295783600_482434300_jpg.rf.3901e32596f1e839c1ac36e67872630a.jpg,3,0,0.0,1,0.05766565838513998,0,0.0,0,0.0,0,0.0,0,0.0,1,0.0001911876924623354
09002200121902071613300932L_1295782400_482421700_jpg.rf.8f692ce15062112152252c6710a0c41c.jpg,4,0,0.0,1,0.019110077395271218,0,0.0,0,0.0,0,0.0,0,0.0,0,0.0
09002200121902071613583312L_1295784000_482412000_jpg.rf.7f92f748fb4f5c88c69ac7fb9eedd295.jpg,4,0,0.0,2,0.04149475634000056,0,0.0,0,0.0,0,0.0,0,0.0,0,0.0
09002200121902071614370102L_1295785300_482404100_jpg.rf.1da071b7050be6dbbb4100d6eb50d461.jpg,5,0,0.0,1,0.02422656599610491,0,0.0,0,0.0,0,0.0,0,0.0,1,0.00042900398235360624
09002200121902131042258658Q_1296307100_483168100_jpg.rf.0942004a1a42c57799d9541082a2d63b.jpg,1,0,0.0,1,0.08950957666044813,0,0.0,0,0.0,0,0.0,0,0.0,0,0.0
09002200121902161303463969K_1295600400_483446600_jpg.rf.556d4b3f11e5189b130ac56849320a76.jpg,2,0,0.0,1,0.0889679374873731,1,0.009025064575471333,0,0.0,0,0.0,0,0.0,0,0.0
09002200121902171048542102Q_1296441800_481807400_jpg.rf.a51eec48b3d19dbaa1752219108ee629.jpg,1,1,0.38666826773758656,0,0.0,0,0.0,1,0.004287211884829965,0,0.0,0,0.0,0,0.0
09002200121902171120288382Q_1296448800_481755500_jpg.rf.f3583ce674743203ad2f46acd85f6d1d.jpg,4,0,0.0,0,0.0,0,0.0,1,0.010328448484106047,0,0.0,0,0.0,0,0.0
09002200121902171130421252Q_1296386500_481836400_jpg.rf.038e8c2b18ac96867ea1489d44942a00.jpg,8,0,0.0,0,0.0,0,0.0,2,0.0008623331986655103,1,0.0048061372337542705,0,0.0,0,0.0
09002200121902171131129372Q_1296385400_481852200_jpg.rf.eb4262c2e4a13b42e3b72d73b0674372.jpg,4,1,0.04132309112101213,2,0.0242030698409053,0,0.0,1,0.0022673215858776585,1,0.004550659876617829,0,0.0,0,0.0
09002200121902171233162532K_1296040600_481512400_jpg.rf.b9651c38ba070357bcb5d7a60e55342e.jpg,5,0,0.0,1,0.005939607413129124,0,0.0,0,0.0,2,0.026539040568593464,0,0.0,0,0.0
09002200121902171255042152Q_1296279400_481840500_jpg.rf.e6f13cd1dc148f79c6d061ea67b34e1f.jpg,6,0,0.0,3,0.03130439336016026,0,0.0,1,0.0004958053426389634,0,0.0,0,0.0,1,0.0005019167397222191
09002200121902171410239832K_1295925500_481811500_jpg.rf.ab4721c787bdc2a9e64d2149c59c3a97.jpg,1,1,0.16748568957153562,0,0.0,0,0.0,1,0.0014777648458084507,0,0.0,0,0.0,0,0.0
09002200121902171410437022K_1295923800_481802400_jpg.rf.f9c1d990d6ede411a6a48570da508a75.jpg,1,1,0.3244944615756094,0,0.0,0,0.0,1,0.0003747903542716813,0,0.0,0,0.0,0,0.0
09002200121902171410461632K_1295923500_481800900_jpg.rf.439a1021e97e83a47c9a653a413a3691.jpg,1,2,0.14307207815109224,0,0.0,0,0.0,1,0.00013677536369868904,0,0.0,0,0.0,1,0.004220476397076709
09002200121902171411237252K_1295921200_481781300_jpg.rf.42dccb3366987d817971994e329b8410.jpg,1,1,0.0634712586097703,0,0.0,0,0.0,1,0.014864469963135889,0,0.0,0,0.0,0,0.0
09002200121902171428218742K_1295988400_481738200_jpg.rf.d746121002af102a252d275081fba02d.jpg,1,1,0.03088919121391882,0,0.0,0,0.0,0,0.0,0,0.0,0,0.0,0,0.0
09002200121902171428231922K_1295987000_481738300_jpg.rf.bd5f740dc6e74ddd9a8cfbbfb712fe7f.jpg,3,1,0.036238277564343654,0,0.0,0,0.0,0,0.0,1,0.0036317243306331188,0,0.0,0,0.0
09002200121902171439427102K_1295902400_481738900_jpg.rf.216b82ce116149d517ca7bedaf54f20f.jpg,3,1,0.06654523159326346,1,0.008971759202495377,0,0.0,2,0.0020346599411459466,0,0.0,0,0.0,0,0.0
09002200121902171440071022K_1295910200_481738200_jpg.rf.b7c6168c020e5e1150b526aa287cfbaa.jpg,3,1,0.031403676931699896,0,0.0,0,0.0,1,0.0002521327559952624,0,0.0,0,0.0,0,0.0
09002200121902171445150352K_1295936400_481734900_jpg.rf.d968e23ac32402afd5d999b9449f6d8e.jpg,2,1,0.024220723353278118,0,0.0,0,0.0,0,0.0,0,0.0,0,0.0,0,0.0
09002200121902171447464392K_1295991000_481737600_jpg.rf.4ace6167390eea6050794d290506b206.jpg,5,0,0.0,3,0.040816529555920626,0,0.0,0,0.0,0,0.0,0,0.0,0,0.0
09002200121902171447553882K_1295999200_481737000_jpg.rf.c737442818fb436e4256c33e91349644.jpg,5,0,0.0,3,0.06337293194843256,0,0.0,1,0.0036146810077661937,0,0.0,0,0.0,1,0.0009974524165500044
09002200121902171457464342Q_1296331300_481716000_jpg.rf.23d1d521f78bea14d754369fd0932192.jpg,1,1,0.21997759931520022,0,0.0,0,0.0,0,0.0,0,0.0,0,0.0,1,0.005085253162587833
09002200121902171504272652K_1296013900_481521700_jpg.rf.0880af757c23b71055a7acfb60624c2a.jpg,7,0,0.0,1,0.0038605932563950773,0,0.0,0,0.0,0,0.0,0,0.0,0,0.0
09002200121902171541164402K_1296048600_481571900_jpg.rf.1f09da39bdc723283346939d58ed681c.jpg,6,0,0.0,0,0.0,0,0.0,0,0.0,1,0.014845427907734986,0,0.0,1,0.0005948214405816585
09002200121902171604345782Q_1296240500_482006000_jpg.rf.a35e64ab1604d118b5a88788659e9c7a.jpg,1,0,0.0,0,0.0,0,0.0,0,0.0,1,0.052332657035440266,0,0.0,0,0.0
09002200121902171617179192Q_1296166200_482053700_jpg.rf.0738dd361b495ace8b10020043a9d13c.jpg,5,0,0.0,0,0.0,0,0.0,0,0.0,1,0.012271958918281598,0,0.0,0,0.0
09002200121902171617476942Q_1296207100_482049600_jpg.rf.bba041b162ba13fb505d497c613e849f.jpg,6,0,0.0,0,0.0,0,0.0,0,0.0,1,0.008763081838251271,0,0.0,0,0.0
09002200121902171633384882K_1295912500_481563800_jpg.rf.5556bfad64205afeee007fd2b86b5a70.jpg,2,1,0.13699750009160191,3,0.11122614317570648,0,0.0,1,0.0014771807416309457,0,0.0,0,0.0,2,0.002235139566816997
09002200121902171634336272K_1295909300_481559200_jpg.rf.ef470754fe91ba9faaf9c8fdf486055d.jpg,4,0,0.0,6,0.22444152555201075,0,0.0,1,0.0013278189147445118,2,0.02104138833294881,0,0.0,2,0.0022959906510459406
09002200121902171636040522K_1295912900_481547800_jpg.rf.f2841259d2bf408c32c052abe7e692cf.jpg,7,0,0.0,0,0.0,0,0.0,4,0.007260604983457597,0,0.0,0,0.0,0,0.0
09002200121902180911448918K_1294821300_480649100_jpg.rf.1444a1345c575d9f5e655f2d15514ff8.jpg,7,0,0.0,0,0.0,0,0.0,0,0.0,0,0.0,1,0.007843385866704012,1,0.00015950822504237242
09002200121902180911511628K_1294821000_480638600_jpg.rf.52adba2ea9e70ac83e3e977bf2a78d2d.jpg,9,0,0.0,0,0.0,1,0.001166972860464739,0,0.0,0,0.0,0,0.0,1,0.0003248708925093524
09002200121902180912039078K_1294820400_480616400_jpg.rf.92c2087c231bf76bcf5ca9e1ac8cd067.jpg,7,0,0.0,0,0.0,1,0.007047835277617196,0,0.0,0,0.0,0,0.0,0,0.0
09002200121902180921041918K_1294819300_480742600_jpg.rf.d846335be1cc95a8e57b43541fba4df5.jpg,6,0,0.0,0,0.0,0,0.0,0,0.0,0,0.0,1,0.010551481948870105,0,0.0
09002200121902180921285128K_1294823700_480708400_jpg.rf.3393420025189e7af49bfae23fac51d9.jpg,1,0,0.0,1,0.06581930675130936,0,0.0,0,0.0,0,0.0,0,0.0,0,0.0
09002200121902180921403388K_1294823000_480690600_jpg.rf.ed24b875975e5d9d892d2d37fba9009e.jpg,8,0,0.0,0,0.0,1,0.004844045397658202,0,0.0,0,0.0,0,0.0,1,0.0002725105378158332
09002200121902180921426548K_1294822800_480687100_jpg.rf.1fd79ccfe97269a3ded8c6dc9fc7d422.jpg,8,0,0.0,0,0.0,1,0.0031447082964405127,0,0.0,0,0.0,0,0.0,0,0.0
09002200121902180921513908K_1294822300_480673000_jpg.rf.26afa1d43e28883e05f659f1544e87b0.jpg,7,0,0.0,0,0.0,0,0.0,0,0.0,0,0.0,1,0.007393138056067982,0,0.0
09002200121902180926147322K_1295989300_481329200_jpg.rf.187f995d86b7a432cb5615ef8433a2ec.jpg,4,1,0.02308148432875897,0,0.0,0,0.0,0,0.0,0,0.0,0,0.0,1,0.0006499397797051642
09002200121902180928188762K_1295937500_481346400_jpg.rf.d1931517c85a74127894020cc8760f77.jpg,6,0,0.0,1,0.02376900639426367,0,0.0,1,0.0007076492339365359,1,0.002067861405947724,0,0.0,0,0.0
09002200121902180928267722K_1295938000_481354900_jpg.rf.740c9e0f51b7ea65617cd2272953b48a.jpg,1,1,0.06881751771286418,0,0.0,0,0.0,0,0.0,0,0.0,0,0.0,0,0.0
09002200121902180929074888K_1294799200_480865100_jpg.rf.5dfc12744f61adf1b0c031803f350ede.jpg,1,0,0.0,2,0.22611830722456716,0,0.0,0,0.0,0,0.0,0,0.0,0,0.0
09002200121902180932396068K_1294735000_481117500_jpg.rf.237c0a05d912bc0d9d220e992a7255e2.jpg,1,0,0.0,1,0.0676237215548349,0,0.0,0,0.0,0,0.0,0,0.0,0,0.0
09002200121902180942348832Q_1296110200_481632400_jpg.rf.8d4f194438b929d556b48b0c12e2f9d7.jpg,1,1,0.3759846512802142,0,0.0,0,0.0,1,0.003086906090484263,0,0.0,0,0.0,0,0.0
09002200121902180943262022K_1295942200_481382900_jpg.rf.b6553ebcf3ad53a55ee512ad34c57459.jpg,4,1,0.0015970316115817753,1,0.0523258485523661,0,0.0,0,0.0,1,0.004037934777356895,0,0.0,0,0.0
09002200121902180943451052K_1295950800_481404400_jpg.rf.eae9013c23c6d738f36873a3dae23aad.jpg,1,2,0.2909467916717676,0,0.0,0,0.0,0,0.0,0,0.0,0,0.0,0,0.0
09002200121902180943472542K_1295951800_481406900_jpg.rf.f80c51b8f7dcb98617f609814f108e74.jpg,1,1,0.3139458072296111,0,0.0,0,0.0,0,0.0,0,0.0,0,0.0,0,0.0
09002200121902180943555222K_1295954300_481412900_jpg.rf.e2e927a9de649bcac49013559b56c095.jpg,1,1,0.42297449824476646,0,0.0,0,0.0,0,0.0,0,0.0,0,0.0,1,0.0007591635572680389
09002200121902180944023142K_1295956600_481419200_jpg.rf.0be741ad33f2ffd3cce1e22a1ea71990.jpg,1,1,0.2141644351213472,0,0.0,0,0.0,0,0.0,0,0.0,0,0.0,0,0.0
09002200121902180944250402K_1295963200_481439900_jpg.rf.154a3e5ba5b64f2c54a7070bf5699bc3.jpg,1,2,0.2273825135271409,0,0.0,0,0.0,0,0.0,0,0.0,0,0.0,0,0.0
09002200121902180944260862K_1295963600_481441100_jpg.rf.9d773bdc6abe662673ac0a2445d28264.jpg,1,1,0.2688573204068689,0,0.0,0,0.0,0,0.0,0,0.0,0,0.0,1,0.00034222327989482363
09002200121902180944272302K_1295964100_481442500_jpg.rf.937ba521cdaa65cc89eaeee04a3cdc6b.jpg,1,1,0.14912637262399586,0,0.0,0,0.0,0,0.0,0,0.0,0,0.0,0,0.0
09002200121902180944304652K_1295965600_481446300_jpg.rf.3dcd119375588e4cbf40ad2ccc6667b3.jpg,1,2,0.40410084189934425,0,0.0,0,0.0,0,0.0,0,0.0,0,0.0,0,0.0
09002200121902180944326992K_1295966900_481448700_jpg.rf.050e09a5ef0c2131fe74a11cf9f0f3f0.jpg,1,1,0.44151812740623425,0,0.0,0,0.0,0,0.0,0,0.0,0,0.0,0,0.0
09002200121902180944394692K_1295970000_481456400_jpg.rf.7b7ad417521c6d8bcdc1799cfa4ffa78.jpg,1,1,0.40669152725022284,0,0.0,0,0.0,0,0.0,0,0.0,0,0.0,0,0.0
09002200121902180944460492K_1295972000_481464600_jpg.rf.1130b6880640e5b92d0321eeb0d20f1d.jpg,1,1,0.41597253803656714,0,0.0,0,0.0,0,0.0,0,0.0,0,0.0,0,0.0
09002200121902180944475022K_1295972500_481466300_jpg.rf.2fc0688b481d146aeda21e76a3228817.jpg,2,0,0.0,0,0.0,0,0.0,0,0.0,1,0.04813388428419785,0,0.0,0,0.0
09002200121902181000210552Q_1296188200_481595400_jpg.rf.98113f7b47635b8fd48707376ab4d9a9.jpg,1,1,0.4352425911280079,0,0.0,0,0.0,0,0.0,0,0.0,0,0.0,1,0.0019459452801129434
09002200121902181019408302K_1295877500_481784600_jpg.rf.6a44818fa7a91219b0fea38943301d9e.jpg,5,1,0.011469326915303099,0,0.0,0,0.0,1,0.0009311932358400537,0,0.0,0,0.0,0,0.0
09002200121902181020044442K_1295895400_481789300_jpg.rf.1b94bafacaea5530125d7930fc6e4238.jpg,1,1,0.28895864847358566,1,0.043284807113832355,0,0.0,0,0.0,1,0.0018965708820542204,0,0.0,0,0.0
09002200121902181026188057F_1294019400_481879300_jpg.rf.3632390f4629f6e23de480564bbd450a.jpg,1,3,0.24060660389594657,0,0.0,0,0.0,0,0.0,0,0.0,0,0.0,0,0.0
09002200121902181026266217F_1294030000_481873800_jpg.rf.e240ff9f7c22d0c3ffe74d4b5e018b0e.jpg,1,0,0.0,3,0.158154850191554,0,0.0,0,0.0,0,0.0,0,0.0,0,0.0
09002200121902181038038598K_1294569700_481296800_jpg.rf.e25e7bb9501843c151fa8e149036e3e5.jpg,7,0,0.0,0,0.0,0,0.0,0,0.0,1,0.007598698918582158,0,0.0,1,0.0035308493951743004
09002200121902181132086197F_1293809800_481913100_jpg.rf.1f8753b500812a81609845d1cda03268.jpg,4,0,0.0,0,0.0,0,0.0,0,0.0,2,0.039673046570069315,0,0.0,0,0.0
09002200121902181143597587F_1293895200_481703100_jpg.rf.25cd2b30f5097117df6f9674a4de3e1e.jpg,9,0,0.0,0,0.0,0,0.0,0,0.0,0,0.0,0,0.0,1,0.00025597483734600244
09002200121902181150348302Q_1296266800_481796500_jpg.rf.40a14721ad08ddc28a1a1806728d8752.jpg,1,0,0.0,0,0.0,0,0.0,0,0.0,2,0.11596044754674154,0,0.0,0,0.0
09002200121902181218150258K_1294876100_481376200_jpg.rf.da677ce3c44329a489c24f7d727972e5.jpg,7,0,0.0,2,0.01139077016779992,0,0.0,5,0.008358625933631606,1,0.004498337384284241,0,0.0,1,0.0009214437465561786
09002200121902181229387802K_1295678600_481962600_jpg.rf.a3a55c7d9791c6124674a81ca95528b3.jpg,5,0,0.0,0,0.0,0,0.0,0,0.0,3,0.07947404164146968,0,0.0,2,0.0043919702774019255
09002200121902181236344132Q_1296313700_481939800_jpg.rf.40eff651fb597f59e85a4f0c48a99c95.jpg,6,0,0.0,1,0.021855625939759874,0,0.0,0,0.0,2,0.021151235518941568,0,0.0,2,0.0005104769142690202
09002200121902181236472762Q_1296324400_481941900_jpg.rf.2c5952d041c8a79cf23d17c49d213c84.jpg,1,0,0.0,1,0.20172502531439931,0,0.0,0,0.0,0,0.0,0,0.0,0,0.0
09002200121902181237422642Q_1296348300_481935300_jpg.rf.f8ce5d4447079f75c8f94d079993c114.jpg,1,2,0.5218645844034199,1,0.053889313744866725,0,0.0,1,0.012186007207856165,0,0.0,0,0.0,1,0.006179991221442833
09002200121902181306185838K_1294695300_481307000_jpg.rf.1a28df6f98fcdab5f7a4bf7f0d2a56e2.jpg,4,0,0.0,2,0.05733611862127645,0,0.0,1,0.0034584293010811963,0,0.0,0,0.0,0,0.0
09002200121902181320131552K_1295452100_481923300_jpg.rf.3497edb14344f2909fbdc53fd31c4c73.jpg,1,2,0.2833492350764641,0,0.0,0,0.0,2,0.0008012552909895021,0,0.0,0,0.0,0,0.0
09002200121902181320227842K_1295451800_481933200_jpg.rf.46508d84de0117f249d0d835711519c1.jpg,1,1,0.30788079546901825,0,0.0,0,0.0,1,0.0005812554596923292,0,0.0,0,0.0,0,0.0
09002200121902181321448502K_1295451300_481946600_jpg.rf.7a01dbfc56183aa970ced2577cd0ff2e.jpg,1,1,0.3296967692917315,0,0.0,0,0.0,0,0.0,0,0.0,0,0.0,1,0.0002426397245153563
09002200121902181335075852K_1295562700_481992900_jpg.rf.1052240cc6de1039340b569e488257a6.jpg,6,0,0.0,1,0.01160774101274911,0,0.0,3,0.002880383731426261,2,0.04043239596733884,0,0.0,0,0.0
09002200121902181349002028K_1294659300_481308100_jpg.rf.792270babaae2a3ddf314835b768646f.jpg,1,1,0.42868508759513135,0,0.0,0,0.0,1,0.0019285577278151322,0,0.0,0,0.0,1,0.0003817578133839561
09002200121902181349264398K_1294637800_481308700_jpg.rf.0f50b54c450e2528997f5f9003349035.jpg,1,1,0.4151085550219931,0,0.0,0,0.0,1,0.0018795832780142518,0,0.0,0,0.0,1,0.0006171777304984929
09002200121902181358257117F_1294274200_482061900_jpg.rf.5200819c1000367564b725d92d84c73b.jpg,9,0,0.0,0,0.0,0,0.0,1,0.0009413038304046494,0,0.0,0,0.0,1,0.0002021175815025371
09002200121902181407065717F_1294119500_481950800_jpg.rf.c4e9ec94f3b868773b7ab783aa6a4d29.jpg,6,0,0.0,2,0.015775129479079622,0,0.0,0,0.0,0,0.0,0,0.0,0,0.0
09002200121902181410333878K_1294687500_481147000_jpg.rf.6dd620600b3bdd6b7d8415bc337830b5.jpg,1,1,0.40841967742577245,0,0.0,0,0.0,1,0.0019814604593648244,0,0.0,0,0.0,0,0.0
09002200121902181413366798K_1294528900_481068200_jpg.rf.e5f1c952d25e9f2adf3ef38246b5ed21.jpg,1,1,0.2343523877255575,0,0.0,0,0.0,0,0.0,0,0.0,0,0.0,1,0.005709016622229513
09002200121902181413436948K_1294518600_481065100_jpg.rf.24b0792f724e93139fad70b58df26ed3.jpg,1,1,0.17233545215194682,0,0.0,0,0.0,0,0.0,0,0.0,0,0.0,1,0.0011775858661394524
09002200121902181422366498K_1294567800_481082700_jpg.rf.0d44ecfaa97dd41b4dbc15ee11ad2e16.jpg,1,1,0.12258645306532344,0,0.0,0,0.0,0,0.0,0,0.0,0,0.0,0,0.0
09002200121902181440440462K_1295415400_481944500_jpg.rf.e377b6d4d878bd4455f84813934d5937.jpg,3,2,0.03238154351069171,0,0.0,0,0.0,1,0.02470105112994927,0,0.0,0,0.0,1,0.00022777460089855528
09002200121902181447410818K_1294634300_481078600_jpg.rf.3dccd152b5e3ee458e60767a27089239.jpg,3,0,0.0,1,0.06196183590185171,0,0.0,0,0.0,1,0.012187469220152706,0,0.0,1,0.0013771243717565086
09002200121902181447494488K_1294637900_481070800_jpg.rf.a3f6083f2a6001634e1def4e21927d91.jpg,1,0,0.0,0,0.0,0,0.0,0,0.0,1,0.0712071395223029,0,0.0,0,0.0
09002200121902181449541418K_1294629800_481054100_jpg.rf.671f5713ca1b892c6ad4da81324795ce.jpg,1,1,0.4100968019605352,0,0.0,0,0.0,0,0.0,0,0.0,0,0.0,1,0.0005186317181846748
09002200121902181449580698K_1294626600_481053300_jpg.rf.9a3db6423459d251ce69be6e8ff6d6d8.jpg,1,1,0.3238651881714805,0,0.0,0,0.0,0,0.0,0,0.0,0,0.0,0,0.0
09002200121902181457389882K_1295440400_481919900_jpg.rf.7e496877528d458a6baafeb58e7ba4c5.jpg,5,0,0.0,1,0.01408371970039299,0,0.0,0,0.0,1,0.010758264561554803,0,0.0,0,0.0
09002200121902181458093692K_1295415000_481917800_jpg.rf.4eb82a7a32e3f36990937e55c15dbb97.jpg,7,0,0.0,0,0.0,0,0.0,0,0.0,1,0.009885419405327412,0,0.0,1,0.0005713809080843646
09002200121902181458257602K_1295403000_481916800_jpg.rf.1c9937541c9807f7633139b6b2465910.jpg,5,0,0.0,0,0.0,0,0.0,0,0.0,1,0.015673739784597226,0,0.0,0,0.0
09002200121902181506370852K_1295390400_481915800_jpg.rf.0cd9724e36f97b9cb4bdecf01ef1d240.jpg,6,0,0.0,0,0.0,0,0.0,1,0.0002650397803154186,2,0.02630525407887944,0,0.0,0,0.0
09002200121902181507299062K_1295355400_481912800_jpg.rf.013d1ce47d1146b1a12c1c2ca9e1f4d6.jpg,7,0,0.0,0,0.0,0,0.0,0,0.0,2,0.008439667266577544,0,0.0,0,0.0
09002200121902181507337922K_1295352900_481912600_jpg.rf.fccdd9e7decd314f09517812f9d70033.jpg,4,0,0.0,0,0.0,0,0.0,0,0.0,2,0.04464879576843487,0,0.0,0,0.0
09002200121902181509554628K_1294738700_481087700_jpg.rf.93f951163937fe15b2841adcb94a082b.jpg,3,0,0.0,0,0.0,0,0.0,0,0.0,2,0.09188355854386486,0,0.0,1,0.0007230648619952262
09002200121902181510027268K_1294741600_481081000_jpg.rf.cd066d5287ea21347916d394dbd79095.jpg,1,0,0.0,1,0.15178390133831726,0,0.0,0,0.0,0,0.0,0,0.0,2,0.0019426571553231042
09002200121902181510449642K_1295359800_481944800_jpg.rf.c712a988f24e9f082b54a8a3c7e60240.jpg,4,0,0.0,0,0.0,0,0.0,0,0.0,2,0.04544984793304138,0,0.0,0,0.0
09002200121902181513341138K_1294740500_481123700_jpg.rf.1d1413016f099d6ee166aa9a95e4df42.jpg,1,1,0.2947613438857297,0,0.0,0,0.0,0,0.0,0,0.0,0,0.0,0,0.0
09002200121902181513523018K_1294750500_481139500_jpg.rf.b42468cdf9c6854074ff5da2ff5a95fc.jpg,1,1,0.0852631069498284,0,0.0,0,0.0,0,0.0,0,0.0,0,0.0,0,0.0
09002200121902181514000548K_1294755900_481147600_jpg.rf.4d5dd40f61ca956a5abbfa158c413c95.jpg,1,1,0.43127850599098566,0,0.0,0,0.0,0,0.0,0,0.0,0,0.0,0,0.0
09002200121902181514012868K_1294756700_481148900_jpg.rf.4202afe1970d7722d169cc11e2ad9a01.jpg,1,2,0.35117068785518774,0,0.0,0,0.0,0,0.0,0,0.0,0,0.0,0,0.0
09002200121902181514291008K_1294775700_481175800_jpg.rf.8493c978781136a8b2c5b5f1e3eb1337.jpg,1,1,0.385097061593242,0,0.0,0,0.0,0,0.0,0,0.0,0,0.0,0,0.0
09002200121902181514329068K_1294778200_481178900_jpg.rf.3ee31e1321c8b5fd118d0f751fba0a7a.jpg,1,1,0.4369070591489617,0,0.0,0,0.0,0,0.0,0,0.0,0,0.0,0,0.0
09002200121902181514522958K_1294790100_481184500_jpg.rf.90bff844e51e9ee67c6e24caeb9dc0ab.jpg,1,1,0.1624996336277036,1,0.017902762388976045,0,0.0,0,0.0,0,0.0,0,0.0,0,0.0
09002200121902181514524352K_1295365500_481923600_jpg.rf.323d9ba8459a363e63027698e1e23fa8.jpg,7,0,0.0,2,0.00843530932004796,0,0.0,2,0.003018734370925813,0,0.0,0,0.0,1,0.0018323275867805932
09002200121902181515000178K_1294798500_481182200_jpg.rf.6f494950dbf33647cab4d9fdf184f43e.jpg,1,1,0.4088532322193032,0,0.0,0,0.0,1,0.0010991738941902498,1,0.010043455653358251,0,0.0,2,0.003640163967029366
09002200121902181519052592Q_1296223800_481932900_jpg.rf.3cb54a2f7e0cebcbe44a6696659731ff.jpg,1,1,0.19453185001866585,1,0.16300671801883937,0,0.0,0,0.0,1,0.013787475593489943,0,0.0,2,0.0017837070845416747
09002200121902181521299252Q_1296221500_481971700_jpg.rf.6990110c73d333148ced5e5e028b718c.jpg,5,0,0.0,0,0.0,0,0.0,0,0.0,3,0.05785133352703042,0,0.0,1,0.0009878611503518187
09002200121902181538124932K_1295384400_481861200_jpg.rf.1fc0f82b81b1e3a30d1fb5278f6978ac.jpg,1,0,0.0,0,0.0,0,0.0,0,0.0,1,0.14967527389526367,0,0.0,0,0.0
09002200121902181539113332K_1295369700_481902700_jpg.rf.15094c6038c6d678438c06a615129f3a.jpg,2,0,0.0,0,0.0,0,0.0,0,0.0,1,0.07170335551927565,0,0.0,1,0.00031672911261011906
09002200121902181547239632Q_1296145800_481969100_jpg.rf.0093e5f2ec6b0ed21f1e3b29684b597a.jpg,7,0,0.0,1,0.02074218461927103,0,0.0,4,0.0022453381309105657,0,0.0,0,0.0,0,0.0
09002200121902181548362187F_1293956600_481898400_jpg.rf.26622bbcaef16a0a09bab268c6554a3d.jpg,6,0,0.0,0,0.0,0,0.0,0,0.0,1,0.0074500767855715825,0,0.0,0,0.0
09002200121902181548399202K_1295306200_481887800_jpg.rf.3421e7c70467c05adddcb7a6ee75006a.jpg,7,0,0.0,1,0.004899534312353353,0,0.0,0,0.0,0,0.0,0,0.0,0,0.0
09002200121902181553225148K_1294803100_480837600_jpg.rf.90d50d78f7c6c6c0517a9370ab6afb68.jpg,4,0,0.0,0,0.0,0,0.0,0,0.0,0,0.0,1,0.03012252545249794,0,0.0
09002200121902181557527687F_1294049400_481852300_jpg.rf.f7320e2e5b92c627f8ec1bc1f9128973.jpg,4,0,0.0,1,0.01713340085487288,0,0.0,0,0.0,2,0.05012869608949129,0,0.0,1,0.01193038285864077
09002200121902181600251632K_1295323800_481996400_jpg.rf.9dd65e84577f8785e1196ce7961183e5.jpg,2,0,0.0,0,0.0,0,0.0,0,0.0,5,0.20740802346421322,0,0.0,0,0.0
09002200121902181603579127F_1293883200_481675800_jpg.rf.432e78833ac321fb2e7e80bc02e6df96.jpg,4,0,0.0,2,0.07267291912780138,0,0.0,3,0.01733198183364946,0,0.0,0,0.0,1,0.0003433290516568369
09002200121902181610569582K_1295306400_481896100_jpg.rf.85c2d38b9bbdb629c334bb6e4fdfc2c7.jpg,1,1,0.2693839378896712,0,0.0,0,0.0,0,0.0,1,0.0035472964781820336,0,0.0,2,0.005065730139076553
09002200121902181611194032K_1295328600_481902200_jpg.rf.7571ba633808809d31bd3a6e1ef6f12b.jpg,3,0,0.0,0,0.0,0,0.0,0,0.0,1,0.03212246339990092,0,0.0,0,0.0
09002200121902181616389802K_1295296500_481900700_jpg.rf.51717883220d936c318babf66591cb79.jpg,1,1,0.21475865801738334,0,0.0,0,0.0,0,0.0,0,0.0,0,0.0,0,0.0
09002200121902181616412302K_1295293800_481900600_jpg.rf.472d5f226ebe1a9a2a8cefdcf24f1831.jpg,1,1,0.283656199547861,0,0.0,0,0.0,0,0.0,0,0.0,0,0.0,0,0.0
09002200121902181616470722K_1295288500_481901600_jpg.rf.cb9e44767de43e16afb969c0f0df073b.jpg,7,0,0.0,0,0.0,0,0.0,1,0.0014473403666488594,0,0.0,0,0.0,0,0.0
09002200121902181617398162K_1295282900_481901500_jpg.rf.9641340999816f71590a8b0d5cfddde9.jpg,1,1,0.1260259069118547,0,0.0,0,0.0,0,0.0,0,0.0,0,0.0,0,0.0
09002200121902181620226932K_1295362500_481905000_jpg.rf.d94668895125cb83c4affaee39ca6d77.jpg,3,0,0.0,0,0.0,0,0.0,0,0.0,1,0.025334862269069162,0,0.0,0,0.0
09002200121902181621205852K_1295435500_481910800_jpg.rf.c1f9aaa64c640aab9547eff84ce8a50b.jpg,3,0,0.0,1,0.02803251913228906,0,0.0,0,0.0,0,0.0,0,0.0,0,0.0
09002200121902181630279142K_1295436900_481844500_jpg.rf.a20ce1c47cae0fea554d56da2d9436c7.jpg,5,0,0.0,2,0.05465701732722208,0,0.0,0,0.0,0,0.0,0,0.0,2,0.004622164057918787
09002200121902200948216822K_1295235100_481259400_jpg.rf.59fa3bdbe96453cf0c923f37308c3132.jpg,5,0,0.0,1,0.029300359411008683,0,0.0,0,0.0,0,0.0,0,0.0,1,0.0029095904219775515
09002200121902200957555892K_1295272800_481381600_jpg.rf.3985123284bd635e35edb7463dcb874d.jpg,6,0,0.0,2,0.02103388444125357,0,0.0,3,0.006104189702273288,1,0.015545121381446734,0,0.0,0,0.0
09002200121902200959390092K_1295265400_481344500_jpg.rf.73a3ab4b94ec4e0b9def0446637df7a0.jpg,4,0,0.0,3,0.06175517521362057,0,0.0,0,0.0,0,0.0,0,0.0,0,0.0
09002200121902201002181648K_1294817900_480753700_jpg.rf.b01043f97a6110a27c4ae956c0899cec.jpg,1,0,0.0,0,0.0,0,0.0,0,0.0,2,0.12762768481661907,0,0.0,0,0.0
09002200121902201029447152K_1295251600_481635200_jpg.rf.54bbf2659e3ff29291f9d8cdc2c0a2d3.jpg,3,0,0.0,0,0.0,0,0.0,0,0.0,2,0.051983597902231005,0,0.0,0,0.0
09002200121902201043103357F_1294253700_482270100_jpg.rf.9c34a25608a951d19d355e6962fb6d9d.jpg,5,0,0.0,0,0.0,0,0.0,1,0.00021571515899267978,3,0.05870906670450265,0,0.0,1,0.0004500835457292851
09002200121902201051353348K_1294881400_481004100_jpg.rf.addd409f94d33fdb075cb7a189460660.jpg,4,1,0.005708913961706228,1,0.059547615795531764,0,0.0,1,0.0005387923599528222,0,0.0,0,0.0,0,0.0
09002200121902201059382402K_1295628700_482035200_jpg.rf.fa9bc90701060d68020244f853a05a6a.jpg,8,0,0.0,1,0.004280431130282523,0,0.0,0,0.0,0,0.0,0,0.0,1,0.004786973538793973
09002200121902201059399742K_1295628700_482034000_jpg.rf.412d8bb895cb384ab11631ddb9a13fde.jpg,9,0,0.0,0,0.0,0,0.0,0,0.0,0,0.0,0,0.0,1,0.00019936871458412498
09002200121902201059469482K_1295628700_482029900_jpg.rf.f4286953d3a2d6ea6b0f6c6f7b43875c.jpg,6,0,0.0,1,0.009250316771795043,0,0.0,0,0.0,0,0.0,0,0.0,0,0.0
09002200121902201059497262K_1295628700_482028600_jpg.rf.56d8b2a2855d379e010bc81cf4b30402.jpg,6,0,0.0,2,0.01567480686890576,0,0.0,0,0.0,0,0.0,0,0.0,1,0.0004533723742679321
09002200121902201059533392K_1295628700_482027400_jpg.rf.455b443a3ad3f3827499ba7d208bd0e0.jpg,6,0,0.0,2,0.028074733692196794,0,0.0,0,0.0,0,0.0,0,0.0,1,0.0005189207199308044
09002200121902201100011077F_1294325800_482247300_jpg.rf.7dd0097520196e58f6d75d128233aca0.jpg,6,0,0.0,3,0.020954766046122585,0,0.0,0,0.0,1,0.0177325886701306,0,0.0,1,0.00031255453782250397
09002200121902201100472798K_1294763900_480989400_jpg.rf.46987b350ebae21db32c72551e165022.jpg,6,0,0.0,1,0.009249402964524051,0,0.0,0,0.0,0,0.0,0,0.0,0,0.0
09002200121902201101304952Q_1295258900_482077500_jpg.rf.8c9383cff76adea976aa53363f0b1fa1.jpg,3,0,0.0,2,0.059064007832760126,0,0.0,0,0.0,0,0.0,0,0.0,0,0.0
09002200121902201101424332Q_1295253700_482076800_jpg.rf.5836185ec226615a8212b0cd80e6e2e4.jpg,3,0,0.0,1,0.032971750643955605,0,0.0,0,0.0,0,0.0,0,0.0,0,0.0
09002200121902201103337078K_1294687800_480924100_jpg.rf.f4100e31c949a8065f5122ad0d43cfad.jpg,6,0,0.0,0,0.0,0,0.0,0,0.0,1,0.008059440041722576,0,0.0,0,0.0
09002200121902201103435828K_1294676900_480919600_jpg.rf.d92f8e1b779e43ad07ef6fcc17fcdd9d.jpg,6,0,0.0,0,0.0,0,0.0,0,0.0,2,0.029638528228938414,0,0.0,1,0.004716786712997419
09002200121902201104267262Q_1295256000_482077100_jpg.rf.e979d428646ca9309402f78c956361ab.jpg,6,0,0.0,1,0.019630455442238598,0,0.0,0,0.0,0,0.0,0,0.0,1,0.0005719602967383253
09002200121902201118219572K_1295525800_481829700_jpg.rf.08babda66799d512e33d03d9dfd33a7c.jpg,3,0,0.0,0,0.0,0,0.0,0,0.0,2,0.05788475029897654,0,0.0,0,0.0
09002200121902201120530967F_1294336000_482246400_jpg.rf.a71c246cd5ec17564804de1c6018bee9.jpg,2,1,0.1185390816590052,1,0.005748068307589154,0,0.0,0,0.0,2,0.023432624185791708,0,0.0,1,0.0006397439366810431
09002200121902201122082542Q_1295217500_481931800_jpg.rf.f67d5dc30c204371d90174a34c1c4209.jpg,8,0,0.0,0,0.0,0,0.0,0,0.0,2,0.006870419590006803,1,0.002449668425751952,1,0.0010114079682807591
09002200121902201134035337F_1294166600_482107700_jpg.rf.4958b0a33eeda2c5e50c8b6398c9d480.jpg,2,0,0.0,3,0.1761615752379498,0,0.0,0,0.0,0,0.0,0,0.0,1,0.000605889317977808
09002200121902201151041687F_1294233400_482015100_jpg.rf.88e0847e1d8ce2147986465396bb0a9e.jpg,6,0,0.0,1,0.012303413769723166,0,0.0,0,0.0,1,0.003351594106388804,0,0.0,0,0.0
09002200121902201158256702Q_1295239200_481831700_jpg.rf.fa8c00fb44ec96b95f75ca56eca74da4.jpg,5,0,0.0,1,0.01109610818794863,0,0.0,0,0.0,0,0.0,0,0.0,0,0.0
09002200121902201224068002K_1295347200_481752800_jpg.rf.b8e8574defd43b6911342fb88f7be273.jpg,3,0,0.0,0,0.0,0,0.0,0,0.0,2,0.05508148764226005,0,0.0,0,0.0
09002200121902201350425202Q_1295039300_481749600_jpg.rf.d585d94946bc96632ba3a65c877e07a6.jpg,5,0,0.0,0,0.0,0,0.0,1,0.006453662297590186,0,0.0,0,0.0,0,0.0
09002200121902201350430202Q_1295039800_481750000_jpg.rf.49acbad6c865b2f9a1a768b3c45b6a39.jpg,1,1,0.18585402866009418,1,0.0020789892816281902,0,0.0,0,0.0,0,0.0,0,0.0,0,0.0
09002200121902201412299192Q_1295069500_481781200_jpg.rf.66522e00ba41dd431cb5bce4eb464b97.jpg,1,1,0.33530792688895417,0,0.0,0,0.0,0,0.0,0,0.0,0,0.0,0,0.0
09002200121902201412570032Q_1295084600_481789700_jpg.rf.7b6d24e98279c32fb9b9c443a463e08c.jpg,1,1,0.4104182212737214,0,0.0,0,0.0,0,0.0,0,0.0,0,0.0,0,0.0
09002200121902201413493828K_1294429000_481486700_jpg.rf.65fe5a69b438340fd6c075e7f53988f1.jpg,4,0,0.0,1,0.027869238987477712,0,0.0,0,0.0,1,0.006881029094965927,0,0.0,0,0.0
09002200121902201430469182K_1295695600_481849100_jpg.rf.a5adaf780433640b6fb33a20822c0e01.jpg,9,0,0.0,0,0.0,0,0.0,0,0.0,0,0.0,0,0.0,3,0.003659638247867179
09002200121902201432220892Q_1294977000_481859000_jpg.rf.166219e9cab2f1435e7c9dcb95e29f66.jpg,1,1,0.42857556177987133,0,0.0,0,0.0,0,0.0,0,0.0,0,0.0,1,0.0005619211802962809
09002200121902201434297902Q_1294986300_481860100_jpg.rf.c2192b0b21ad65f7b3dae0d5da597619.jpg,1,1,0.4264154459601832,0,0.0,0,0.0,0,0.0,0,0.0,0,0.0,0,0.0
09002200121902201439031498K_1294410400_481291400_jpg.rf.d9b1faf82703bfdb57bc297df108cb5a.jpg,6,0,0.0,0,0.0,0,0.0,0,0.0,1,0.0070743116392987,0,0.0,0,0.0
09002200121902201439153758K_1294416100_481278900_jpg.rf.acbde65c66b68e1cd540d4fda4437893.jpg,1,1,0.22831720089525334,0,0.0,0,0.0,0,0.0,0,0.0,0,0.0,0,0.0
09002200121902201439311468K_1294423500_481260000_jpg.rf.37249137935b8f6d9e6509c363708628.jpg,1,1,0.08598204715660364,0,0.0,0,0.0,0,0.0,0,0.0,0,0.0,0,0.0
09002200121902201440478268K_1294432500_481193800_jpg.rf.f0b64a56677fa6be2cedd163e5479566.jpg,1,2,0.5648866774085218,0,0.0,0,0.0,0,0.0,0,0.0,0,0.0,0,0.0
09002200121902201440554687F_1294361400_482378200_jpg.rf.62a61172d1f4ec155899c539bb3c87c7.jpg,7,0,0.0,0,0.0,0,0.0,0,0.0,2,0.015563778639470914,0,0.0,3,0.0009821965811124727
09002200121902201441131138K_1294415900_481180400_jpg.rf.1939464315bcd35d6d186e546b5f9a71.jpg,1,1,0.2609910961817786,0,0.0,0,0.0,0,0.0,0,0.0,0,0.0,0,0.0
09002200121902201441154848K_1294417000_481177900_jpg.rf.53dda3fd1d6578f073cef8ec44d99f9f.jpg,1,1,0.3235285533674323,0,0.0,0,0.0,0,0.0,0,0.0,0,0.0,0,0.0
09002200121902201441178558K_1294418200_481175400_jpg.rf.56a6d2e417b75b51011b407d671e4b07.jpg,1,1,0.4065623567905277,0,0.0,0,0.0,0,0.0,0,0.0,0,0.0,0,0.0
09002200121902201441359678K_1294427700_481155000_jpg.rf.55db83ab93db170d96d7f4ce2f9ff9f8.jpg,1,1,0.18297909068282026,0,0.0,0,0.0,0,0.0,0,0.0,0,0.0,0,0.0
09002200121902201501271458K_1294383100_481005100_jpg.rf.e6696f547c25078ee4914740baba7ba1.jpg,1,1,0.4094347318925247,0,0.0,0,0.0,0,0.0,0,0.0,0,0.0,0,0.0
09002200121902201515542642Q_1295164100_482025700_jpg.rf.78074efc0fb3bf8e36d5dfca657b55c7.jpg,5,0,0.0,0,0.0,0,0.0,0,0.0,1,0.013899030235086271,0,0.0,0,0.0
09002200121902201519115162K_1295343300_481617700_jpg.rf.95ebf3cf609616e3d55a9947f50c0725.jpg,3,0,0.0,4,0.08902441608888466,0,0.0,0,0.0,2,0.08472684179367662,0,0.0,0,0.0
09002200121902201519127662K_1295343100_481619000_jpg.rf.48f903c8cecb02cada059fdf666fa9b0.jpg,2,0,0.0,2,0.1138474168038647,0,0.0,0,0.0,1,0.01503197162732249,0,0.0,0,0.0
09002200121902201519154282K_1295342900_481621900_jpg.rf.da8f59d860d3f8cf1ab3a7ddcfd346c9.jpg,1,0,0.0,3,0.1979455620750264,0,0.0,0,0.0,1,0.0249140318291029,0,0.0,0,0.0
09002200121902201527517552K_1295436400_481646100_jpg.rf.bb6b631dc2bb4e52f62c0e275311153a.jpg,4,0,0.0,0,0.0,0,0.0,0,0.0,1,0.02300577539175947,0,0.0,0,0.0
09002200121902201530145232Q_1295140900_482062000_jpg.rf.d10f6827f951d72d9e5bce4c0dbd07dc.jpg,1,1,0.43316116165524365,0,0.0,0,0.0,1,0.013694718239712522,0,0.0,0,0.0,0,0.0
09002200121902201530554742K_1295339400_481591000_jpg.rf.71a83b26b0c512ba967f934480fd8eb5.jpg,3,2,0.09658830627706265,0,0.0,0,0.0,3,0.0030093444079693707,1,0.00574021830948368,0,0.0,0,0.0
09002200121902201530595242Q_1295080700_482059800_jpg.rf.cbbecd39eb70078ce43bd8f926542c85.jpg,1,1,0.04202314570080489,0,0.0,0,0.0,0,0.0,0,0.0,0,0.0,0,0.0
09002200121902201536258892K_1295294700_481584900_jpg.rf.28075b5adae822528d82e690cff3a925.jpg,3,0,0.0,1,0.05742477722049443,0,0.0,0,0.0,1,0.04085217488129729,0,0.0,1,0.00021018720384745392
09002200121902201558235052Q_1295038300_482072000_jpg.rf.e0f3c6c8b2350186ae134352c636ed57.jpg,1,1,0.3811790856130574,0,0.0,0,0.0,0,0.0,0,0.0,0,0.0,0,0.0
09002200121902201608131252K_1295454800_481678500_jpg.rf.8e10417f0d1955ea100f588025d65005.jpg,5,1,0.027465238992090243,0,0.0,0,0.0,1,0.0011870606664660965,2,0.036899917562591325,0,0.0,4,0.005079675930842316
09002200121902201623249542K_1295444400_481679500_jpg.rf.ff4810e7245cdd6e1aaa48e65433c37c.jpg,2,0,0.0,3,0.2615666798369694,0,0.0,1,0.0004394914156182469,1,0.0005523362064559479,0,0.0,1,0.00031756802994096155
09002200121902201626513442Q_1294969200_482186200_jpg.rf.1e9bcd86dde45eef3e6e10d814126b47.jpg,4,0,0.0,1,0.03778118396240643,0,0.0,0,0.0,0,0.0,0,0.0,1,0.001214497086148186
09002200121902201646275862Q_1295003800_482263500_jpg.rf.e39287b78df077e839269bd552b4c040.jpg,4,0,0.0,0,0.0,0,0.0,0,0.0,1,0.020287616686930507,0,0.0,0,0.0
09002200121902210901177052K_1295498000_480842400_jpg.rf.f118901a678e70bba86af39c870662e7.jpg,9,0,0.0,0,0.0,0,0.0,1,0.0005362109583802521,0,0.0,0,0.0,1,0.0002877739334508078
09002200121902210901493392K_1295501300_480868700_jpg.rf.c88f777afedb2ac72647efef3e28fd35.jpg,9,0,0.0,0,0.0,0,0.0,1,0.00045445165274941244,0,0.0,0,0.0,0,0.0
09002200121902210904001912K_1295557300_480880300_jpg.rf.dfb499bbec4ac868fb91611171f72d1f.jpg,3,0,0.0,0,0.0,0,0.0,0,0.0,2,0.04736765760587784,0,0.0,0,0.0
09002200121902210943509802K_1295411800_481186300_jpg.rf.842f53c5b7dfacbaee6f022df5a18155.jpg,7,0,0.0,1,0.006651327777108231,0,0.0,1,0.00020120629691518842,0,0.0,0,0.0,0,0.0
09002200121902211049255542K_1295499800_481443300_jpg.rf.b54fa0cfb64cd3c1c27a7aa34973f3f5.jpg,3,0,0.0,0,0.0,0,0.0,0,0.0,1,0.02547422683164765,0,0.0,0,0.0
09002200121902211113094372K_1295516500_481599500_jpg.rf.32b2a6c4885d364c2f1522088af41df7.jpg,8,0,0.0,0,0.0,0,0.0,2,0.0015353751592556302,1,0.006845110245421893,0,0.0,3,0.001718372508839825
09002200121902211124121662K_1295492700_481475200_jpg.rf.c4836e2228db5025fba1e2925d23ea04.jpg,5,0,0.0,1,0.010274288906275615,0,0.0,0,0.0,0,0.0,0,0.0,0,0.0
09002200121902211219373449K_1294581400_483296500_jpg.rf.1c5e3e60518ea403529677c6248831f9.jpg,9,0,0.0,0,0.0,1,0.002863576972467854,2,0.0002945365705227232,0,0.0,0,0.0,2,0.0014033629397181314
09002200121902211445010472K_1295641800_481632700_jpg.rf.e149a1ab7fc8488a273824827ac245ea.jpg,4,0,0.0,0,0.0,0,0.0,0,0.0,1,0.0436001760685258,0,0.0,1,0.0013914312369888648
09002200121902211447590492K_1295713200_481609700_jpg.rf.0edd09aca4bbbd766eeee781a529de98.jpg,2,0,0.0,0,0.0,0,0.0,0,0.0,1,0.044446576912123364,0,0.0,0,0.0
09002200121902211448043202K_1295713300_481605800_jpg.rf.1a9513def108744127bba88b14217bd4.jpg,2,0,0.0,0,0.0,0,0.0,0,0.0,2,0.0700601984268144,0,0.0,0,0.0
09002200121902211449375352K_1295741000_481628400_jpg.rf.281f9b929219ad0043f1f773bb21c428.jpg,5,0,0.0,0,0.0,0,0.0,1,0.0013485568036549012,1,0.061768229364629404,0,0.0,2,0.001678150399802686
09002200121902211511293947N_1294958800_483232500_jpg.rf.5b341ff3068cfccab7ffbd666fcb615f.jpg,9,0,0.0,0,0.0,0,0.0,1,0.0003509050349748608,0,0.0,0,0.0,0,0.0
09002200121902211527010282K_1295827400_481631400_jpg.rf.6451589f1f315349da87ade84b8da204.jpg,3,0,0.0,0,0.0,0,0.0,0,0.0,1,0.03328181763200752,0,0.0,0,0.0
09002200121902211527205957F_1294611800_482245000_jpg.rf.2386b4fdc41c6ac55b77895e5927c66a.jpg,1,1,0.17132357150265762,0,0.0,0,0.0,1,0.00020863159556029133,1,0.003910123552032029,0,0.0,0,0.0
09002200121902211601446192K_1295609300_481369700_jpg.rf.97efa46b0b81f1969fa946cbb29d9064.jpg,1,1,0.3545606951515265,0,0.0,0,0.0,0,0.0,0,0.0,0,0.0,0,0.0
09002200121902211601462912K_1295609900_481371700_jpg.rf.2be8e971caef73bf8485a941fed383a5.jpg,1,1,0.3930651395588029,0,0.0,0,0.0,0,0.0,0,0.0,0,0.0,0,0.0
09002200121902221039414302Q_1295155700_481700000_jpg.rf.7b15896d3b7c030173c713fb8e79ebde.jpg,1,1,0.3837257102757758,0,0.0,0,0.0,0,0.0,0,0.0,0,0.0,0,0.0
09002200121902221039425862Q_1295155800_481699100_jpg.rf.0d7ba5bb9af30ba201863086630b2c8b.jpg,1,1,0.34782748717304457,0,0.0,0,0.0,0,0.0,0,0.0,0,0.0,0,0.0
09002200121902221106599728O_1295929300_483511600_jpg.rf.320b6b628acb0d2c7d86b8a0d72473b6.jpg,8,0,0.0,0,0.0,0,0.0,0,0.0,1,0.009083852756948545,0,0.0,5,0.00292229738140577
09002200121902221135420278K_1294100700_481578600_jpg.rf.287ebbee27cc25eb6e19e68440201349.jpg,8,0,0.0,0,0.0,0,0.0,1,0.00019763492491620127,2,0.00502939705306062,0,0.0,0,0.0
09002200121902221223290992Q_1295145200_481873600_jpg.rf.00e94e813b05942e9e6ed04323f7bac1.jpg,6,0,0.0,1,0.01708797748426605,0,0.0,0,0.0,0,0.0,0,0.0,1,0.006677286259691755
09002200121902221232410277F_1294748400_482182000_jpg.rf.b6ba86cdf0326ff4e463ac8bbc59032a.jpg,2,0,0.0,1,0.0922086427062095,0,0.0,0,0.0,0,0.0,0,0.0,1,0.0008785618023102921
09002200121902221238224302Q_1295129100_481854900_jpg.rf.6105f5a0348fdf793b909d4cb5d0d73d.jpg,1,1,0.16469019970985752,0,0.0,0,0.0,0,0.0,0,0.0,0,0.0,0,0.0
09002200121902221238300102Q_1295120800_481855500_jpg.rf.43ca510bbaab04daf5c4996caed64e56.jpg,1,1,0.31844524534810265,0,0.0,0,0.0,0,0.0,0,0.0,0,0.0,0,0.0
09002200121902221238321382Q_1295118600_481855600_jpg.rf.722163354412933d1f2cdf1c9d2879d0.jpg,1,1,0.3166487268041283,0,0.0,0,0.0,0,0.0,0,0.0,0,0.0,0,0.0
09002200121902221238366692Q_1295114400_481855800_jpg.rf.3eedfd9e8923bd24bc940f4195aefa38.jpg,1,1,0.23634304550838356,0,0.0,0,0.0,0,0.0,1,0.0032046570012789744,0,0.0,0,0.0
09002200121902221245294712Q_1295093600_481859800_jpg.rf.1dfbba9d40b26b9b81c0d93e74f7ed6e.jpg,1,1,0.42900334965054754,0,0.0,0,0.0,0,0.0,0,0.0,0,0.0,0,0.0
09002200121902221246513762Q_1295043700_481817300_jpg.rf.095d4fef03e699ebcf153a0a52bf3634.jpg,1,4,0.2067669701126448,0,0.0,0,0.0,0,0.0,1,0.00795613927535669,0,0.0,0,0.0
09002200121902221247061892Q_1295040700_481804900_jpg.rf.d3c9c511e8c50c7d13425fc45fb63729.jpg,7,0,0.0,1,0.004679133867466589,0,0.0,1,0.0007194008491023885,0,0.0,0,0.0,0,0.0
09002200121902221258535662Q_1294890200_481927100_jpg.rf.6b8b8e5c20d71603a55b0ad37d440577.jpg,1,2,0.41471375564553226,0,0.0,0,0.0,0,0.0,0,0.0,0,0.0,0,0.0
09002200121902221259018182Q_1294899700_481927900_jpg.rf.3545050c7c4b09ca6b9fd19d3fd732ee.jpg,1,1,0.3844438384835848,0,0.0,0,0.0,0,0.0,1,0.00530458165841992,0,0.0,0,0.0
09002200121902221259083182Q_1294907300_481928400_jpg.rf.d9147c687c032186ad3786ed9346c723.jpg,1,1,0.43339618045174577,0,0.0,0,0.0,0,0.0,0,0.0,0,0.0,0,0.0
09002200121902221307238508K_1294020900_481729400_jpg.rf.16feac72a8d57d8a5c2467915137dff8.jpg,1,1,0.4239910260782426,0,0.0,0,0.0,0,0.0,1,0.006664266973622261,0,0.0,0,0.0
09002200121902221307445828K_1294028500_481717000_jpg.rf.2ada546bcd7af9a52f88f08c8a37c32a.jpg,1,1,0.33170897638156477,0,0.0,0,0.0,0,0.0,1,0.008600354176627434,0,0.0,0,0.0
09002200121902221307471288K_1294029500_481715400_jpg.rf.caf59d27a621660369882ec5ea0bd7fd.jpg,3,0,0.0,1,0.027709191542271583,0,0.0,0,0.0,0,0.0,0,0.0,0,0.0
09002200121902221308173568K_1294036200_481693800_jpg.rf.cc320aea3ce37e6fb8bc356400bd8a90.jpg,1,1,0.13747407518065302,0,0.0,0,0.0,0,0.0,0,0.0,0,0.0,0,0.0
09002200121902221309001698K_1294030500_481688500_jpg.rf.194ff8cb929803ce469371a66945825f.jpg,1,1,0.3441882865588468,0,0.0,0,0.0,0,0.0,0,0.0,0,0.0,0,0.0
09002200121902221312092312Q_1294968500_481986700_jpg.rf.cf54f20b4203e5e6203b801b9f91885d.jpg,1,1,0.0409773287049552,3,0.14892895594844502,0,0.0,0,0.0,0,0.0,0,0.0,0,0.0
09002200121902221316204622Q_1295072700_481912600_jpg.rf.453c0a6f819b1a3e9493f5ecc114ba52.jpg,1,1,0.412906413982455,0,0.0,0,0.0,0,0.0,0,0.0,0,0.0,0,0.0
09002200121902221316313102Q_1295078800_481912900_jpg.rf.97ab024761e9ec1cda04996dd1cf5cd2.jpg,1,1,0.2773904109692921,0,0.0,0,0.0,0,0.0,0,0.0,0,0.0,0,0.0
09002200121902221317057892Q_1295094300_481915000_jpg.rf.90abb7a2d092a4bc19fe3162e4513e1a.jpg,5,0,0.0,0,0.0,0,0.0,0,0.0,1,0.010335844114979408,0,0.0,0,0.0
09002200121902221317181802Q_1295104100_481915100_jpg.rf.c610cd3cf172441c3345efffbe2fccdd.jpg,6,0,0.0,2,0.014814491292468111,0,0.0,0,0.0,2,0.019982841405236516,0,0.0,1,0.004412782691942994
09002200121902221317593312Q_1295088000_481915300_jpg.rf.6ad8db1fefcbd8a95e29b3ed2fa0332e.jpg,5,0,0.0,0,0.0,0,0.0,0,0.0,2,0.02401258512712957,0,0.0,0,0.0
09002200121902221328090438K_1293927400_481668900_jpg.rf.764c24708fac6ef3f10c72e5e59f63e3.jpg,3,0,0.0,0,0.0,0,0.0,0,0.0,1,0.0314112448813421,0,0.0,0,0.0
09002200121902221340593192Q_1295188400_481997100_jpg.rf.521429b917500d9724993afc9ec24db1.jpg,1,1,0.44150943756103517,0,0.0,0,0.0,0,0.0,0,0.0,0,0.0,0,0.0
09002200121902221341023142Q_1295182700_481997100_jpg.rf.fc12a6c10d20c44727cb8e66bcf9da53.jpg,1,1,0.4224568887647001,0,0.0,0,0.0,0,0.0,0,0.0,0,0.0,0,0.0
09002200121902221344376699V_1294795300_484163700_jpg.rf.08ad9dc59a917de87800afb5ee3e9dd8.jpg,4,0,0.0,1,0.04115755041711964,0,0.0,1,0.001064839578134525,0,0.0,0,0.0,0,0.0
09002200121902221410248062Q_1294968100_482189800_jpg.rf.18da3aadad4833f51e5357eae181a29d.jpg,2,0,0.0,1,0.024229189695279273,3,0.26262151993726546,0,0.0,0,0.0,0,0.0,0,0.0
09002200121902221418306152Q_1294969900_482355300_jpg.rf.767aeb0ef856e5d0d9605b54b81931d6.jpg,2,1,0.07684537920034923,0,0.0,0,0.0,1,0.0005471353018583614,1,0.0011370270695852014,0,0.0,0,0.0
09002200121902221426430022Q_1294966600_482193100_jpg.rf.ea17a9d0fcb24d22bb52336e083db086.jpg,8,0,0.0,0,0.0,1,0.006878380225807627,0,0.0,0,0.0,1,0.0015419607525109314,1,0.000466329114015024
09002200121902221505571787F_1294849800_482028800_jpg.rf.2bc296ac16ce8c83cacd32521ec99d45.jpg,1,1,0.10016348006018463,0,0.0,0,0.0,1,0.0033829382462977264,0,0.0,0,0.0,0,0.0
09002200121902221506092687F_1294844400_482028600_jpg.rf.103fe515747a6415c7e2eea22f9bd843.jpg,7,0,0.0,1,0.0035837486773107256,0,0.0,2,0.004733303895009165,0,0.0,0,0.0,0,0.0
09002200121902221518119662Q_1294865900_482088900_jpg.rf.1b1d4170f2f0e01eedf759b7ee167cfb.jpg,6,0,0.0,0,0.0,0,0.0,0,0.0,2,0.012002622827294576,0,0.0,0,0.0
09002200121902221621275712Q_1294932000_482015000_jpg.rf.b22079fcbc7540e53ad507e7be24f14d.jpg,6,0,0.0,0,0.0,0,0.0,1,0.005862387967767973,1,0.015613287778717223,0,0.0,2,0.0017943934644790707
09002200121902221630300532Q_1294864400_482202400_jpg.rf.e4c46b7348cf5d26f313b774c67feaca.jpg,6,0,0.0,1,0.0011235681979815126,0,0.0,3,0.0010104008908194836,5,0.05417640749040516,0,0.0,1,0.0007850170235815261
09002200121902230945497158K_1294085600_481738800_jpg.rf.e0d6ac1e0fc6401469d86a42292ecaa7.jpg,7,0,0.0,2,0.005535934002398343,0,0.0,1,0.0010326838625496792,0,0.0,0,0.0,0,0.0
09002200121902231002449202Q_1295186800_481516900_jpg.rf.0e0222784c8ff4aca83de0e940f11b67.jpg,3,0,0.0,1,0.032855206602434905,0,0.0,0,0.0,3,0.0606653552967117,0,0.0,0,0.0
09002200121902231005314442Q_1295171100_481517300_jpg.rf.e6ba8bfd211395b059a4b82e332a5d9b.jpg,3,0,0.0,1,0.045218817762460624,0,0.0,1,0.0008829518909442413,2,0.05982347398194177,0,0.0,0,0.0
09002200121902231026268352K_1295531900_481107000_jpg.rf.7a5cf05eb6697fbbbbb9d978155cff4f.jpg,3,0,0.0,0,0.0,0,0.0,0,0.0,1,0.027930935498479813,0,0.0,0,0.0
09002200121902231036341702K_1295566700_481111000_jpg.rf.009da246c36513a5d5592814c97eeba8.jpg,3,1,0.04769356500216417,0,0.0,0,0.0,1,0.0005692153348354623,0,0.0,0,0.0,1,0.0005197879604065748
09002200121902231052063232K_1295667500_481081000_jpg.rf.5e0fe58c5c052ae0abd3c32074169659.jpg,1,1,0.14151293101693227,0,0.0,0,0.0,1,0.0014327699123896276,0,0.0,0,0.0,0,0.0
09002200121902231052178832K_1295662300_481073100_jpg.rf.a05ce0a67d581138965e65d80aa441e7.jpg,2,3,0.14187184492340976,0,0.0,0,0.0,0,0.0,0,0.0,0,0.0,2,0.009470593755213478
09002200121902231053289172Q_1295049700_481586500_jpg.rf.4d0dcd9f53a57faf721c60eb33b046a6.jpg,6,0,0.0,1,0.009410358346176508,0,0.0,1,0.0005334266754289295,0,0.0,0,0.0,0,0.0
09002200121902231119245568K_1294254500_481628900_jpg.rf.beeceb7e19364ed787437f2e086e14e5.jpg,1,1,0.218830011628379,0,0.0,0,0.0,1,0.0072869311758222465,0,0.0,0,0.0,1,0.007032185074876907
09002200121902231122136057F_1294731100_482125500_jpg.rf.18e93584bb28221ed0dda745de400a48.jpg,6,0,0.0,0,0.0,0,0.0,4,0.015333886078506111,0,0.0,0,0.0,1,0.0031616776239388857
09002200121902231122152897F_1294732400_482126200_jpg.rf.2a1b66192a447dc3a766e0435304a512.jpg,2,2,0.11285754758677055,1,0.006470933918958508,0,0.0,1,0.002633164000403667,0,0.0,0,0.0,0,0.0
09002200121902231131007197F_1294685000_482157700_jpg.rf.a03bce01ea74e22dc7af5152925e8282.jpg,3,1,0.05368830514706133,0,0.0,0,0.0,2,0.0024947276463080934,0,0.0,0,0.0,0,0.0
09002200121902231150379142K_1295697400_481357400_jpg.rf.97ab13a6ce85150dd1cae9b8427e9fcd.jpg,1,1,0.4224119301404062,0,0.0,0,0.0,0,0.0,0,0.0,0,0.0,0,0.0
09002200121902231150543012K_1295722200_481358500_jpg.rf.1099f869a79474629c6dcc8e99f387ac.jpg,1,1,0.42910536930878834,0,0.0,0,0.0,0,0.0,0,0.0,0,0.0,0,0.0
09002200121902231151010592K_1295733400_481359000_jpg.rf.5c76ac2da4235bab5f2d00af874bfcac.jpg,1,1,0.4041800835378217,0,0.0,0,0.0,0,0.0,0,0.0,0,0.0,0,0.0
09002200121902231151025142K_1295735800_481359000_jpg.rf.7939949b786ebb821027a3269ca7ab4b.jpg,1,1,0.2858181128648994,0,0.0,0,0.0,0,0.0,0,0.0,0,0.0,0,0.0
09002200121902231151153612K_1295753900_481359900_jpg.rf.17a5cf41f8fd6770e22c822c5c65bac2.jpg,1,1,0.40058754376696015,0,0.0,0,0.0,2,0.003273314232028494,0,0.0,0,0.0,0,0.0
09002200121902231213133048K_1294477900_481535900_jpg.rf.80db8491241683c914e8a5b9e3d0009b.jpg,9,0,0.0,0,0.0,0,0.0,1,0.00039084449831080126,0,0.0,0,0.0,0,0.0
09002200121902231215024312Q_1295000900_482356700_jpg.rf.d97a73d9007b8a50d04390cc73bb635c.jpg,4,0,0.0,2,0.0375597052704711,0,0.0,0,0.0,0,0.0,0,0.0,0,0.0
09002200121902231215295258K_1294469300_481579900_jpg.rf.f0edea8f47f59933c62834d038d47f14.jpg,6,0,0.0,0,0.0,0,0.0,1,0.0050522653429345525,0,0.0,0,0.0,0,0.0
09002200121902231227326667F_1294661800_481913400_jpg.rf.3d9007edeb76ea997f26ca434fd9d10f.jpg,1,1,0.03608089267111607,0,0.0,0,0.0,0,0.0,2,0.12740808670653675,0,0.0,0,0.0
09002200121902231232440618K_1294549000_481540900_jpg.rf.d7fd16a485e8bca9ffa8d7a35c69444c.jpg,3,0,0.0,0,0.0,1,0.1281143535439469,1,0.00028252876387341584,0,0.0,1,0.0020252992618588913,0,0.0
09002200121902231239297218K_1294505300_481538100_jpg.rf.003f708ffa5a891ddaa13c9f238fa194.jpg,9,0,0.0,0,0.0,0,0.0,1,0.0004203997625018019,0,0.0,0,0.0,0,0.0
09002200121902231243312912K_1295722800_481829700_jpg.rf.f61fab3a50e4b911f327efc88de9c024.jpg,6,0,0.0,3,0.030962418958015398,0,0.0,0,0.0,0,0.0,0,0.0,1,0.00031786091501999255
09002200121902231244132802K_1295728900_481782100_jpg.rf.6687b7d8b124b573fd48f733a1a83ac5.jpg,6,0,0.0,2,0.014689056623556098,0,0.0,0,0.0,0,0.0,0,0.0,0,0.0
09002200121902231244283462K_1295733800_481764700_jpg.rf.695eb8c8662df76e88cbf3f73f5a4ff2.jpg,6,0,0.0,0,0.0,0,0.0,0,0.0,1,0.008914198583170219,0,0.0,0,0.0
09002200121902231244308312K_1295735900_481762400_jpg.rf.86032a03da47a85851a20884b4b970ae.jpg,4,0,0.0,1,0.002514607057780154,0,0.0,0,0.0,1,0.03765610784210594,0,0.0,0,0.0
09002200121902231337123508K_1294397900_481549200_jpg.rf.51b41bac84be9f58d0de484bbadcf1d0.jpg,2,0,0.0,0,0.0,0,0.0,0,0.0,1,0.039414787140558474,0,0.0,0,0.0
09002200121902231349129807F_1294784900_481982300_jpg.rf.7a93f580e5bf4670cfd3c88ac238b6df.jpg,5,0,0.0,1,0.012127342016965494,0,0.0,0,0.0,0,0.0,0,0.0,0,0.0
09002200121902231448524372K_1295781500_481719400_jpg.rf.38b8eb398356fac5bb4ecded6802b135.jpg,6,0,0.0,1,0.012665902880351042,0,0.0,1,0.0004470902474531586,1,0.007645192448198907,0,0.0,1,0.0003330690981238149
09002200121902231450591112K_1295746300_481751000_jpg.rf.eba94153af27a004c202c8f42c786b75.jpg,7,0,0.0,2,0.009710294458665204,0,0.0,0,0.0,0,0.0,0,0.0,0,0.0
09002200121902231451101032K_1295741400_481757600_jpg.rf.e70679fc63cb524fe5a5bd978c53a395.jpg,1,0,0.0,0,0.0,0,0.0,0,0.0,1,0.054784138620692605,0,0.0,0,0.0
09002200121902231515560487F_1294803200_481931100_jpg.rf.c24feea5be1cd9a61a10adfb4a618dbf.jpg,1,0,0.0,0,0.0,0,0.0,0,0.0,1,0.11105327325573398,0,0.0,0,0.0
09002200121902231531043982K_1295753000_481668700_jpg.rf.20f9c4c13880a361dc34553d86563032.jpg,2,0,0.0,4,0.19109689983571912,0,0.0,0,0.0,1,0.014287070948084875,0,0.0,0,0.0
09002200121902231603549628K_1294535700_481734100_jpg.rf.1f042962f46e9eb7f3a033650644ef84.jpg,1,2,0.22454608152150968,0,0.0,0,0.0,0,0.0,0,0.0,0,0.0,0,0.0
09002200121902231621180638K_1294262000_481694400_jpg.rf.94803543008284b018bdf2a1523796d5.jpg,1,1,0.3240505768793809,0,0.0,0,0.0,1,0.000918842378214325,0,0.0,0,0.0,3,0.00990858073869049
09002200121902231636526782Q_1294971200_481726500_jpg.rf.9fea46cb7fb8e20692c25ac023793bf2.jpg,4,0,0.0,2,0.11748526086814305,0,0.0,4,0.004203105552833226,2,0.06035197229638237,0,0.0,1,0.0009843492207937791
09002200121902231649187608K_1294059000_481854100_jpg.rf.52d07e178e3925bfea1e6770b35585a2.jpg,1,1,0.3816977991105819,0,0.0,0,0.0,0,0.0,0,0.0,0,0.0,0,0.0
09002200121902231649222158K_1294056900_481850500_jpg.rf.3e1d2d19af7ad84854ab7c83b550c2a3.jpg,1,1,0.3916276978105907,0,0.0,0,0.0,0,0.0,0,0.0,0,0.0,0,0.0
09002200121902231713507682Q_1295023300_481678800_jpg.rf.86b89fda76a70365ad18d2d268762489.jpg,5,1,0.009922656769240366,1,0.0126427496274664,0,0.0,1,0.0034021279355556542,0,0.0,0,0.0,0,0.0
09002200121902240941283918O_1295926800_484602000_jpg.rf.97cbce1508a4f64458ff366e2cda7262.jpg,2,0,0.0,0,0.0,0,0.0,0,0.0,1,0.045353337292078785,0,0.0,0,0.0
09002200121902240944554152G_1297321300_484020400_jpg.rf.740baa435c9bc682d54d5a25b85a3952.jpg,1,1,0.10446386259786779,0,0.0,0,0.0,0,0.0,0,0.0,0,0.0,0,0.0
09002200121902240945017052G_1297325500_484021000_jpg.rf.8923e0f4eda95719ce114adcd9b6008f.jpg,1,1,0.14538826410032465,0,0.0,0,0.0,0,0.0,0,0.0,0,0.0,1,0.00021366591598507512
09002200121902240945028762G_1297326600_484021100_jpg.rf.335d8193ca32c81e205fbc2c28fa5d08.jpg,1,1,0.0952629074764696,0,0.0,0,0.0,0,0.0,0,0.0,0,0.0,0,0.0
09002200121902240945171082G_1297343000_484020700_jpg.rf.91c4b98156207dd9bfd6cad23355f7fe.jpg,2,1,0.12210982732220145,0,0.0,0,0.0,0,0.0,4,0.09601286256424373,0,0.0,1,0.0018161180023525915
09002200121902240945488778O_1295937100_484597900_jpg.rf.a8333d1a08b32e4ad5cbb11b238da2e9.jpg,6,0,0.0,2,0.02002986644591146,0,0.0,0,0.0,0,0.0,0,0.0,1,0.0005433811934381083
09002200121902240946347218O_1295947500_484574500_jpg.rf.c7cc04dfa56768bd16659beb8f553f28.jpg,9,0,0.0,0,0.0,0,0.0,0,0.0,0,0.0,0,0.0,1,0.0003168645683763349
09002200121902240947140378O_1295940200_484558000_jpg.rf.3884279be2a2d42a0178053f97e67d2d.jpg,6,0,0.0,1,0.007570437890760783,0,0.0,0,0.0,0,0.0,0,0.0,0,0.0
09002200121902240950099818K_1294059900_481833800_jpg.rf.4c54eb7208ea5bd7f7a7fb99931e6892.jpg,1,1,0.42413265211868756,0,0.0,0,0.0,0,0.0,0,0.0,0,0.0,0,0.0
09002200121902240955009682K_1296015600_480928800_jpg.rf.852c6b5122bf81d8ed298cb09e206501.jpg,4,1,0.036339323752855535,1,0.011068779220181568,0,0.0,0,0.0,0,0.0,0,0.0,2,0.004142751062913704
09002200121902240955146232K_1296000900_480928200_jpg.rf.e740be593f324492a887cca2e827a7c9.jpg,5,1,0.014889788412006055,1,0.0016677869666091283,0,0.0,2,0.011893578516878722,0,0.0,0,0.0,0,0.0
09002200121902240959256032G_1297634400_484142700_jpg.rf.621265a7bd2ca7963cf20887de7a8ad1.jpg,3,0,0.0,1,0.0020446670092678686,0,0.0,0,0.0,1,0.09046573638916025,0,0.0,1,0.0003285688350479177
09002200121902240959497202G_1297646700_484142600_jpg.rf.29722b23b88c39a7e7e54fc897ee1b51.jpg,4,0,0.0,0,0.0,0,0.0,0,0.0,1,0.035539456144524556,0,0.0,1,0.0002492726409138869
09002200121902241000461552G_1297615400_484143000_jpg.rf.0b43e910226db00dfbb9703e26cf97cc.jpg,4,0,0.0,1,0.01705901805986286,0,0.0,0,0.0,0,0.0,0,0.0,0,0.0
09002200121902241001364652G_1297582900_484142700_jpg.rf.d743d36ff9a40850e6276d1cad22fae6.jpg,1,0,0.0,0,0.0,0,0.0,0,0.0,1,0.05907006015497245,0,0.0,0,0.0
09002200121902241003385612G_1297578500_484142700_jpg.rf.3dafaeaa7aa7446408468849a78fa05a.jpg,6,0,0.0,1,0.008783294013119307,0,0.0,0,0.0,0,0.0,0,0.0,0,0.0
09002200121902241007216612G_1297499300_484105500_jpg.rf.1f5b362211316c025965f8fe1e08e842.jpg,2,2,0.0472352063625658,0,0.0,0,0.0,0,0.0,0,0.0,0,0.0,0,0.0
09002200121902241007242012G_1297497100_484105200_jpg.rf.0a175d3955d2fc2d0a65627a11254f65.jpg,1,1,0.036546881185859095,0,0.0,0,0.0,0,0.0,0,0.0,0,0.0,0,0.0
09002200121902241015141162G_1297502000_484109600_jpg.rf.b3d47519f29d7baf50ddd9efe8a247de.jpg,5,1,0.022081862794993853,0,0.0,0,0.0,0,0.0,1,0.002591406039755384,0,0.0,1,0.000327308296400588
09002200121902241015560372G_1297497100_484131700_jpg.rf.ec6e030978d3bcdb6209d571c4e2e0e2.jpg,7,0,0.0,2,0.006823891118056053,0,0.0,0,0.0,2,0.007849937609571506,0,0.0,0,0.0
09002200121902241016023122G_1297498500_484134100_jpg.rf.cc8a3e533872da035eff595d3dc75379.jpg,4,0,0.0,0,0.0,0,0.0,0,0.0,1,0.0199710792036854,0,0.0,0,0.0
09002200121902241019238852G_1297502700_484135500_jpg.rf.23e17a06f4bb46bd1393131a0e9991a9.jpg,6,0,0.0,0,0.0,0,0.0,0,0.0,1,0.006125790773080553,0,0.0,0,0.0
09002200121902241019275722G_1297504800_484135800_jpg.rf.9cd162502b09b827179b81e50ef48f3a.jpg,7,0,0.0,1,0.0076996266571768505,0,0.0,0,0.0,1,0.0009808438009804377,0,0.0,0,0.0
09002200121902241019375722G_1297511600_484137000_jpg.rf.623e7744dc41d8e571ebc1dc0649ec7e.jpg,5,0,0.0,1,0.011389634267252395,0,0.0,0,0.0,0,0.0,0,0.0,0,0.0
09002200121902241019556892G_1297523400_484138100_jpg.rf.4436b23db0407962f5be3e2fa5dad5f0.jpg,5,0,0.0,1,0.014838838492778464,0,0.0,0,0.0,0,0.0,0,0.0,0,0.0
09002200121902241020036742G_1297529700_484138600_jpg.rf.88e0b6583a0bcdda8246e6bdabfc4f32.jpg,5,0,0.0,1,0.011111927235688199,0,0.0,0,0.0,0,0.0,0,0.0,0,0.0
09002200121902241020049862G_1297530800_484138800_jpg.rf.aa7954877d808ecfe02df60f6ad4123e.jpg,5,0,0.0,2,0.02826016730406534,0,0.0,0,0.0,0,0.0,0,0.0,0,0.0
09002200121902241020508188O_1295971900_484482000_jpg.rf.03d31b69cc9e0b194899da653e6a8d03.jpg,3,0,0.0,0,0.0,0,0.0,0,0.0,1,0.026221281613725295,0,0.0,0,0.0
09002200121902241022174378O_1295969300_484461300_jpg.rf.7228e965f7e1b4d8dfd19ae0fb1e2d72.jpg,6,0,0.0,1,0.016645134110549405,0,0.0,0,0.0,1,0.012836000663178311,0,0.0,1,0.00035077581658697453
09002200121902241022186698O_1295969100_484460200_jpg.rf.6a07150b3c1b9c7c60335872ce6d8676.jpg,4,0,0.0,1,0.044833982586096714,0,0.0,0,0.0,0,0.0,0,0.0,1,0.00018159098362957333
09002200121902241022211818O_1295968800_484457500_jpg.rf.97359e367d132f7d2b2c081073658d34.jpg,2,0,0.0,3,0.10552492780754051,0,0.0,0,0.0,0,0.0,0,0.0,0,0.0
09002200121902241023217738O_1295966200_484437500_jpg.rf.ec418736c76d433303565e1f24193c9f.jpg,5,0,0.0,0,0.0,0,0.0,0,0.0,2,0.02795555958408841,0,0.0,0,0.0
09002200121902241029273808O_1295949100_484308500_jpg.rf.27413acfd788453a8c6e22d29873b9fa.jpg,8,0,0.0,0,0.0,0,0.0,0,0.0,0,0.0,1,0.0029146623944052404,0,0.0
09002200121902241045329768O_1295852100_484453900_jpg.rf.94a11d066ec25c57bca845a22857023a.jpg,9,0,0.0,0,0.0,0,0.0,0,0.0,0,0.0,0,0.0,1,0.0003690966979047482
09002200121902241045354888O_1295849700_484451800_jpg.rf.b4ab9e9b43cf8475b8afeaa8dbb57bf8.jpg,4,0,0.0,0,0.0,0,0.0,0,0.0,2,0.0450810311761234,0,0.0,0,0.0
09002200121902241045391858O_1295846100_484448900_jpg.rf.3c1910ddebdb20217889eff436636fca.jpg,5,0,0.0,0,0.0,0,0.0,1,0.00031984079550056624,1,0.03322074731953762,0,0.0,1,0.00024602981984571376
09002200121902241049289458O_1295837400_484439600_jpg.rf.24f7c7a8fbcb88d2d484bdeca85b258f.jpg,6,0,0.0,2,0.016526112419942365,0,0.0,0,0.0,1,0.00401983577376086,0,0.0,0,0.0
09002200121902241049327022G_1297508600_484167300_jpg.rf.bb0c26bac6b90eaa10eecacbe9b6d575.jpg,3,0,0.0,1,0.002221057313035999,0,0.0,0,0.0,1,0.06119642157702856,0,0.0,0,0.0
09002200121902241049376252Q_1294732400_481554700_jpg.rf.5f65c2057eb9325d508e4c2f2c43d007.jpg,6,0,0.0,0,0.0,0,0.0,0,0.0,2,0.01604650084516152,0,0.0,0,0.0
09002200121902241049409878O_1295848500_484448900_jpg.rf.7e2235a698fe4debf804ffd9ef743fee.jpg,9,0,0.0,0,0.0,0,0.0,1,0.0001158361350826447,0,0.0,0,0.0,0,0.0
09002200121902241051549002G_1297555000_484141000_jpg.rf.33dbb7e9387e4a8790e40e808d778512.jpg,2,0,0.0,0,0.0,0,0.0,0,0.0,1,0.03874469431461876,0,0.0,0,0.0
09002200121902241052096422G_1297564600_484141800_jpg.rf.f2620797093c38f2925754a0e769d99e.jpg,6,0,0.0,1,0.011996552845819224,0,0.0,0,0.0,2,0.015016028642463652,0,0.0,0,0.0
09002200121902241052184392G_1297570000_484142200_jpg.rf.a429d6df3c5ca57042e793daec3fd03e.jpg,2,0,0.0,0,0.0,0,0.0,0,0.0,1,0.035536165885100675,0,0.0,0,0.0
09002200121902241053032358K_1294266900_481847800_jpg.rf.f494da5dd6d2f6e210af0a23cfba8423.jpg,9,0,0.0,0,0.0,0,0.0,2,0.0010579395277909526,0,0.0,0,0.0,0,0.0
09002200121902241054471798O_1295833400_484429200_jpg.rf.c2c1041364425268ae871cbe13f9d310.jpg,1,1,0.044742517269278324,0,0.0,0,0.0,0,0.0,0,0.0,0,0.0,0,0.0
09002200121902241056423758O_1295734800_484381100_jpg.rf.922ee6afd89c0147d7cb95486c89540a.jpg,2,1,0.02729426277859602,0,0.0,0,0.0,0,0.0,0,0.0,0,0.0,0,0.0
09002200121902241057258082Q_1294958700_481551200_jpg.rf.df3b754000626a2f74ee6a687eaf80bd.jpg,9,0,0.0,0,0.0,0,0.0,5,0.002900783197073905,0,0.0,0,0.0,2,0.0020820242012342715
09002200121902241057560448O_1295750500_484368500_jpg.rf.60758a33356a8be4ea6497a7e846c675.jpg,5,0,0.0,1,0.013430425511251088,0,0.0,0,0.0,1,0.008936902025197913,0,0.0,0,0.0
09002200121902241058007398O_1295756800_484369300_jpg.rf.c800fd2b79930b49d0beac622b3a4d18.jpg,6,1,0.004524350196636532,0,0.0,0,0.0,0,0.0,1,0.006665169757998227,0,0.0,0,0.0
09002200121902241058482282Q_1294968000_481506700_jpg.rf.ade42cc72e7a5de2a2a9d88e8308312c.jpg,8,0,0.0,0,0.0,0,0.0,1,0.000875174854445504,0,0.0,0,0.0,0,0.0
09002200121902241100511818O_1295856100_484431900_jpg.rf.cb074a7a2620264b82b73cf479e03956.jpg,7,0,0.0,1,0.004059197983006016,0,0.0,0,0.0,0,0.0,0,0.0,0,0.0
09002200121902241100524708O_1295857200_484432800_jpg.rf.62c15102d7ebc32bf0d94b8e33681d1a.jpg,6,0,0.0,1,0.005957631855198997,0,0.0,0,0.0,1,0.004266831446784646,0,0.0,0,0.0
09002200121902241101157082G_1297603100_484118400_jpg.rf.521baf68aee707a9bd997a591e8c759a.jpg,4,0,0.0,1,0.011412667061294996,0,0.0,0,0.0,1,0.10748094002988182,0,0.0,5,0.001508526095731211
09002200121902241103076228O_1295875800_484448000_jpg.rf.912e415dd53d5d35145bbadd98b0b471.jpg,6,0,0.0,0,0.0,0,0.0,0,0.0,3,0.0206957260490924,0,0.0,0,0.0
09002200121902241103388258O_1295906600_484473200_jpg.rf.b1104a3950ef19bc0edc52a1c39fdd86.jpg,5,0,0.0,0,0.0,0,0.0,0,0.0,1,0.010808658545101895,0,0.0,0,0.0
09002200121902241103463138O_1295913900_484479600_jpg.rf.40c4652d22ddd0df4120d13839ba1214.jpg,5,0,0.0,0,0.0,0,0.0,0,0.0,1,0.013491437799821142,0,0.0,0,0.0
09002200121902241104012948O_1295923100_484489300_jpg.rf.9050d2df7a01525dd2724404d23258b5.jpg,3,0,0.0,1,0.027352133629301535,0,0.0,0,0.0,0,0.0,0,0.0,0,0.0
09002200121902241104040608O_1295924300_484491000_jpg.rf.9a3d7daa50299ba1cca1c7f54f46fa63.jpg,3,0,0.0,2,0.06019300516513794,0,0.0,0,0.0,0,0.0,0,0.0,0,0.0
09002200121902241104265708O_1295931900_484503400_jpg.rf.8dcc5044a77f024313432384301e2989.jpg,6,0,0.0,0,0.0,0,0.0,0,0.0,1,0.006726303677523902,0,0.0,0,0.0
09002200121902241104527988O_1295944300_484526600_jpg.rf.4e21b22eb7903096c451b2483d843976.jpg,3,2,0.036449914632680706,0,0.0,0,0.0,0,0.0,0,0.0,0,0.0,0,0.0
09002200121902241109452068O_1295918800_484497500_jpg.rf.f69b6f9b49cccde6b6309c36ae06d5ba.jpg,5,0,0.0,1,0.01320090508561405,0,0.0,0,0.0,0,0.0,0,0.0,0,0.0
09002200121902241110034722B_1296267000_482705400_jpg.rf.0aac148ccbe71f228589fd58c43a6b68.jpg,8,0,0.0,1,0.0027515892224528175,0,0.0,0,0.0,0,0.0,0,0.0,1,0.0008735045600769809
09002200121902241115413882G_1297468000_484071000_jpg.rf.99444834c42fd85e16362c7668bd4f21.jpg,7,0,0.0,0,0.0,0,0.0,0,0.0,1,0.00489458457089313,0,0.0,0,0.0
09002200121902241120105462G_1297429900_484214700_jpg.rf.2f78690d9407bbd792e87b2f1a535a10.jpg,4,0,0.0,1,0.024623042595147807,0,0.0,0,0.0,1,0.01872913102389475,0,0.0,0,0.0
09002200121902241136105632Q_1294899300_481555800_jpg.rf.860549a746cff9966668ddefd7c7f5c9.jpg,2,0,0.0,1,0.09180049981463526,0,0.0,0,0.0,1,0.009351137877238215,0,0.0,1,0.00023199888593808282
09002200121902241136242972Q_1294910400_481555600_jpg.rf.ffa9e8401ae7f8baa1ca63eafc70e88f.jpg,6,0,0.0,0,0.0,0,0.0,0,0.0,2,0.0189597600638956,1,0.005606418214269397,0,0.0
09002200121902241146459288O_1295949200_484325800_jpg.rf.1a6cbb9bc7cfe2a0a359a74889e7e8c4.jpg,6,0,0.0,0,0.0,4,0.04572713570914968,0,0.0,0,0.0,0,0.0,0,0.0
09002200121902241146563462Q_1294837400_481558700_jpg.rf.077d449860d2662b9658f3a6f245bdf7.jpg,8,0,0.0,0,0.0,1,0.0033707308518933134,0,0.0,0,0.0,0,0.0,0,0.0
09002200121902241146578298O_1295947400_484312000_jpg.rf.8d62dac6349315cfa8e1138804b0b424.jpg,6,0,0.0,0,0.0,2,0.017590977800820147,0,0.0,0,0.0,0,0.0,0,0.0
09002200121902241146578782Q_1294836500_481558700_jpg.rf.0c9dffadb34f21b411def44055ec29b2.jpg,9,0,0.0,0,0.0,0,0.0,1,0.0001895117152162129,0,0.0,0,0.0,0,0.0
09002200121902241147510332Q_1294804200_481558300_jpg.rf.79d433d3cf53a844b8eed1a10ac7aa80.jpg,7,0,0.0,0,0.0,0,0.0,1,0.0016207598660685108,0,0.0,0,0.0,0,0.0
09002200121902241148119968O_1295945300_484295100_jpg.rf.d7c1300ceb46fa280040f38f69a02710.jpg,5,0,0.0,0,0.0,0,0.0,0,0.0,0,0.0,1,0.01527179584691794,0,0.0
09002200121902241148262078O_1295943100_484278700_jpg.rf.1a21eb1131e9a995b81f24fc3b162557.jpg,7,0,0.0,0,0.0,2,0.008562514105378788,0,0.0,0,0.0,0,0.0,0,0.0
09002200121902241149538712Q_1294701100_481557400_jpg.rf.63d6787b930e4a11090b0e5fd0c3a373.jpg,7,0,0.0,0,0.0,0,0.0,1,0.0035912816571226276,0,0.0,1,0.005681067911237961,1,0.008783636551597737
09002200121902241150442088O_1295828900_484244200_jpg.rf.27410b39f9bace2e29b967ad423e48dd.jpg,5,0,0.0,2,0.025116497652106773,1,0.009034445962379322,0,0.0,1,0.008454452949554252,1,0.0290229727486485,0,0.0
09002200121902241151055068O_1295798600_484244600_jpg.rf.e40f23972db9e846294826e4340bfa25.jpg,5,0,0.0,0,0.0,0,0.0,0,0.0,0,0.0,1,0.018763525894228222,0,0.0
09002200121902241151142268O_1295785600_484244900_jpg.rf.437a121379ef2fa43af86d5ade5f918a.jpg,1,0,0.0,1,0.097940605048002,1,0.10194442479608429,0,0.0,0,0.0,0,0.0,1,0.0004336110922668013
09002200121902241151517298O_1295780700_484262800_jpg.rf.2ed43f59981503c1a47d1a0e258bc895.jpg,5,0,0.0,0,0.0,0,0.0,0,0.0,1,0.01257026603501572,0,0.0,0,0.0
09002200121902241152355288O_1295766600_484250300_jpg.rf.556fce3cb59243580701541119b13935.jpg,7,0,0.0,0,0.0,0,0.0,0,0.0,2,0.007506421996790766,0,0.0,0,0.0
09002200121902241153555198O_1295776300_484244800_jpg.rf.4f6e7b6bba78e4fe1ddb9c02498d4228.jpg,6,0,0.0,1,0.014474883533621323,1,0.013813511929056428,1,0.00012340310514446172,0,0.0,0,0.0,1,0.000573118653264828
09002200121902241154349988O_1295714800_484245600_jpg.rf.f17454831106654cfeb6057af2c67f57.jpg,6,0,0.0,0,0.0,1,0.002612210835950462,0,0.0,0,0.0,2,0.031037069110743675,0,0.0
09002200121902241154362928O_1295712900_484245500_jpg.rf.08e92713e93bea67a73e40998ffdadc2.jpg,8,0,0.0,1,0.0044158115673417365,0,0.0,0,0.0,0,0.0,0,0.0,1,0.0008271785093666039
09002200121902241154394008O_1295708400_484245900_jpg.rf.693ea5fb023595af0dc4535f494649ca.jpg,3,0,0.0,0,0.0,1,0.004776231011201162,0,0.0,1,0.04445810346202052,0,0.0,0,0.0
09002200121902241154456718O_1295701600_484249500_jpg.rf.2133899d722a0ce1c2e0347dd5e2655a.jpg,7,0,0.0,0,0.0,1,0.0036225678258415463,0,0.0,0,0.0,0,0.0,0,0.0
09002200121902241155211878O_1295665400_484268400_jpg.rf.32d2cf280a40c1c5c3c8bf8dfdad76df.jpg,3,0,0.0,1,0.03160203607223593,0,0.0,0,0.0,1,0.04065490482770656,1,0.019497484642688506,0,0.0
09002200121902241155225228O_1295664100_484267500_jpg.rf.1383c1fee64c1789c28da72ee95fd101.jpg,3,0,0.0,1,0.024778288713623624,0,0.0,0,0.0,0,0.0,0,0.0,0,0.0
09002200121902241155484688O_1295637700_484245700_jpg.rf.156c19c2aac9c5b24d7a7ed72a3edc59.jpg,3,0,0.0,2,0.06091952586326896,0,0.0,0,0.0,0,0.0,0,0.0,0,0.0
09002200121902241155549428O_1295629100_484245000_jpg.rf.03993ff1550ab49daa6ec04cf422ccc0.jpg,3,0,0.0,0,0.0,1,0.04022579679474802,0,0.0,0,0.0,0,0.0,0,0.0
09002200121902241155575008O_1295625600_484244900_jpg.rf.64ba806f0c4d93ec16aa6c12d8031624.jpg,6,0,0.0,0,0.0,0,0.0,0,0.0,0,0.0,1,0.012475454696784731,0,0.0
09002200121902241157069138O_1295539500_484244400_jpg.rf.9956a22fa6bd1194a43772ff7fcad358.jpg,5,0,0.0,1,0.003814343596677634,0,0.0,0,0.0,1,0.025333280108725428,0,0.0,0,0.0
09002200121902241157117968O_1295532800_484244300_jpg.rf.5ce04a9d1d35d3d9379b0a023758f0af.jpg,3,0,0.0,2,0.012960976775693765,0,0.0,0,0.0,1,0.06744343084457796,1,0.06917632321225482,0,0.0
09002200121902241157293492B_1296560600_482760500_jpg.rf.7022eb2ded69ee67e443655ddb123a16.jpg,5,0,0.0,1,0.014177261127788355,0,0.0,0,0.0,0,0.0,0,0.0,0,0.0
09002200121902241159269992B_1296560300_482755700_jpg.rf.9f4b8a703846b2fda62530bc748f7822.jpg,7,0,0.0,3,0.005779543397666195,0,0.0,0,0.0,1,0.00853050079368245,0,0.0,0,0.0
09002200121902241206456738O_1295365700_484284600_jpg.rf.0fa7c9d80c7f509703948f01d1ae48b3.jpg,6,0,0.0,4,0.032472446083602335,0,0.0,0,0.0,0,0.0,0,0.0,1,0.0011594282521400618
09002200121902241216496302B_1296659900_482769300_jpg.rf.babf50b81cd97958fa21abda313fc054.jpg,6,0,0.0,0,0.0,0,0.0,0,0.0,1,0.008359296695007288,0,0.0,0,0.0
09002200121902241219538152Q_1294778500_481608900_jpg.rf.f380c8c7f9bfaa2532ee41a26b1eb92c.jpg,1,0,0.0,1,0.13774878877953597,0,0.0,0,0.0,0,0.0,0,0.0,0,0.0
09002200121902241222473002Q_1294850300_481564000_jpg.rf.bd3f3dee1ca2371d4b2f29fcd12d76e0.jpg,9,0,0.0,0,0.0,0,0.0,1,0.0004859618870796112,0,0.0,0,0.0,0,0.0
09002200121902241249067998O_1296327400_484375200_jpg.rf.b30611eb0f61e7392ab00963c5585cb5.jpg,1,2,0.11928379807744137,0,0.0,0,0.0,0,0.0,0,0.0,0,0.0,0,0.0
09002200121902241249093108O_1296324600_484375200_jpg.rf.1659e32dd416eae77d7288a55959a961.jpg,2,1,0.04380969199916079,0,0.0,0,0.0,0,0.0,0,0.0,0,0.0,1,0.0009554145439688
09002200121902241249553732Q_1294999300_481561000_jpg.rf.816c691c2c112d2dded15c31a0691424.jpg,3,0,0.0,0,0.0,0,0.0,0,0.0,2,0.057883052361603404,0,0.0,0,0.0
09002200121902241251345022Q_1294946700_481559000_jpg.rf.b5a901cc766fd83a1b4fa6075e6cc0d1.jpg,2,0,0.0,1,0.035197365182398244,0,0.0,0,0.0,0,0.0,0,0.0,0,0.0
09002200121902241251498232Q_1294929900_481559400_jpg.rf.2deb20519988a2517b3eb6036fa63de5.jpg,2,0,0.0,1,0.14253363496620977,0,0.0,1,0.0013129566764109768,0,0.0,0,0.0,1,0.0005494366463244701
09002200121902241251543452Q_1294925400_481559400_jpg.rf.5a6ebd7b9e102eb99214d0f0349fefc8.jpg,4,0,0.0,4,0.16685962023190087,0,0.0,1,0.001959500671000569,2,0.024459351389828042,0,0.0,2,0.0017225183863433813
09002200121902241313598857F_1293866800_481980700_jpg.rf.c6f9d06c99a25bd42d70b9da6b2a6865.jpg,5,0,0.0,2,0.05694181818604643,0,0.0,2,0.0037797181501900944,0,0.0,0,0.0,0,0.0
09002200121902241330112202K_1295819900_481248500_jpg.rf.d7c257080a05e2491fd2145e15f5d15a.jpg,5,0,0.0,1,0.02183856016251413,0,0.0,0,0.0,0,0.0,0,0.0,1,0.0037327273856135436
09002200121902241330503002G_1297640100_483992500_jpg.rf.c43da31c184cb6a5c774588ac0547f48.jpg,6,0,0.0,2,0.027377844063576053,0,0.0,0,0.0,0,0.0,0,0.0,1,0.0026013940698806047
09002200121902241343072892K_1295803600_481240200_jpg.rf.359ecc509b87e53fe67c79c9a0d3db94.jpg,6,0,0.0,1,0.016564964757853885,0,0.0,0,0.0,2,0.008937602173172084,0,0.0,1,0.0005630555966490647
09002200121902241344256172K_1295793200_481232600_jpg.rf.5e84131bf4323d5d975395be8e809acc.jpg,6,0,0.0,2,0.022611791952995192,0,0.0,0,0.0,1,0.0008624169796348724,0,0.0,1,0.0037782263614644764
09002200121902241344279452K_1295793200_481231300_jpg.rf.8f622c295b1c7cdf79aefbf68a4edd3b.jpg,5,0,0.0,1,0.012005159420377822,0,0.0,0,0.0,2,0.05313265911739791,0,0.0,3,0.005358300693596902
09002200121902241344552492K_1295807000_481228900_jpg.rf.b8ef8e7811a8d5d10cd42098d883543f.jpg,4,0,0.0,0,0.0,0,0.0,0,0.0,2,0.07545518849528321,0,0.0,2,0.001339521990639696
09002200121902241413038632B_1296764800_482612200_jpg.rf.32feb497eb5612739e8a7b3181652dd6.jpg,6,0,0.0,1,0.011853876077118443,0,0.0,0,0.0,1,0.012699476943153059,0,0.0,1,0.0006563559619917214
09002200121902241457005152K_1294935900_480778400_jpg.rf.4000103dd0e119e9f03e1eadc06fb73a.jpg,2,0,0.0,2,0.10914292585782046,0,0.0,0,0.0,1,0.005425765820057791,0,0.0,0,0.0
09002200121902241530478702B_1297273600_482709900_jpg.rf.1608fa7dc2fe32a6a94ca73b7a0dc6a4.jpg,5,0,0.0,0,0.0,0,0.0,0,0.0,1,0.02024671135655808,0,0.0,1,0.0008932896949409041
09002200121902241531347122B_1297273500_482673000_jpg.rf.f9fc0b4d6c7f68b3d233830ed7ed638d.jpg,3,0,0.0,2,0.0600457583052639,0,0.0,0,0.0,0,0.0,0,0.0,0,0.0
09002200121902241534124582B_1297272300_482700800_jpg.rf.6f2371a9a16d7f6597276b65dc2491b8.jpg,4,0,0.0,1,0.022660715379061003,0,0.0,0,0.0,0,0.0,0,0.0,0,0.0
09002200121902241546525632K_1294918900_481152500_jpg.rf.d0e7520f3636aa49d4424852c76320a8.jpg,1,1,0.41772088432906457,0,0.0,0,0.0,0,0.0,0,0.0,0,0.0,1,0.00041722633870904245
09002200121902241552192797N_1294701400_483804500_jpg.rf.ca9d7fe559f5d3b77f191320dd57bf3a.jpg,5,0,0.0,1,0.014981165322715241,0,0.0,1,0.00010371363262265732,1,0.018049628674925766,0,0.0,0,0.0
09002200121902241602277112B_1297244100_482807000_jpg.rf.aa2bf2fd6150e7e4cf3089797d68cc5e.jpg,6,0,0.0,0,0.0,0,0.0,0,0.0,1,0.008292496171238782,0,0.0,0,0.0
09002200121902241605246262B_1297269300_482768000_jpg.rf.3739565df43248de569555dd1925ef2f.jpg,7,0,0.0,1,0.003790845912162695,0,0.0,0,0.0,0,0.0,0,0.0,0,0.0
09002200121902241607000362K_1294906800_481296000_jpg.rf.b6541ff5df6972e297d3d0152f917eb6.jpg,1,1,0.31530838902328584,0,0.0,0,0.0,1,0.0011227661375050966,0,0.0,0,0.0,0,0.0
09002200121902241617024212G_1296634800_484225400_jpg.rf.f5d8bc88eb6b2801a6edb90365d209cd.jpg,1,1,0.14070736113205842,0,0.0,0,0.0,0,0.0,0,0.0,0,0.0,1,0.001035244846652857
09002200121902241617467232G_1296635800_484216300_jpg.rf.0cd8ece315a128a7dfdbd2bbd5f7bcc5.jpg,2,1,0.03981190353702857,1,0.009296904633483791,0,0.0,0,0.0,0,0.0,0,0.0,0,0.0
09002200121902241624309622G_1296529600_484232700_jpg.rf.6c665ab95a7c77903daab472cd85f3ea.jpg,1,1,0.2538972345503862,0,0.0,0,0.0,0,0.0,0,0.0,0,0.0,0,0.0
09002200121902241624351022G_1296527500_484230300_jpg.rf.04fd6cc953e376016fe224eed99c58af.jpg,1,2,0.10172020209748553,0,0.0,0,0.0,0,0.0,0,0.0,0,0.0,1,0.0003911309916929895
09002200121902241624475082G_1296517500_484221800_jpg.rf.6accf1d0f4b4ecb2e65f49a82d921544.jpg,5,0,0.0,1,0.029986983416374652,0,0.0,0,0.0,0,0.0,0,0.0,1,0.00010783696689031785
09002200121902241624494462G_1296515900_484220300_jpg.rf.031d8aa57d01e46a722641c6bf833de5.jpg,2,1,0.05073271433976058,0,0.0,0,0.0,0,0.0,0,0.0,0,0.0,1,0.0008576397134311265
09002200121902241624564052G_1296511300_484214000_jpg.rf.04ba73333ea204c17b9bdf4b5c5b589c.jpg,1,2,0.3639431270662146,0,0.0,0,0.0,0,0.0,0,0.0,0,0.0,0,0.0
09002200121902241644306172G_1296571600_484135200_jpg.rf.5d096306076561665055158a16ab8835.jpg,5,0,0.0,1,0.015495991943062126,0,0.0,0,0.0,0,0.0,0,0.0,0,0.0
09002200121902241647100462Q_1294686900_481649400_jpg.rf.c75def2047d4dc6d9599e405806fa490.jpg,3,1,0.04917011349303323,0,0.0,0,0.0,1,0.0002410719302497455,0,0.0,0,0.0,1,0.00044691858454826193
09002200121902241705199978O_1298021100_484681600_jpg.rf.61ab4525434ac8470e945ea6d802434e.jpg,3,0,0.0,2,0.00949186130943644,0,0.0,0,0.0,1,0.0673399348430757,0,0.0,0,0.0
09002200121902241705347832G_1296548100_484154600_jpg.rf.2f08dbb77fc49b72f42920e47e296a92.jpg,9,0,0.0,1,0.0012084723133466496,0,0.0,0,0.0,0,0.0,0,0.0,1,0.00019852183377224719
09002200121902241727442622G_1296647600_484237300_jpg.rf.86513c834449f1d9948cf4aab5aedf91.jpg,7,0,0.0,0,0.0,0,0.0,0,0.0,1,0.01066504286513009,0,0.0,2,0.0017629916114492569
09002200121902241728395868O_1297955700_484936700_jpg.rf.453331ed41d099d52bd52c726f8888f1.jpg,2,1,0.04066305450487562,0,0.0,0,0.0,0,0.0,1,0.0033488760109321447,0,0.0,0,0.0
09002200121902241728490618O_1297956600_484929300_jpg.rf.01dee4a0dabaa1a4436f707f629b6da9.jpg,3,1,0.025876727243648937,1,0.04064722090005489,0,0.0,0,0.0,1,0.0040913979115353525,0,0.0,0,0.0
09002200121902250850546162K_1295117800_481152000_jpg.rf.bdc4232fefe8db8b61192f8fa1585229.jpg,1,1,0.1988776987859444,1,0.0070160917905104725,0,0.0,0,0.0,0,0.0,0,0.0,0,0.0
09002200121902250851106372K_1295118700_481156800_jpg.rf.bbd7464ed3805c671dbc34b31abda2e0.jpg,1,1,0.16445755867594017,0,0.0,0,0.0,0,0.0,0,0.0,0,0.0,1,0.00023055561701767146
09002200121902250851131532K_1295119700_481157500_jpg.rf.af05988396d8c52cb2be504b4afa9e3b.jpg,1,2,0.21710953888739143,0,0.0,0,0.0,0,0.0,0,0.0,0,0.0,1,0.0004713723615395791
09002200121902250937345152K_1295172400_481130300_jpg.rf.648dcc48f615c2b4fffdbd814caf91b7.jpg,1,1,0.3745402931986541,0,0.0,0,0.0,0,0.0,0,0.0,0,0.0,0,0.0
09002200121902250937411062K_1295167100_481136700_jpg.rf.5eccda2023c69a3252d106a2b9905a71.jpg,1,1,0.035342028599109766,2,0.14600874095600716,0,0.0,0,0.0,0,0.0,0,0.0,0,0.0
09002200121902250937434212K_1295165400_481138800_jpg.rf.8b86c9dcde079d2de852118fdd8b26b0.jpg,1,3,0.40072089972023606,0,0.0,0,0.0,0,0.0,0,0.0,0,0.0,1,0.00014524296393005897
09002200121902250938057602K_1295152600_481154700_jpg.rf.5d7878aed1bef618ff9cdfb42e863e14.jpg,1,2,0.627836047920755,0,0.0,0,0.0,0,0.0,0,0.0,0,0.0,0,0.0
09002200121902250938091072K_1295150700_481157100_jpg.rf.f79fa2838d91b58e092280683e9d5627.jpg,1,1,0.3996970588520163,0,0.0,0,0.0,0,0.0,0,0.0,0,0.0,0,0.0
09002200121902250938110292K_1295149800_481158200_jpg.rf.f9f74ab303384381f3b1dac8dae78c68.jpg,1,1,0.34000886216285153,0,0.0,0,0.0,0,0.0,0,0.0,0,0.0,0,0.0
09002200121902250939036262K_1295136800_481188600_jpg.rf.6076513484be505ae76647c893fbdb8c.jpg,7,0,0.0,0,0.0,0,0.0,2,0.001038453158098495,1,0.016628646385152025,0,0.0,1,0.00036696366005344315
09002200121902250939041962K_1295136700_481189400_jpg.rf.925c23915a90544adfa3c955a66e9426.jpg,1,1,0.2188583538063631,0,0.0,0,0.0,2,0.001256097641235106,0,0.0,0,0.0,0,0.0
09002200121902250939345092K_1295135400_481225200_jpg.rf.a15e59c5e48bb3031e62be2c38eb39b1.jpg,1,0,0.0,0,0.0,0,0.0,0,0.0,1,0.10345760249285832,0,0.0,0,0.0
09002200121902250940588872Q_1294983800_481686500_jpg.rf.c1010fc644680fe6e195121de74f1080.jpg,7,0,0.0,1,0.005384858018951491,0,0.0,1,0.0026707744571126566,0,0.0,0,0.0,1,0.00041768361123558815
09002200121902250957429772Q_1294963500_481693300_jpg.rf.9d1379502794c8ed388fab6d9da52e45.jpg,9,0,0.0,0,0.0,0,0.0,1,0.00020231412959219596,1,0.003494528053997783,0,0.0,4,0.007733350987086855
09002200121902250957512612Q_1294961800_481684900_jpg.rf.5b5694c9b5854ce9449ca5539e878867.jpg,9,0,0.0,0,0.0,0,0.0,2,0.0004472227148687559,0,0.0,0,0.0,2,0.0009344160677483164
09002200121902251000014622K_1295145800_481160900_jpg.rf.cdf48945968228fac6a6d15a19b2a0af.jpg,1,1,0.3276364755505665,0,0.0,0,0.0,0,0.0,0,0.0,0,0.0,1,0.0004579098245085369
09002200121902251000087442K_1295149100_481156800_jpg.rf.d82a001ec389719f03e4323d9409ae6c.jpg,1,1,0.18185609546344494,0,0.0,0,0.0,0,0.0,0,0.0,0,0.0,0,0.0
09002200121902251000120102K_1295151300_481154100_jpg.rf.e97675431fe1b1a370a395b05d5605b0.jpg,1,1,0.3937426449259078,0,0.0,0,0.0,0,0.0,0,0.0,0,0.0,1,0.0028294264718624696
09002200121902251000355482K_1295162500_481140300_jpg.rf.a25a3f65be8a57481603ef5201f64335.jpg,2,2,0.0672235636226469,0,0.0,0,0.0,1,0.00046049048862187194,0,0.0,0,0.0,0,0.0
09002200121902251000544922K_1295177300_481122300_jpg.rf.d5f7386a40a0456e6b6a590bd11fc13f.jpg,6,1,0.008853077493840832,0,0.0,0,0.0,0,0.0,1,0.017303818030923138,0,0.0,2,0.009087527897836482
09002200121902251018387622Q_1294895700_481710200_jpg.rf.2f697de6048a055b0b0a5905bc6b047d.jpg,5,0,0.0,3,0.03495276040038107,0,0.0,1,0.0003875976013841864,1,0.050899473336430676,0,0.0,2,0.00040311072305484883
09002200121902251020588722K_1295126800_481309400_jpg.rf.d11cadccc7c17f0bd1c5c7ac63171ce0.jpg,1,1,0.39826098286577233,0,0.0,0,0.0,0,0.0,0,0.0,0,0.0,0,0.0
09002200121902251028019082K_1295134300_481308300_jpg.rf.408614e9d1125da8cb67e2daae9750ea.jpg,1,1,0.29631549096308163,1,0.086283350535723,0,0.0,0,0.0,0,0.0,0,0.0,0,0.0
09002200121902251041505542K_1295092200_481356000_jpg.rf.6185e09b2844d3fc6c7f9ecbaa5140ce.jpg,2,1,0.09512738465815573,2,0.050526772622688426,0,0.0,0,0.0,0,0.0,0,0.0,3,0.005434883964849181
09002200121902251058504572K_1295138300_481434000_jpg.rf.471f604c2e25cb7177a1171666f59650.jpg,5,0,0.0,0,0.0,0,0.0,2,0.0007047026563623124,2,0.040359945171967414,0,0.0,0,0.0
09002200121902251058529582K_1295139700_481434000_jpg.rf.930a8e6ffc5793084c11b9cb2dfaba28.jpg,5,0,0.0,1,0.011137364724777398,0,0.0,1,0.0019658037432236596,1,0.04111572769652412,0,0.0,1,0.00022020736526428663
09002200121902251423562088O_1297938100_485004100_jpg.rf.88c84f54b9b73869c401e0a95ec7d212.jpg,3,0,0.0,0,0.0,0,0.0,0,0.0,1,0.03064365446783995,0,0.0,0,0.0
09002200121902251424303868O_1297950800_485019400_jpg.rf.765672487c97e7b789d5e7c7bad8f9c6.jpg,2,2,0.06776774864028966,1,0.029952069266414586,0,0.0,0,0.0,1,0.016906543328138922,0,0.0,0,0.0
09002200121902251432327499K_1295644400_483454500_jpg.rf.1776ab2d89245ab612177eae13fdfbe9.jpg,1,0,0.0,1,0.05953531959278049,0,0.0,0,0.0,0,0.0,0,0.0,0,0.0
09002200121902251507106768O_1297969100_485072000_jpg.rf.daacf936e3f787846d7ba2887341be32.jpg,4,1,0.007419084933053455,1,0.02296534741334881,0,0.0,0,0.0,0,0.0,0,0.0,0,0.0
09002200121902251507180548O_1297964600_485066100_jpg.rf.be341ba611618c97999169dbae4c5033.jpg,2,0,0.0,0,0.0,0,0.0,0,0.0,2,0.08478055288823269,0,0.0,0,0.0
09002200121902251527295828O_1297971200_485050000_jpg.rf.09f0142f1a86be463d413996f2be2cd5.jpg,6,0,0.0,0,0.0,0,0.0,0,0.0,1,0.0077650399806225325,0,0.0,0,0.0
09002200121902251527358378O_1297972000_485044400_jpg.rf.a31092e71ed2d6c049308e2324067451.jpg,2,1,0.05176489178762494,0,0.0,0,0.0,0,0.0,0,0.0,0,0.0,1,0.0034601704128633054
09002200121902251531126178O_1297969400_485065400_jpg.rf.8105154b5a29453c58ec5f5ba2605086.jpg,7,0,0.0,0,0.0,0,0.0,0,0.0,2,0.012273705605678026,0,0.0,1,0.00019393993843550822
09002200121902251547493988O_1297931800_485062600_jpg.rf.dc1d4799c8c93c47b073fd59d0b3a89d.jpg,2,0,0.0,1,0.014646951840404654,0,0.0,0,0.0,1,0.06612411991413865,0,0.0,0,0.0
09002200121902251555565058O_1297945100_485054200_jpg.rf.2f4a09b92b8b3d3c657aea79d28d6a69.jpg,2,0,0.0,0,0.0,0,0.0,0,0.0,1,0.04009238314939007,0,0.0,0,0.0
09002200121902251559439438O_1297931300_485054000_jpg.rf.3ee24eb18e5d3069c37da15bc3401611.jpg,1,0,0.0,1,0.0029975439103918687,0,0.0,0,0.0,2,0.16045791811664456,0,0.0,0,0.0
09002200121902251616042098O_1297964900_485073400_jpg.rf.6587a1d994fa8d46ed2c1c3e686b3b3f.jpg,5,0,0.0,1,0.014524022850582696,0,0.0,0,0.0,0,0.0,0,0.0,0,0.0
09002200121902261016190922Q_1295116500_482629600_jpg.rf.313bc8358eee52596dde14d2707fb301.jpg,6,0,0.0,0,0.0,0,0.0,1,0.00021734561324592423,1,0.004071730939904228,5,0.046902639585745164,0,0.0
09002200121902261035472762Q_1295103100_482630400_jpg.rf.9d543aa1cfc963e480faca61ed42fa2c.jpg,8,0,0.0,1,0.002678509290853981,0,0.0,1,0.0003232027895137412,0,0.0,0,0.0,0,0.0
09002200121902261104490062K_1295036500_482453500_jpg.rf.b253a75541f13b8b154639deefcfecaf.jpg,7,0,0.0,2,0.005952374779826642,0,0.0,1,0.008768589493411128,0,0.0,0,0.0,4,0.0029054196765676468
09002200121902261435505077N_1295082500_483009700_jpg.rf.ebc3be9389053b40e853351156e9235b.jpg,9,0,0.0,0,0.0,0,0.0,3,0.000492226264650526,0,0.0,0,0.0,2,0.0010429537521986277
09002200121902271254557102B_1296720100_482534700_jpg.rf.de193215e489b5710e3a6c2f8bb02c82.jpg,8,0,0.0,1,0.001968141051970633,0,0.0,0,0.0,0,0.0,0,0.0,0,0.0
09002200121903021532104567M_1296574300_481237200_jpg.rf.6f3ba930959572a0666c70ce45dbac6c.jpg,5,0,0.0,1,0.020425108317940612,0,0.0,0,0.0,1,0.001964979964086524,0,0.0,0,0.0
09002200121903061624431537L_1296094800_484753800_jpg.rf.0b543abc1058530f1f0b41ddad29e7e8.jpg,6,0,0.0,1,0.007062336032040546,0,0.0,0,0.0,0,0.0,0,0.0,0,0.0
09002200121903061625485827L_1296097000_484751500_jpg.rf.b384de763eb23f8fe60e745f60d4a0c0.jpg,4,0,0.0,3,0.031096083362183446,0,0.0,0,0.0,0,0.0,1,0.08389454734133324,0,0.0
09002200121903091153356787M_1295973300_481181800_jpg.rf.e113aff822bb7498dc5ecbdd15c0fd13.jpg,1,1,0.38195562364204305,0,0.0,0,0.0,1,0.0020490812010757536,0,0.0,0,0.0,0,0.0
09002200121904111400165542L_1296718100_482445500_jpg.rf.9ad8515b7d32d985f63a5a5ca26113c2.jpg,5,0,0.0,0,0.0,0,0.0,0,0.0,3,0.05278516289970868,0,0.0,2,0.006052952945483419
09002200121904111400279062L_1296726500_482445900_jpg.rf.669779b5cc8f3b06b2dd47b6df405cd5.jpg,9,0,0.0,0,0.0,0,0.0,0,0.0,1,0.0017161732261956786,0,0.0,2,0.0018009837562090083
09002200121904111401136292L_1296762700_482446900_jpg.rf.4bf97b2721a0c11aa3bae45fab9c0e7d.jpg,5,0,0.0,2,0.038021910572874726,0,0.0,0,0.0,0,0.0,0,0.0,1,0.0027102721340088467
09002200121904111403556522L_1296815500_482448700_jpg.rf.47ae131e001ec034cdf17a303de23f50.jpg,3,0,0.0,0,0.0,0,0.0,0,0.0,2,0.09818864762158683,0,0.0,1,0.0010355497579439543
09002200121904111404296332L_1296836000_482449500_jpg.rf.404db271df143fbba178598d0699d3a5.jpg,8,0,0.0,2,0.005129651343650052,0,0.0,0,0.0,0,0.0,0,0.0,1,0.0002715524200357322
09002200121904111404316182L_1296837200_482449400_jpg.rf.5ada06929a3ffd1bf4f28b0c440097d2.jpg,6,0,0.0,2,0.023241617527119143,0,0.0,0,0.0,1,0.0019991506279282505,0,0.0,0,0.0
09002200121904211122028072L_1295291100_482331700_jpg.rf.8e96eb3f7aa2572b44157c472d5fa22f.jpg,8,0,0.0,0,0.0,0,0.0,0,0.0,1,0.0022173003628631525,0,0.0,0,0.0
09002200121904211123022572L_1295274300_482324600_jpg.rf.daca0f9c8502a6d747bf47b34b57a050.jpg,7,0,0.0,0,0.0,1,0.0057504872855497526,0,0.0,0,0.0,0,0.0,0,0.0
09002200121904211214560852L_1295661900_483490700_jpg.rf.8e7d34c325ebfc0289d288603bc1a1ec.jpg,5,1,0.016041311653652884,1,0.006630944943701696,0,0.0,0,0.0,0,0.0,0,0.0,1,0.0002906525244270597
09002200122002161243271406G_1295165100_482305000_jpg.rf.7b993ee3e241a4b236416effc880ec20.jpg,1,0,0.0,1,0.07167755939331641,0,0.0,0,0.0,0,0.0,0,0.0,0,0.0
09002200122002161243377956G_1295165000_482296900_jpg.rf.1e6148db05e6b5c82e6ffe373b255850.jpg,4,0,0.0,4,0.08533599662444433,0,0.0,0,0.0,0,0.0,0,0.0,0,0.0
09002200122002161243400156G_1295165000_482295000_jpg.rf.146daa600627f41e2ccb485426c12763.jpg,6,0,0.0,2,0.035018545590480676,0,0.0,0,0.0,0,0.0,0,0.0,2,0.0016879620381223502
09002200122002161244117826G_1295142700_482286100_jpg.rf.f6ecb83351db63e0dd57d8f3d3654cb4.jpg,5,0,0.0,2,0.025719011444973593,0,0.0,0,0.0,0,0.0,0,0.0,0,0.0
09002200122002161245290226G_1295131500_482251600_jpg.rf.94a09a00f71234d0e9c49367a0ad7621.jpg,6,0,0.0,2,0.02451938513753704,0,0.0,1,0.0001379445814927742,0,0.0,0,0.0,0,0.0
09002200122002161250560846G_1295204200_482202000_jpg.rf.5f7fdbd9809f9d10abd2b90967e62abe.jpg,4,0,0.0,2,0.033780416322942985,0,0.0,0,0.0,0,0.0,0,0.0,0,0.0
09002200122002161252037586G_1295189300_482237400_jpg.rf.31f6b3090419343b9aecc2000923b2b3.jpg,5,0,0.0,1,0.0022095914315650588,0,0.0,0,0.0,1,0.019047822389256907,0,0.0,0,0.0
09002200122002161255513166G_1295176500_482237100_jpg.rf.c3132af00857e4259e3c273f94f7f975.jpg,6,0,0.0,1,0.00265073032078363,0,0.0,0,0.0,1,0.012290961064400108,0,0.0,0,0.0
09002200122002161255542866G_1295179400_482237000_jpg.rf.afa6216793f0ee7c2f63cc248ab5294e.jpg,5,0,0.0,0,0.0,0,0.0,0,0.0,1,0.016105628176083023,0,0.0,0,0.0
09002200122002161314011386G_1295355100_482137900_jpg.rf.c7bdc9ff3ee4522ca631a957e6589bd2.jpg,4,0,0.0,2,0.04329333852860145,0,0.0,0,0.0,0,0.0,0,0.0,0,0.0
09002200122002161516405086G_1295331900_482134900_jpg.rf.3f444fd611fda208b742c75f635ae0aa.jpg,9,0,0.0,1,0.0017363632106025776,0,0.0,0,0.0,0,0.0,0,0.0,3,0.0026143085066993865
09002200122002161521387576G_1295431400_482071900_jpg.rf.658645179d17b314b0d693b3b559ce73.jpg,5,0,0.0,1,0.021874335262946302,0,0.0,0,0.0,0,0.0,0,0.0,1,0.0006710193007620544
09002200122002161521399146G_1295430300_482071800_jpg.rf.35f2612142c779adb9c7b6e6de94073e.jpg,3,0,0.0,1,0.02610036225219119,0,0.0,0,0.0,0,0.0,0,0.0,0,0.0
09002200122002161521427846G_1295427700_482071700_jpg.rf.458cbaed1bd07d8699203319a2648dfd.jpg,4,0,0.0,1,0.03634149285235253,0,0.0,0,0.0,0,0.0,0,0.0,1,0.0004820543426831097
09002200122002161521436746G_1295426800_482071600_jpg.rf.946761b935025bbcdcea8fee0f50232f.jpg,6,0,0.0,1,0.007518048507463391,0,0.0,0,0.0,0,0.0,0,0.0,0,0.0
09002200122002161521549786G_1295417100_482071100_jpg.rf.2a876662759369a341736e7025ae5597.jpg,6,0,0.0,1,0.008725446392900262,0,0.0,0,0.0,0,0.0,0,0.0,0,0.0
09002200122002161521563226G_1295416100_482071000_jpg.rf.c299f27dd9d175b83143466e3fc18a44.jpg,6,0,0.0,1,0.00863311104809327,0,0.0,0,0.0,0,0.0,0,0.0,0,0.0
09002200122002171321458587C_1296141600_482682200_jpg.rf.98466be4f85c89a6ce1c5b8b7d103b97.jpg,6,0,0.0,1,0.0029220579446700866,0,0.0,1,0.007252435673390215,0,0.0,0,0.0,1,0.00013078548894554843
09002200122002171332010517C_1296106500_482520700_jpg.rf.8b90aa47d56e0100f943cf8abf5a557a.jpg,7,0,0.0,0,0.0,1,0.005115261823048043,0,0.0,0,0.0,0,0.0,0,0.0
09002200122002171332030517C_1296108500_482522700_jpg.rf.74589a6d3e992d2c03d40d0d95916ed7.jpg,8,0,0.0,0,0.0,2,0.0055721297537365865,0,0.0,0,0.0,1,0.004388282576292113,0,0.0
09002200122002171332040517C_1296109400_482523600_jpg.rf.248e500ca9a2ff88714d7db70b2f0b88.jpg,7,0,0.0,0,0.0,1,0.0038865959921258763,0,0.0,0,0.0,0,0.0,0,0.0
0900220012200306102501670HG_1293780700_485306400_jpg.rf.8bbdd446dab94f15d58f2771228f2245.jpg,3,0,0.0,0,0.0,0,0.0,0,0.0,2,0.05028749851642033,0,0.0,0,0.0
0900220012200306102545235HG_1293796400_485231400_jpg.rf.8ec526289caf928e4cc7fb969568e7ef.jpg,3,1,0.04349331166511661,0,0.0,0,0.0,0,0.0,2,0.008885434980902574,0,0.0,0,0.0
0900220012200306102549559HG_1293796900_485224400_jpg.rf.7e2b871da00717fa3cdc581c14f08330.jpg,5,2,0.025307695414030607,0,0.0,0,0.0,0,0.0,1,0.0013944903084848193,0,0.0,1,0.000617972776562965
0900220012200306102559659HG_1293798200_485209200_jpg.rf.cfb7c629a4d3dc443434b129c48aa782.jpg,2,1,0.06291204888227185,2,0.04836970642485539,0,0.0,0,0.0,1,0.009420397993344522,0,0.0,0,0.0
0900220012200306102608062HG_1293799300_485195900_jpg.rf.b8b51466f59ca898ba3bfea434a37465.jpg,1,2,0.16848888608849846,0,0.0,0,0.0,0,0.0,0,0.0,0,0.0,0,0.0
0900220012200306102619557HG_1293800500_485181500_jpg.rf.52648dccef024514bcf100bf7ff3c61c.jpg,2,1,0.04491905207974471,0,0.0,0,0.0,0,0.0,1,0.01571206029210771,0,0.0,0,0.0
0900220012200306102628558HG_1293801000_485176100_jpg.rf.c8a7e78aa9f63616a25863923521b61c.jpg,3,1,0.0452344781418105,0,0.0,0,0.0,0,0.0,2,0.02166807181245531,0,0.0,0,0.0
0900220012200306102635438HG_1293801600_485167900_jpg.rf.456ee982cd52a2bd5685999c63c317e4.jpg,2,2,0.07040624032488269,0,0.0,0,0.0,0,0.0,0,0.0,0,0.0,1,0.000559293170445021
0900220012200306102659644HG_1293804700_485131000_jpg.rf.d665185e33dba97f26af943d57081dd3.jpg,2,1,0.045521859253790355,0,0.0,0,0.0,0,0.0,1,0.005450699802986491,0,0.0,0,0.0
0900220012200306102849765HG_1293806900_485033300_jpg.rf.b4ed1d7e9bf795fc285871b44572d053.jpg,1,1,0.04104586221913451,0,0.0,0,0.0,0,0.0,0,0.0,0,0.0,0,0.0
0900220012200306102904303HG_1293811100_485007400_jpg.rf.52e619858de247d964118573994461db.jpg,1,1,0.06895936800531675,0,0.0,0,0.0,0,0.0,0,0.0,0,0.0,0,0.0
0900220012200306102906319HG_1293811700_485004200_jpg.rf.f8d1ddc3b4b3492821ef9bab8e90aa92.jpg,1,1,0.07317671393317142,0,0.0,0,0.0,0,0.0,0,0.0,0,0.0,0,0.0
0900220012200306102919336HG_1293815000_484983800_jpg.rf.1682e942a57676c4f49ecd163da8e54e.jpg,1,1,0.06871491371803132,0,0.0,0,0.0,0,0.0,0,0.0,0,0.0,1,0.00036481779546193485
0900220012200306102922337HG_1293815800_484978700_jpg.rf.24854fece74f3445e60c693e62754d84.jpg,1,1,0.06910812085537145,0,0.0,0,0.0,0,0.0,0,0.0,0,0.0,0,0.0
0900220012200306102923337HG_1293816100_484977000_jpg.rf.be4dbbeeed0eef64509a525021124e9f.jpg,1,1,0.140328506382184,0,0.0,0,0.0,0,0.0,0,0.0,0,0.0,0,0.0
0900220012200306102924337HG_1293816400_484975300_jpg.rf.f92fcc753d34b389ca073c9061cd8f8e.jpg,1,1,0.11762812715733849,0,0.0,0,0.0,0,0.0,0,0.0,0,0.0,0,0.0
0900220012200306102927353HG_1293817200_484970300_jpg.rf.fa8a82a72f25c8b6a89405258e894083.jpg,1,1,0.13423468830974575,0,0.0,0,0.0,0,0.0,0,0.0,0,0.0,0,0.0
0900220012200306102933353HG_1293818700_484961400_jpg.rf.47659dfd6b0863b9bc8a89ce1baa354b.jpg,1,1,0.14333435280840603,0,0.0,0,0.0,0,0.0,0,0.0,0,0.0,0,0.0
0900220012200306102951355HG_1293823200_484933300_jpg.rf.c688f212872a98c9a0f3c75e86ec02eb.jpg,1,1,0.06712121016709717,0,0.0,0,0.0,0,0.0,0,0.0,0,0.0,0,0.0
0900220012200306102953355HG_1293823800_484930000_jpg.rf.d1426f2dd04b1309f443c201c8a83e55.jpg,1,2,0.08203379159177704,0,0.0,0,0.0,0,0.0,0,0.0,0,0.0,0,0.0
0900220012200306103008456HG_1293827500_484906700_jpg.rf.556b0c803459c7ee560023b04f15281c.jpg,1,3,0.09909584655189062,0,0.0,0,0.0,0,0.0,0,0.0,0,0.0,0,0.0
0900220012200306103303670HG_1293826400_484918900_jpg.rf.cb36af4a7d8272892b7698d48373faf3.jpg,1,1,0.0768196092931044,0,0.0,0,0.0,0,0.0,0,0.0,0,0.0,0,0.0
0900220012200306103304670HG_1293826200_484920600_jpg.rf.91afe7fbc220b62904f955bfeea1457d.jpg,1,1,0.08502656720116647,0,0.0,0,0.0,0,0.0,0,0.0,0,0.0,0,0.0
0900220012200306103439050HG_1293805900_485082000_jpg.rf.e2a7286c3de0f8bfa0ebd36d2d744465.jpg,1,1,0.073318923989832,0,0.0,0,0.0,0,0.0,0,0.0,0,0.0,0,0.0
0900220012200306103446098HG_1293808000_485096200_jpg.rf.47ef2f59681bb535568a85f193da031e.jpg,1,1,0.05106914453001084,0,0.0,0,0.0,0,0.0,0,0.0,0,0.0,0,0.0
0900220012200306103514179HG_1293803800_485152200_jpg.rf.a79603e853a204ff58c61c91604b46af.jpg,1,1,0.044426495505410946,0,0.0,0,0.0,0,0.0,0,0.0,0,0.0,0,0.0
0900220012200306103542182HG_1293800200_485195900_jpg.rf.9e0c034a1adf1a3eed8d725a49244588.jpg,1,1,0.06688529468778143,0,0.0,0,0.0,0,0.0,0,0.0,0,0.0,0,0.0
0900220012200306103557183HG_1293798400_485216600_jpg.rf.9b6dbe8ef0560b4ea99d934f46accc2d.jpg,1,1,0.07047832582571341,0,0.0,0,0.0,0,0.0,0,0.0,0,0.0,0,0.0
0900220012200306103558183HG_1293798300_485218000_jpg.rf.f44ed0fd36f0c9da332aad6719f6273f.jpg,1,1,0.06378625920506238,0,0.0,0,0.0,0,0.0,1,0.00446536695332271,0,0.0,0,0.0
0900220012200306103602786HG_1293797700_485224300_jpg.rf.f2b97e60a8553224f18cbb0cd3a62948.jpg,1,1,0.06438115233643658,1,0.06021746066949163,0,0.0,0,0.0,0,0.0,0,0.0,0,0.0
0900220012200306103748701HG_1293787300_485275300_jpg.rf.048363e78c69faf1d7c2eba157366613.jpg,1,1,0.1281920508348594,0,0.0,0,0.0,0,0.0,0,0.0,0,0.0,0,0.0
0900220012200306103750701HG_1293786200_485278900_jpg.rf.020c95849b0914438392120a631c4d16.jpg,1,1,0.13254723963861806,0,0.0,0,0.0,0,0.0,0,0.0,0,0.0,0,0.0
0900220012200306103850599HG_1293773300_485353900_jpg.rf.8d739af30bef409c4df7c935bf752ee3.jpg,4,0,0.0,0,0.0,0,0.0,0,0.0,1,0.018151684045342294,0,0.0,0,0.0
0900220012200306152559103HG_1294443200_485185400_jpg.rf.a75bb9bf74dead54a730dbfd385ea12f.jpg,6,0,0.0,0,0.0,1,0.002863871351837588,0,0.0,1,0.007165288585529193,2,0.024872982746164785,0,0.0
0900220012200306152614120HG_1294416300_485166800_jpg.rf.df2bd7341d5d88df38f8c2d1b8a81fbf.jpg,8,0,0.0,0,0.0,1,0.0107327586012525,0,0.0,0,0.0,2,0.0030482557276809534,1,0.0002487347907890606
0900220012200306152622168HG_1294406200_485153800_jpg.rf.5f46a6b34462ebc71a10087fdd5f87b2.jpg,7,0,0.0,1,0.005087543323224963,2,0.004965502301815831,0,0.0,0,0.0,0,0.0,0,0.0
0900220012200306152634789HG_1294389500_485134100_jpg.rf.c83d8802e563a10cdd249c21f3adfcc7.jpg,7,0,0.0,0,0.0,5,0.020040495661251025,0,0.0,0,0.0,1,0.0017797970551828258,0,0.0
0900220012200306152639242HG_1294382000_485127700_jpg.rf.922c33371a51fdafc3e600abd78825b5.jpg,6,0,0.0,0,0.0,4,0.0438582603084387,0,0.0,0,0.0,0,0.0,0,0.0
0900220012200306152648243HG_1294367800_485115500_jpg.rf.aeb526edfb862c9c4312a623c75a8f4b.jpg,6,0,0.0,0,0.0,3,0.020755815525099024,0,0.0,0,0.0,2,0.04832289011177636,0,0.0
0900220012200306152655369HG_1294361800_485110100_jpg.rf.0062b8501beb5efa1bb0683fe2cee3ce.jpg,6,0,0.0,0,0.0,2,0.01990274790341573,0,0.0,0,0.0,1,0.008414980446668816,0,0.0
0900220012200306152701142HG_1294358100_485107000_jpg.rf.cd526cf6ab9553e6c870a35cbedc42da.jpg,1,2,0.0771144795737655,0,0.0,0,0.0,0,0.0,0,0.0,0,0.0,0,0.0
0900220012200306153116608HG_1294343200_485095200_jpg.rf.134658853817b58597cb5fdb7c271327.jpg,7,0,0.0,1,0.005962891646695425,3,0.006270841711411789,0,0.0,0,0.0,0,0.0,0,0.0
0900220012200306153119608HG_1294339000_485091700_jpg.rf.a94764e84b1bd8bde0120de2aaec9b2c.jpg,6,0,0.0,1,0.015752544970928282,4,0.016042354769833764,0,0.0,0,0.0,0,0.0,0,0.0
0900220012200306153120608HG_1294337700_485090600_jpg.rf.98e6c97574c042ab74c91458ec34bdf5.jpg,8,0,0.0,0,0.0,4,0.01389996755634457,0,0.0,0,0.0,0,0.0,0,0.0
0900220012200306153122609HG_1294335000_485088300_jpg.rf.e7706f6a2f792812230285b1f05576d0.jpg,5,0,0.0,1,0.027379749710667055,3,0.026039314390568506,0,0.0,0,0.0,0,0.0,0,0.0
0900220012200306153127640HG_1294327900_485082400_jpg.rf.6fc6be398e1c2730fac9b6dddcfd13c2.jpg,7,0,0.0,0,0.0,2,0.005101224573518266,0,0.0,1,0.005970962808351033,0,0.0,0,0.0
0900220012200306153133641HG_1294318200_485074200_jpg.rf.80ee8236cc559b77cc14fda06ee1c314.jpg,8,0,0.0,0,0.0,3,0.0043623066496184,0,0.0,0,0.0,1,0.007030217524570617,0,0.0
0900220012200306153138642HG_1294309800_485067000_jpg.rf.dd28a54e676ec294f9a39041d7b2a1ff.jpg,7,0,0.0,0,0.0,2,0.0026978712967775207,0,0.0,1,0.004620107609571268,1,0.004991044349262666,0,0.0
0900220012200306153238374HG_1294230400_485022900_jpg.rf.e8ec1799cfde4b6cb9baf9188237d5ab.jpg,6,0,0.0,5,0.02567254860381127,0,0.0,0,0.0,1,0.009922299535974162,0,0.0,0,0.0
0900220012200306153342644HG_1294193100_485007500_jpg.rf.1695273c134c19af0536e110e8d9152a.jpg,6,0,0.0,1,0.001090368755740198,0,0.0,1,9.20595239676916e-05,1,0.014882049969994569,0,0.0,0,0.0
0900220012200306155032895HG_1293963900_484915200_jpg.rf.7c322f07059e68c4751959e77e563419.jpg,5,1,0.013603836816437252,1,0.0023478777849413744,0,0.0,0,0.0,1,0.017136289764312095,0,0.0,0,0.0
0900220012200307100316255HJ_1295998300_484704000_jpg.rf.5e7ef032fbdd9c097baa878fa321e63f.jpg,5,0,0.0,2,0.029015461406652333,0,0.0,0,0.0,1,0.0030214666959909662,0,0.0,0,0.0
09002200122003071030149577C_1295509100_483597600_jpg.rf.9fcbbe93b7bcc4a807607cff86e441c1.jpg,9,0,0.0,0,0.0,0,0.0,1,0.00011624677275904256,0,0.0,0,0.0,0,0.0
0900220012200307103623539HG_1294221500_485018100_jpg.rf.8e6893d7485a30b3b6b14bbb8379e6d3.jpg,7,0,0.0,0,0.0,1,0.008902849878268171,0,0.0,0,0.0,0,0.0,1,0.0004213558071751358
0900220012200307103738858HG_1294343400_485092700_jpg.rf.2179dc72936711e92ec34389024cd69f.jpg,2,0,0.0,1,0.005840588114815546,0,0.0,0,0.0,1,0.07838647568164561,0,0.0,0,0.0
0900220012200307104143495HG_1294420900_485168300_jpg.rf.fc98d6f562ba7232757140ba5df33efe.jpg,6,0,0.0,4,0.048786173609894366,1,0.0024771024411347664,0,0.0,1,0.0033956631539240386,0,0.0,0,0.0
0900220012200307104655915HJ_1295978700_484572500_jpg.rf.e1abd7f88e72343f2717863c31db0d23.jpg,5,1,0.011649103208037559,1,0.008314800565149199,0,0.0,0,0.0,0,0.0,0,0.0,0,0.0
0900220012200307104716286HJ_1295992000_484548500_jpg.rf.f46426ff51953fa684d1713a1d5758b3.jpg,5,0,0.0,1,0.013759789334444565,0,0.0,0,0.0,0,0.0,0,0.0,0,0.0
0900220012200307104858762HJ_1296015900_484478400_jpg.rf.cf3dd75b7c00d7bbbc13830d027612ff.jpg,6,0,0.0,0,0.0,1,0.0033242830817243885,0,0.0,0,0.0,1,0.021221219742431005,0,0.0
0900220012200307113250866HJ_1295996500_484702200_jpg.rf.d6129ee081c34f8bcdbea64976d87c99.jpg,7,0,0.0,0,0.0,0,0.0,0,0.0,1,0.004678726811062006,0,0.0,0,0.0
0900220012200307113300861HJ_1295992300_484690000_jpg.rf.acb232d6f2b0d3aea16bebedfaecbed9.jpg,7,0,0.0,1,0.0046355914088326245,0,0.0,0,0.0,1,0.004223711378654116,0,0.0,0,0.0
0900220012200307113424787HJ_1295976700_484576600_jpg.rf.b4ee603358bf0e30d49be2d959c12e1d.jpg,3,1,0.015866884295091935,0,0.0,0,0.0,0,0.0,0,0.0,0,0.0,0,0.0
0900220012200307115526591HG_1294251000_485034400_jpg.rf.0b131b9b1dec09c00c7876a150067691.jpg,2,0,0.0,0,0.0,0,0.0,0,0.0,1,0.038446339106099,0,0.0,0,0.0
0900220012200307120119496HG_1293993100_484928100_jpg.rf.7a6f9e90eacd1b9171a45030d3b23975.jpg,4,1,0.022964570359799867,1,0.002915172234534114,0,0.0,0,0.0,0,0.0,0,0.0,0,0.0
0900220012200307120940118HJ_1296034800_484425700_jpg.rf.a7feb811441329451cac9846f7aed814.jpg,8,0,0.0,0,0.0,2,0.007189108407455933,0,0.0,0,0.0,0,0.0,2,0.0011989594592705544
0900220012200307121327959HJ_1296039800_484235100_jpg.rf.95c6d38b1e7aa3167e157676a0f2ea27.jpg,8,0,0.0,0,0.0,2,0.005022062561965868,0,0.0,0,0.0,0,0.0,0,0.0
0900220012200307121443532HJ_1296024300_484087300_jpg.rf.b35b5dd36217d6c5ca33feccc4f6c74e.jpg,6,0,0.0,0,0.0,1,0.008584875535507307,0,0.0,0,0.0,0,0.0,0,0.0
0900220012200307121610423HJ_1296045400_484046000_jpg.rf.aa28d1ce2677af4fab28b35b59549876.jpg,6,0,0.0,2,0.01384086704017136,0,0.0,0,0.0,0,0.0,0,0.0,0,0.0
0900220012200307122445417HJ_1296499900_484023400_jpg.rf.5e4a6ac567675a4f4eef679d15e6dc34.jpg,6,0,0.0,0,0.0,0,0.0,0,0.0,1,0.012764695151681736,0,0.0,1,0.0009962255528080278
0900220012200307122556664HJ_1296561700_484026700_jpg.rf.65f93bf9e832f0306ad5cceaee39857b.jpg,6,0,0.0,2,0.005494353071599108,0,0.0,0,0.0,1,0.02117507880204812,0,0.0,0,0.0
0900220012200307123133716HJ_1296582500_484029200_jpg.rf.4250c523d6248b030733cb842604aa8e.jpg,5,0,0.0,0,0.0,0,0.0,0,0.0,2,0.022144656042610268,0,0.0,0,0.0
0900220012200307123148108HJ_1296568200_484028500_jpg.rf.81945243c532086c9904deeecfc79197.jpg,6,0,0.0,2,0.020583037580227028,0,0.0,0,0.0,1,0.0032401472192577787,0,0.0,0,0.0
0900220012200307123305223HJ_1296508300_484025000_jpg.rf.38163a05900bac830e1814335516e93a.jpg,6,0,0.0,0,0.0,0,0.0,0,0.0,2,0.014306155181329825,0,0.0,0,0.0
0900220012200307123352749HJ_1296451800_484023000_jpg.rf.bb29ce1820d9d007eed09aa5ae646de8.jpg,1,0,0.0,1,0.08053648548593632,0,0.0,0,0.0,0,0.0,0,0.0,0,0.0
0900220012200307123424263HJ_1296386800_484021300_jpg.rf.9fb66b2c2f8cc55333fd668ecd2bf5b9.jpg,8,0,0.0,1,0.002214622618521389,0,0.0,0,0.0,0,0.0,0,0.0,0,0.0
0900220012200307124030742HG_1293990800_484919900_jpg.rf.c033ced3205404d2683a04f39dac5b04.jpg,6,0,0.0,2,0.01490691719888672,0,0.0,0,0.0,1,0.0019246893589297542,0,0.0,0,0.0
0900220012200307124034556HG_1293992400_484920400_jpg.rf.b9a09d93a6c5f7103f6a9625ceed545c.jpg,6,0,0.0,2,0.010616709627411179,0,0.0,0,0.0,1,0.007893940448659608,0,0.0,0,0.0
0900220012200307124053996HG_1294000000_484923500_jpg.rf.9a4c9dacdf7c00145e9377cbfb88ad3c.jpg,6,0,0.0,1,0.006239877857110509,0,0.0,0,0.0,0,0.0,0,0.0,0,0.0
0900220012200307124421313HG_1294128100_484976200_jpg.rf.bfaa1284fb11e6efa9c26785750ca347.jpg,2,1,0.04115433356781978,0,0.0,0,0.0,0,0.0,0,0.0,0,0.0,1,0.0004963105461501982
0900220012200307124430486HG_1294138900_484980600_jpg.rf.d599e706174df56031ac432dd0f4a53c.jpg,4,0,0.0,1,0.024802833138637653,0,0.0,0,0.0,2,0.026169440844100788,0,0.0,0,0.0
0900220012200307124434487HG_1294144900_484983000_jpg.rf.aeb15b52cbd1bf0d6f161f54e50ff60b.jpg,4,0,0.0,2,0.03450577627824711,0,0.0,0,0.0,0,0.0,0,0.0,0,0.0
0900220012200307124953650HJ_1296247200_484031000_jpg.rf.7ca6e5053a6a48387723f79c6c58c7c9.jpg,7,0,0.0,0,0.0,0,0.0,0,0.0,1,0.004463708862809881,0,0.0,0,0.0
0900220012200307125106740HG_1294452200_485185300_jpg.rf.26a3f117e526f48f5ba121a18d735c7a.jpg,1,1,0.06729528920193842,0,0.0,0,0.0,0,0.0,0,0.0,0,0.0,0,0.0
0900220012200307125628775HJ_1296042800_484047500_jpg.rf.4a051d74e075345cad3d1ce6a124b1ab.jpg,6,0,0.0,1,0.007328569143519417,0,0.0,0,0.0,0,0.0,0,0.0,0,0.0
0900220012200307130847936HG_1294852900_484422900_jpg.rf.b4068b6f17bc16b4b3d9ae2ef250796c.jpg,6,0,0.0,1,0.006012322919395956,0,0.0,0,0.0,0,0.0,0,0.0,0,0.0
0900220012200307130851286HG_1294854000_484418000_jpg.rf.56395fc4ee7dcd197819234fb8eb10b3.jpg,7,0,0.0,0,0.0,1,0.0024550619779620296,0,0.0,1,0.006385420971182612,0,0.0,1,0.0030298131482031465
0900220012200307130909171HG_1294860700_484392800_jpg.rf.a5934d8bc0140c7ace45fb41ec9f9530.jpg,8,0,0.0,0,0.0,2,0.006440372881224921,0,0.0,0,0.0,0,0.0,1,0.00031275413944058527
0900220012200307130917078HG_1294863600_484381800_jpg.rf.61e8cef7244b5da1c8ee7c322e83337e.jpg,8,0,0.0,0,0.0,1,0.0028781322494978666,0,0.0,0,0.0,0,0.0,0,0.0
0900220012200307130918281HG_1294864000_484380200_jpg.rf.6d1e7c0bfb5cc065fdcc14013a0ee66e.jpg,6,0,0.0,0,0.0,3,0.04085409152482044,0,0.0,0,0.0,1,0.0024503417742835314,0,0.0
0900220012200307130922214HG_1294865300_484375300_jpg.rf.bc5d889787c2417d339be8b01323bce9.jpg,8,0,0.0,0,0.0,1,0.002775814383658144,0,0.0,0,0.0,0,0.0,0,0.0
0900220012200307130940205HG_1294871300_484352700_jpg.rf.db82f3e27c7b585a9dde6d1b3ed43610.jpg,9,0,0.0,0,0.0,1,0.0022588454562173866,0,0.0,0,0.0,0,0.0,1,0.0012647579393546948
0900220012200307131642486HG_1294943300_484009300_jpg.rf.7e36c00b27595d8324dad43cd5cd41de.jpg,6,0,0.0,0,0.0,1,0.00041234954235733716,0,0.0,2,0.015505338813527487,0,0.0,0,0.0
0900220012200307131644268HJ_1295929600_484001300_jpg.rf.c6d5a8b3ada5da5cf153aced97ce99b6.jpg,6,0,0.0,0,0.0,0,0.0,0,0.0,1,0.005158043019473552,0,0.0,0,0.0
0900220012200307131651995HG_1294933800_483998700_jpg.rf.15f7f8d3eb0535b6b4f716282c502bb3.jpg,8,0,0.0,0,0.0,0,0.0,0,0.0,1,0.0022235397298936734,0,0.0,0,0.0
0900220012200307131800462HJ_1295929000_483957100_jpg.rf.9a64a3df3a24a7de4080a715943fa095.jpg,8,0,0.0,1,0.006424730311141502,0,0.0,0,0.0,0,0.0,0,0.0,3,0.004477748347815122
0900220012200307131804521HJ_1295928800_483954300_jpg.rf.4b2064d9d588d6b4bd145343ac2997c6.jpg,6,0,0.0,1,0.042893175315703067,0,0.0,0,0.0,0,0.0,0,0.0,5,0.004621323323067366
0900220012200307132552962HJ_1295926400_483732100_jpg.rf.fbf06750de2fe736015a90f1c15ef284.jpg,3,0,0.0,1,0.041528715470936985,0,0.0,0,0.0,1,0.020662130642699596,0,0.0,0,0.0
0900220012200307132752791HJ_1295913700_483753300_jpg.rf.fd8f11f4386470105399965cc4ce7bc7.jpg,5,0,0.0,0,0.0,1,0.02159047621917125,0,0.0,0,0.0,0,0.0,0,0.0
0900220012200307133044275HJ_1295924300_483600500_jpg.rf.c5a8224cbd331cabc6e9189a350b84b1.jpg,8,0,0.0,1,0.0035685536977325878,0,0.0,0,0.0,0,0.0,0,0.0,2,0.0016575926057339528
0900220012200307133638947HJ_1295779600_483466400_jpg.rf.bd7fd7a4677e4fb72448bc1f156fa80e.jpg,6,0,0.0,1,0.006697851800672648,0,0.0,0,0.0,0,0.0,0,0.0,0,0.0
0900220012200307133650813HJ_1295782800_483454900_jpg.rf.2358bcbd0439013d3f5b1f380708af06.jpg,5,0,0.0,4,0.06966098796505776,1,0.009851874757714537,0,0.0,0,0.0,0,0.0,1,0.00022389385638234952
0900220012200307133834204HJ_1295897700_483459100_jpg.rf.41d6e565bbb34ed6a4c50e388776d197.jpg,5,0,0.0,1,0.011377442041430185,0,0.0,0,0.0,0,0.0,0,0.0,0,0.0
0900220012200307133924117HJ_1295928400_483411600_jpg.rf.a6c972d217429fc144f5862a84df0bbf.jpg,9,0,0.0,1,0.003572940675840079,0,0.0,0,0.0,0,0.0,0,0.0,3,0.0015028284235086183
0900220012200307140019592HJ_1295938000_483839700_jpg.rf.66ebbce6d996fab16773a5c3ea6cadb6.jpg,6,0,0.0,1,0.005499280118565366,0,0.0,0,0.0,0,0.0,0,0.0,0,0.0
0900220012200307140521457HJ_1295933100_483898900_jpg.rf.590b681710acdcb7310d289b1f0f7b63.jpg,5,0,0.0,1,0.045524948289494195,0,0.0,0,0.0,0,0.0,0,0.0,2,0.0006786490916238074
0900220012200307142410036HJ_1295926700_483680300_jpg.rf.57f045c10d03b938bb8f356748756f24.jpg,8,0,0.0,0,0.0,1,0.002211321923768994,0,0.0,0,0.0,0,0.0,0,0.0
0900220012200307142558737HJ_1295927000_483532600_jpg.rf.135c1490aeba8cda286b077c07c6685d.jpg,5,0,0.0,0,0.0,0,0.0,0,0.0,0,0.0,1,0.017634137104869295,0,0.0
0900220012200307142601220HJ_1295927200_483528300_jpg.rf.5da04e88b3db7d929747eef536801b12.jpg,7,0,0.0,0,0.0,0,0.0,0,0.0,0,0.0,1,0.008237895084448596,1,0.0003373131197986368
0900220012200307142743202HJ_1295926700_483445700_jpg.rf.223478f3caaa73fceb28a090bbf05efa.jpg,6,0,0.0,0,0.0,0,0.0,0,0.0,1,0.01748539399372471,0,0.0,1,0.0009913198256435863
0900220012200307142800242HJ_1295929800_483410800_jpg.rf.4bfc20bddf09f1a0dfeead7ca00c5f25.jpg,8,0,0.0,1,0.003949019821311595,0,0.0,0,0.0,0,0.0,0,0.0,1,0.000202513430849649
0900220012200307142846637HJ_1295930900_483361300_jpg.rf.d48bea6d5a4ab33163183583bf60a548.jpg,6,1,0.004745048767281332,0,0.0,0,0.0,0,0.0,0,0.0,0,0.0,0,0.0
0900220012200307142901511HJ_1295931500_483334200_jpg.rf.29aa83034ab9a86ef284dfb1a2e6b8d5.jpg,6,0,0.0,0,0.0,1,0.00830421026876138,0,0.0,0,0.0,0,0.0,0,0.0
0900220012200307142911005HJ_1295932000_483319700_jpg.rf.4f44fff6f5376adccd6c78e83c140fd0.jpg,7,0,0.0,1,0.005965800259691598,0,0.0,0,0.0,0,0.0,1,0.005917874209512774,1,0.0004139722610125318
0900220012200307142923716HJ_1295932200_483297500_jpg.rf.44e847a6b19b51454975ea80738acacd.jpg,9,0,0.0,0,0.0,1,0.0020469686544674916,1,0.00016611215369039372,0,0.0,0,0.0,1,0.00012714773693005553
0900220012200307142927732HJ_1295932300_483290300_jpg.rf.37618451493e79d978bddb459fb1276e.jpg,7,0,0.0,0,0.0,0,0.0,1,0.00020778775146027142,1,0.009102954654372298,0,0.0,0,0.0
0900220012200307142933733HJ_1295932500_483278800_jpg.rf.79f2777fd222ddd2f5f6d4c988d690ad.jpg,7,0,0.0,1,0.004434124312683697,0,0.0,1,0.0002396279343884089,0,0.0,0,0.0,0,0.0
0900220012200307143003535HJ_1295933800_483226000_jpg.rf.693e1e4dc13c3528c3611a3bd4a07e93.jpg,9,0,0.0,0,0.0,0,0.0,1,9.963377728126886e-05,0,0.0,0,0.0,1,0.00022327127695461905
0900220012200307143005850HJ_1295933900_483221800_jpg.rf.4f4f25a3d35d6524f1355d9ea35761bb.jpg,6,0,0.0,0,0.0,0,0.0,0,0.0,1,0.006200397618138105,0,0.0,0,0.0
0900220012200307143027830HJ_1295932600_483183100_jpg.rf.7afb4b028fc122c11219bb166c09e758.jpg,6,0,0.0,1,0.005306284577754917,0,0.0,0,0.0,1,0.00819647307049877,0,0.0,0,0.0
0900220012200307144031227HJ_1295928000_483681300_jpg.rf.a054e583d7e94a4f98392bfeb28c61e1.jpg,9,0,0.0,0,0.0,1,0.0011165463143515807,0,0.0,0,0.0,0,0.0,0,0.0
0900220012200307144033492HJ_1295928000_483684500_jpg.rf.6c4452156bbaa26669286370ed63600b.jpg,8,0,0.0,0,0.0,0,0.0,0,0.0,0,0.0,1,0.0018453108679295839,0,0.0
0900220012200307144105652HJ_1295929000_483729000_jpg.rf.3706f61b18310a6d02d605ffe1cc5664.jpg,8,0,0.0,0,0.0,1,0.0017891442549716884,0,0.0,0,0.0,1,0.0032733610068953582,0,0.0
09002200122003071459263316G_1294672500_483249600_jpg.rf.8070ea4ee894346ca8b0e0903af0858f.jpg,9,0,0.0,0,0.0,0,0.0,1,0.00013764646027993876,0,0.0,0,0.0,0,0.0
0900220012200307151035459HG_1294936600_484110700_jpg.rf.ca1437bef59f8d59348f0da439571c1b.jpg,7,0,0.0,0,0.0,3,0.011685127681539604,0,0.0,0,0.0,2,0.037075989771237806,2,0.0023233677697317035
0900220012200307151040459HG_1294935600_484121800_jpg.rf.f9fa2bc55d1315a2bfcd97e404ec84df.jpg,6,0,0.0,0,0.0,2,0.03516089660003671,0,0.0,0,0.0,2,0.020981313779180933,0,0.0
0900220012200307151041459HG_1294935300_484123900_jpg.rf.1c007ca70b668cb17a9b0ffcaa821b20.jpg,5,0,0.0,0,0.0,3,0.05569400876335748,0,0.0,0,0.0,0,0.0,0,0.0
0900220012200307151048145HG_1294932100_484137800_jpg.rf.962d9c1bb94dd3c804d49d735758d609.jpg,6,0,0.0,1,0.009695180809912935,0,0.0,0,0.0,0,0.0,1,0.009750044088395951,0,0.0
0900220012200307151607865HG_1294868500_484373100_jpg.rf.e819b1407de1248c562f64b7984c35c2.jpg,5,0,0.0,0,0.0,0,0.0,0,0.0,0,0.0,1,0.021620309225909295,0,0.0
0900220012200307153131159HJ_1296026900_484085900_jpg.rf.d0685d08c1fa07261a1e12312ad9bce7.jpg,7,0,0.0,0,0.0,1,0.012412908993155725,0,0.0,0,0.0,1,0.008426375825210903,1,0.00013672595596290194
0900220012200307153200578HJ_1296029900_484112800_jpg.rf.6f3ab2cbb462b6055a1db9b02a7b0e1d.jpg,7,0,0.0,0,0.0,1,0.006219711503072176,0,0.0,0,0.0,0,0.0,0,0.0
0900220012200307153205950HJ_1296031200_484120900_jpg.rf.eaef826d91e915efa3aec5e6258aa59c.jpg,7,0,0.0,0,0.0,3,0.024054205167486787,0,0.0,0,0.0,2,0.008881879031878284,0,0.0
0900220012200307153218648HJ_1296034600_484141200_jpg.rf.da2bef9f304951565150df95d654fd61.jpg,9,0,0.0,0,0.0,2,0.0023175043761966664,0,0.0,0,0.0,1,0.00098805310743046,0,0.0
0900220012200307153627337HJ_1296045000_484389800_jpg.rf.1ccbca9d5963d465a20b8b96c9c9e6df.jpg,8,0,0.0,1,0.004621420744933857,0,0.0,0,0.0,0,0.0,0,0.0,1,0.00027561487804632633
0900220012200307153645141HJ_1296039300_484419600_jpg.rf.99d5c4d9877a43c396c71aeaca0f4cb2.jpg,7,0,0.0,1,0.0031746950286560636,0,0.0,0,0.0,0,0.0,0,0.0,0,0.0
0900220012200307153658366HJ_1296030000_484440800_jpg.rf.ae65a5b62bfcf9b3d8c8ad531b9eea7f.jpg,8,0,0.0,1,0.004092000297987406,0,0.0,0,0.0,1,0.002112403551436728,0,0.0,1,0.00031368045380077093
0900220012200307155316697HJ_1296043100_484187500_jpg.rf.81e8a843511570a3b9d8d18214c10416.jpg,2,1,0.08619120619323435,2,0.006046221663400493,0,0.0,0,0.0,0,0.0,0,0.0,1,0.0009149419311688638
0900220012200307160106690HJ_1296044400_484244500_jpg.rf.bf97090be400c489f0176a5bc46558e1.jpg,5,1,0.01583671107975533,1,0.001183675191196869,0,0.0,0,0.0,0,0.0,0,0.0,0,0.0
0900220012200307160216810HJ_1296038000_484273100_jpg.rf.98aaf3003a8d661d69ff4b6c2df9ef94.jpg,7,0,0.0,2,0.01144873451186868,0,0.0,0,0.0,0,0.0,0,0.0,1,0.00034002728836640363
0900220012200307160252867HJ_1296024700_484250400_jpg.rf.abe8ba0742b5307d140e73a190fc814a.jpg,9,0,0.0,0,0.0,0,0.0,0,0.0,0,0.0,0,0.0,1,0.0015444518227013758
0900220012200307160324496HJ_1295986300_484244300_jpg.rf.e58309c9d4f3c8e309f4f131fb0bfa48.jpg,5,0,0.0,2,0.039681716231098105,0,0.0,0,0.0,1,0.014233725570989009,0,0.0,1,0.0004626342686242424
0900220012200307160335586HJ_1295965000_484242500_jpg.rf.ead274f6689014d4ca162f74323a9f6b.jpg,7,0,0.0,0,0.0,0,0.0,0,0.0,2,0.008783883558480738,1,0.002056107693015292,0,0.0
0900220012200307160436793HJ_1296023100_484219300_jpg.rf.754ec03c783d1080a145e10f33f244ba.jpg,7,0,0.0,2,0.00774459393092003,0,0.0,0,0.0,0,0.0,0,0.0,0,0.0
0900220012200307161322377HJ_1296002700_484534200_jpg.rf.5c4d970607cd21dee715fb2fef76db22.jpg,9,0,0.0,0,0.0,1,0.0006383726075000595,0,0.0,0,0.0,0,0.0,0,0.0
0900220012200307161503603HJ_1295989100_484563800_jpg.rf.20a3a3a3efeda324e49b68fde48bcbbb.jpg,2,0,0.0,1,0.041156245100901295,0,0.0,0,0.0,0,0.0,0,0.0,0,0.0
0900220012200307161504822HJ_1295988200_484565100_jpg.rf.a799ea1012896c4edf23a89a64fb14f1.jpg,3,0,0.0,1,0.03728322724909957,0,0.0,0,0.0,1,0.010095036502461881,0,0.0,0,0.0
09002200122003101022293056G_1295231100_484393300_jpg.rf.ff407260fce9446580b444a3ac4a955f.jpg,4,0,0.0,1,0.037673546514724876,0,0.0,1,0.00016632749373911792,0,0.0,0,0.0,0,0.0
09002200122003101022341336G_1295236600_484387000_jpg.rf.40aa6d4c8a8ae379382362f2034783fa.jpg,9,0,0.0,0,0.0,0,0.0,1,0.0003041070854123973,0,0.0,0,0.0,0,0.0
0900220012200310103219081HJ_1295450900_484778000_jpg.rf.64ead99dee563301693d80096ea3dd6f.jpg,5,0,0.0,0,0.0,0,0.0,0,0.0,1,0.010263060355264314,0,0.0,0,0.0
09002200122003101038293496G_1295588800_483790100_jpg.rf.219e17c775bfaa4566e175a1d5434e08.jpg,7,0,0.0,0,0.0,0,0.0,0,0.0,2,0.01729485499593466,0,0.0,2,0.0011260116717312443
09002200122003101038323496G_1295590100_483785600_jpg.rf.c7756b2199c6614beb30acce3419997a.jpg,8,0,0.0,1,0.0048296706427936485,2,0.0053995931763347535,0,0.0,0,0.0,0,0.0,1,0.0010188992409212005
0900220012200310111333665HJ_1295256300_484812900_jpg.rf.fd4f5602ab19b9b104fe85cfe44870a3.jpg,1,1,0.03308446731563435,0,0.0,0,0.0,0,0.0,0,0.0,0,0.0,0,0.0
0900220012200310111337634HJ_1295256500_484809600_jpg.rf.297edb9ccc187af780f618d2a5d293fa.jpg,5,1,0.017841278787818743,0,0.0,0,0.0,0,0.0,0,0.0,0,0.0,1,0.0005481732034513739
09002200122003101131487506G_1295570200_483839000_jpg.rf.5bcea4eb9f4b68eb7e812da887f36624.jpg,5,0,0.0,0,0.0,4,0.05382121175923203,0,0.0,0,0.0,3,0.09826010308053809,0,0.0
09002200122003101131497506G_1295569400_483840300_jpg.rf.48aeb073c70a6ba8ec7d71f33f160518.jpg,7,0,0.0,0,0.0,7,0.023654073284196782,0,0.0,0,0.0,1,0.008253776065475903,0,0.0
09002200122003101131584706G_1295562500_483851900_jpg.rf.88e22039df114225cead0befa22901e9.jpg,6,0,0.0,0,0.0,4,0.044892947244286475,0,0.0,0,0.0,0,0.0,0,0.0
09002200122003101132173366G_1295548300_483875100_jpg.rf.5d44f163087f4e2a4ea142248d1a41b5.jpg,6,0,0.0,0,0.0,4,0.06415373485929193,0,0.0,0,0.0,3,0.014635949842668194,1,0.0014624981753513587
09002200122003101132233216G_1295544100_483882800_jpg.rf.aef5736b9dfe99642266107f35343247.jpg,4,0,0.0,0,0.0,4,0.1505979670224519,0,0.0,0,0.0,1,0.0018387848216661951,0,0.0
09002200122003101132273466G_1295541000_483887900_jpg.rf.afdf2a906bd5f7fc6d4e5fb284c2a120.jpg,6,0,0.0,0,0.0,4,0.037240942420939976,0,0.0,0,0.0,2,0.010093858755026297,0,0.0
09002200122003101132343706G_1295535400_483896400_jpg.rf.cd8ad580963af209a076a8e8578f4f52.jpg,5,0,0.0,0,0.0,3,0.06741608874170651,0,0.0,0,0.0,0,0.0,0,0.0
09002200122003101132433716G_1295528500_483907600_jpg.rf.4cf80e458abeb70520885a38b0b6c725.jpg,5,0,0.0,0,0.0,4,0.10537939217105534,0,0.0,0,0.0,1,0.002561577483538732,0,0.0
09002200122003101132576106G_1295519500_483922900_jpg.rf.bc7d376057df59b8c27ddb781c6c1c2b.jpg,3,0,0.0,1,0.04319173969833625,1,0.020337131664382488,0,0.0,0,0.0,0,0.0,0,0.0
0900220012200310123424747HG_1295017300_482934700_jpg.rf.10f3d67fb0a64c654fd05d2f16ad7fda.jpg,4,0,0.0,0,0.0,0,0.0,0,0.0,2,0.035681576388244596,0,0.0,0,0.0
0900220012200310130148311HG_1294934900_483544800_jpg.rf.bdcb25967532bbceeefd450c50719e51.jpg,7,0,0.0,0,0.0,2,0.01665845159423044,0,0.0,0,0.0,1,0.00172664866687228,0,0.0
0900220012200310130408330HG_1294923200_483608300_jpg.rf.c3b2a0e92def49e5fd8faf5719df5353.jpg,7,0,0.0,0,0.0,2,0.007404538483415312,0,0.0,0,0.0,0,0.0,0,0.0
0900220012200310130410815HG_1294922800_483612900_jpg.rf.9bbad04e8ed507abd58f83b96cb3b49e.jpg,6,0,0.0,0,0.0,1,0.019013825520723913,0,0.0,0,0.0,0,0.0,1,0.000266388218024077
0900220012200310130411831HG_1294922600_483614900_jpg.rf.8363d8395b624f43743481377696c76d.jpg,9,0,0.0,0,0.0,1,0.0030128067049383844,0,0.0,0,0.0,1,0.0019788161557062266,2,0.0007714175063483708
0900220012200310130413663HG_1294922200_483618300_jpg.rf.bfcc58b854197e442f711054c3a4bbcf.jpg,7,0,0.0,0,0.0,1,0.007027546357066963,0,0.0,0,0.0,0,0.0,0,0.0
0900220012200310130505622HG_1294920800_483639500_jpg.rf.7f61b7b5d0b0d019baf220b3adac41c9.jpg,8,0,0.0,0,0.0,2,0.005321881219198303,0,0.0,0,0.0,1,0.003426147605557048,0,0.0
0900220012200310130536917HG_1294919900_483653900_jpg.rf.8eaf4613da04fe143af638167f08207c.jpg,8,0,0.0,0,0.0,1,0.009841774772703512,0,0.0,0,0.0,1,0.006228924461599945,3,0.004061613232679517
0900220012200310130549684HG_1294919700_483660200_jpg.rf.f61750701952a9c776e43ef12a27c7b9.jpg,8,0,0.0,0,0.0,1,0.004551765381083896,0,0.0,1,0.0018844961195100026,0,0.0,1,0.00024053625379565345
0900220012200311100115982HJ_1296517200_484474600_jpg.rf.8888546f3113562692b4e204384dc6c5.jpg,5,1,0.008604069865468774,0,0.0,0,0.0,0,0.0,0,0.0,0,0.0,0,0.0
0900220012200311100117935HJ_1296517000_484471500_jpg.rf.a281bb9b2b24aafd83db7329d9d02211.jpg,1,1,0.13749806029943784,0,0.0,0,0.0,1,0.0004438737247255631,0,0.0,0,0.0,0,0.0
0900220012200311100125936HJ_1296516600_484456600_jpg.rf.a4a03505caadd5200d22ea6cadcfc00e.jpg,1,1,0.06901577383072435,0,0.0,0,0.0,0,0.0,0,0.0,0,0.0,0,0.0
0900220012200311100131438HJ_1296516200_484445300_jpg.rf.5714b8b5e349f12cbcd79d72e6e6e093.jpg,1,1,0.0905115968453174,0,0.0,0,0.0,0,0.0,0,0.0,0,0.0,0,0.0
0900220012200311100224576HJ_1296515200_484414600_jpg.rf.8b948484d5c7258e4872cc4696486333.jpg,1,1,0.25601990655947704,0,0.0,0,0.0,0,0.0,0,0.0,0,0.0,0,0.0
0900220012200311100300167HJ_1296513100_484361900_jpg.rf.d2c8b4788bb50934e5f36c361c19cc70.jpg,1,1,0.205307692325905,0,0.0,0,0.0,0,0.0,0,0.0,0,0.0,0,0.0
0900220012200311100302355HJ_1296512900_484358900_jpg.rf.81a59fae16a7f13d790ab8b1b4344ca1.jpg,1,1,0.10082205624409538,2,0.039899136050007646,0,0.0,0,0.0,0,0.0,0,0.0,0,0.0
0900220012200311100320544HJ_1296511300_484327600_jpg.rf.b4fefe7376a93784c195b19a2851425e.jpg,1,1,0.0024757247893467138,0,0.0,0,0.0,0,0.0,1,0.12571352483366355,0,0.0,0,0.0
0900220012200311100350828HJ_1296510300_484287400_jpg.rf.b30179e42237c0e79527d84ad5fa4d7f.jpg,2,0,0.0,2,0.06768403733517517,0,0.0,0,0.0,0,0.0,0,0.0,0,0.0
0900220012200311100425222HJ_1296528000_484240800_jpg.rf.47b4b091d5e5d16d7e9eb9d3354dc277.jpg,4,1,0.02092860138885044,0,0.0,0,0.0,0,0.0,0,0.0,0,0.0,1,0.0002447306478097744
0900220012200311100437427HJ_1296535000_484224000_jpg.rf.00f213a0c90917d7f92104d2de137143.jpg,1,1,0.07758561431434828,1,0.02067880206158179,0,0.0,0,0.0,0,0.0,0,0.0,0,0.0
0900220012200311100438428HJ_1296535700_484222400_jpg.rf.9bb9fd2662f377895c6fa3c7402b1b4e.jpg,1,2,0.11585082698781662,0,0.0,0,0.0,0,0.0,0,0.0,0,0.0,0,0.0
0900220012200311100442537HJ_1296537900_484216300_jpg.rf.988e67a89d9970c3a5a7d7df1d01c81a.jpg,2,1,0.09401516645739318,1,0.02827660387320972,0,0.0,0,0.0,2,0.009702338704983052,0,0.0,0,0.0
0900220012200311100609078HJ_1296565300_484201300_jpg.rf.655d24161ba20b2b86903fc9c7114cac.jpg,5,0,0.0,1,0.010207824884837464,0,0.0,0,0.0,0,0.0,0,0.0,0,0.0
0900220012200311100610877HJ_1296567400_484201300_jpg.rf.bafcc89fb30b9a1947a617f36054cb7e.jpg,5,0,0.0,1,0.013690313605911813,0,0.0,0,0.0,0,0.0,0,0.0,0,0.0
0900220012200311100613620HJ_1296570700_484201400_jpg.rf.4c2153af5d9c1e3761885a33d50e50e7.jpg,6,0,0.0,1,0.014347817024133746,0,0.0,0,0.0,0,0.0,0,0.0,1,0.0005973555630407646
0900220012200311101535491HJ_1296597000_484024100_jpg.rf.89e3b7dd700abdfb21fb8d997ed72528.jpg,7,0,0.0,0,0.0,1,0.004679905486937059,0,0.0,0,0.0,0,0.0,0,0.0
0900220012200311101822694HG_1295324400_483747900_jpg.rf.5e69c18034a9784960ba7413a7777568.jpg,6,0,0.0,2,0.02138375470599726,0,0.0,0,0.0,0,0.0,0,0.0,1,0.003393551225858574
0900220012200311102315348HG_1295332400_483702600_jpg.rf.ced91fb95466cac5263fa23cadf2eef7.jpg,8,0,0.0,0,0.0,2,0.007761709586948197,0,0.0,0,0.0,1,0.0019938568565703464,0,0.0
0900220012200311102625622HG_1295325600_483858900_jpg.rf.151ffa7059668c350a46afba83786bee.jpg,9,0,0.0,0,0.0,0,0.0,1,0.00015670364344259725,0,0.0,0,0.0,0,0.0
0900220012200311102835939HG_1295314700_484017200_jpg.rf.4f8d48a8e969c900c801f49ded460e05.jpg,7,0,0.0,1,0.00692757370416075,0,0.0,0,0.0,0,0.0,0,0.0,1,0.0004212897558318218
0900220012200311104249546HJ_1296793700_483656800_jpg.rf.d226a45aee6a90a986b63f6bd98e41e3.jpg,1,2,0.10893581499514482,0,0.0,0,0.0,0,0.0,0,0.0,0,0.0,1,0.00023967585075297394
0900220012200311104327500HG_1295315000_484072800_jpg.rf.fd5023b1432ffd4678dc4945afa3d386.jpg,7,0,0.0,1,0.0049128333155295046,0,0.0,0,0.0,0,0.0,0,0.0,0,0.0
0900220012200311104342595HG_1295316400_484039000_jpg.rf.c694b3ac94a68d8e8e61f49a53028128.jpg,3,0,0.0,1,0.03085411439588029,0,0.0,0,0.0,1,0.020668914056325326,0,0.0,0,0.0
0900220012200311104423802HG_1295316900_484020000_jpg.rf.93fd375f4e9f5824ca4f7c22e62e4dd9.jpg,8,0,0.0,1,0.004254999051772757,0,0.0,0,0.0,0,0.0,0,0.0,2,0.0003782887525903794
0900220012200311104440434HG_1295316200_483993000_jpg.rf.aafe7ed3e94a15d7227a1cc1025f9571.jpg,9,0,0.0,0,0.0,0,0.0,0,0.0,0,0.0,0,0.0,1,0.0006030319444835186
0900220012200311104443481HG_1295316400_483986500_jpg.rf.525084c29386422b3857672c0e3c7444.jpg,5,0,0.0,1,0.013272357171663328,0,0.0,0,0.0,1,0.011613700692905696,0,0.0,0,0.0
0900220012200311104452202HG_1295317200_483967900_jpg.rf.92d204b3f20c96d13160f3fdd165adc8.jpg,5,0,0.0,0,0.0,0,0.0,0,0.0,1,0.021380755723821494,0,0.0,1,0.0013962371663410523
0900220012200311104454566HG_1295317400_483962900_jpg.rf.b0588970c53fcd2967fe3aa00e0bccad.jpg,2,0,0.0,1,0.007330185106131926,0,0.0,0,0.0,1,0.06630671457780409,0,0.0,0,0.0
0900220012200311104532815HG_1295319800_483903200_jpg.rf.84bbe1493df06f7776e7b775fbc3b80e.jpg,3,0,0.0,1,0.06979156226781921,0,0.0,0,0.0,0,0.0,1,0.002245654626076429,1,0.0004039677278979107
0900220012200311104549839HG_1295320800_483879500_jpg.rf.f038bb8b38d35b2a8b2dbdc0ec457e6b.jpg,4,0,0.0,3,0.10400264808210974,0,0.0,0,0.0,0,0.0,2,0.007013938180782587,1,0.0003934621377129592
0900220012200311104626852HG_1295324100_483810600_jpg.rf.8d2bb0b27a0923bb2a28ad9ee40d793a.jpg,4,0,0.0,2,0.01871316438867781,0,0.0,0,0.0,1,0.06451129564411531,0,0.0,1,0.0001483897555135627
0900220012200311104700971HG_1295325900_483749900_jpg.rf.e1d6b29f1e083d4636729aa63e6427fa.jpg,6,0,0.0,1,0.014875440264077042,1,0.01340915246771147,1,0.00021691231111617526,0,0.0,0,0.0,0,0.0
0900220012200311104702165HJ_1296783900_483666500_jpg.rf.17fbe911fbaf8b40fdb3098fc32dab02.jpg,5,0,0.0,1,0.013283305879194804,0,0.0,0,0.0,0,0.0,0,0.0,0,0.0
0900220012200311104737363HJ_1296777000_483672300_jpg.rf.236d773c61f15ebaae3d62d16a411b78.jpg,4,1,0.0319717840764497,0,0.0,0,0.0,0,0.0,2,0.01434683112327886,0,0.0,1,0.0005360398941593303
0900220012200311110009604HG_1295329300_483735000_jpg.rf.a312ae46cc809209e02a3e5d5ffb5996.jpg,7,0,0.0,0,0.0,1,0.004691462614682657,0,0.0,0,0.0,0,0.0,0,0.0
0900220012200311110010604HG_1295329200_483736900_jpg.rf.fdf22f71c6a4a9f623a7747084d753e5.jpg,7,0,0.0,0,0.0,1,0.008245620909401624,0,0.0,0,0.0,1,0.00447690685242378,0,0.0
0900220012200311110012846HG_1295329000_483741200_jpg.rf.0632a045cd12e3269fd5643e5a345bfe.jpg,6,0,0.0,0,0.0,2,0.022488883795085714,0,0.0,0,0.0,0,0.0,0,0.0
0900220012200311110020716HG_1295328300_483756600_jpg.rf.54afba63bb601a8b59a56915351a2d9f.jpg,7,0,0.0,0,0.0,3,0.0064201935725259245,1,0.000195479849548974,0,0.0,2,0.016601851138440198,0,0.0
0900220012200311110026744HG_1295327700_483768800_jpg.rf.6a04a90b3714df65afc2dfb7d42a6c66.jpg,7,0,0.0,0,0.0,3,0.006977345002192121,0,0.0,0,0.0,1,0.02261958799626882,0,0.0
0900220012200311110030349HG_1295327500_483776300_jpg.rf.75fe7c07f031f6b7365d180ce3b486b0.jpg,5,0,0.0,0,0.0,3,0.07417926372757166,0,0.0,0,0.0,0,0.0,0,0.0
09002200122003111110376066G_1294440000_483112700_jpg.rf.3609d2eab95bfacd721bb5f8e5b78dd5.jpg,7,0,0.0,1,0.016888840657165928,0,0.0,1,0.00017503431530712987,0,0.0,0,0.0,2,0.0040109219319674596
09002200122003111118424266G_1294440600_483010300_jpg.rf.5753e7bbd3486a1ec6d4ce4876585d43.jpg,5,0,0.0,1,0.04740049215349243,1,0.016330588625005475,1,0.00014065598159504662,0,0.0,0,0.0,1,0.00022637387712165947
0900220012200311113904421HJ_1296712700_483737500_jpg.rf.be8cce6adb0c82b04914db93c073acd7.jpg,1,1,0.03597778887135062,0,0.0,0,0.0,0,0.0,0,0.0,0,0.0,0,0.0
09002200122003111156222446G_1294544600_481727500_jpg.rf.f6cab1ff40c35acda114a8bd275b3974.jpg,5,0,0.0,1,0.04949677559689007,0,0.0,0,0.0,2,0.007623724677932836,0,0.0,1,0.0010670469257547666
09002200122003111227439516G_1295238400_481393700_jpg.rf.62b375ade08ca524fd6b6a16095ae8a6.jpg,4,0,0.0,3,0.0512534141112269,0,0.0,0,0.0,1,0.04990769516754881,0,0.0,1,0.0005036205868236725
09002200122003111228131156G_1295233900_481349300_jpg.rf.a111a779a3dc949de64cb4c4b68c4f6a.jpg,6,0,0.0,1,0.009347547600500552,0,0.0,0,0.0,0,0.0,0,0.0,0,0.0
0900220012200311123200326HJ_1296598100_484110700_jpg.rf.744fc11c0c1a6f03b1abe6f0ef67260b.jpg,6,0,0.0,2,0.026117951287720858,0,0.0,0,0.0,0,0.0,0,0.0,1,0.002591474796304283
0900220012200311123304708HJ_1296596000_484168900_jpg.rf.62a70670e4fbd0a01f9ac077a43cb410.jpg,4,1,0.015658294807881248,1,0.019560552147449926,0,0.0,0,0.0,0,0.0,0,0.0,0,0.0
0900220012200311123414480HJ_1296587400_484202600_jpg.rf.588b46bf76682c5b11e664f88950fbf7.jpg,8,0,0.0,2,0.011390842207238164,0,0.0,0,0.0,0,0.0,0,0.0,4,0.0011479494931427325
0900220012200311123426325HJ_1296570900_484202700_jpg.rf.8937f0424b92e19998075a2f18e39144.jpg,5,0,0.0,1,0.039209846649537215,0,0.0,0,0.0,0,0.0,0,0.0,2,0.0006021304188470828
0900220012200311123427715HJ_1296568900_484202700_jpg.rf.47298c9e301da33f9bf9df9cab495fd3.jpg,5,0,0.0,1,0.03107421386851911,0,0.0,0,0.0,0,0.0,0,0.0,1,0.00011379001827663344
0900220012200311123428606HJ_1296567600_484202600_jpg.rf.68a8197109362dee87c249b512972436.jpg,4,0,0.0,1,0.03509087482362021,0,0.0,0,0.0,0,0.0,0,0.0,1,0.0010428032840172818
0900220012200311123429825HJ_1296566000_484202600_jpg.rf.25b697e767ed04a779917d2ee1c452fb.jpg,5,0,0.0,1,0.03101675914210091,0,0.0,0,0.0,0,0.0,0,0.0,2,0.0018889717831683543
0900220012200311123506329HJ_1296530500_484201700_jpg.rf.e4d659fdd38181cd9ab780be35259b63.jpg,2,0,0.0,1,0.0940999711544282,0,0.0,0,0.0,0,0.0,0,0.0,1,0.0004896961104464026
0900220012200311123606007HJ_1296540800_484211300_jpg.rf.4818840ff1ee0cbc0e67d69164c28ef3.jpg,2,1,0.018209176939890295,2,0.07557087771651821,0,0.0,0,0.0,0,0.0,0,0.0,0,0.0
0900220012200311123613399HJ_1296537300_484220600_jpg.rf.d00301676f08d546ea5f62ef74c3408f.jpg,7,0,0.0,1,0.0017894968750442786,0,0.0,0,0.0,1,0.006689068722844239,0,0.0,1,0.000426295969846251
0900220012200311123616274HJ_1296535800_484224800_jpg.rf.2351935c7617f6bb580382882fb7d0e1.jpg,1,1,0.07478900170106499,0,0.0,0,0.0,0,0.0,1,0.0025818852947668345,0,0.0,0,0.0
0900220012200311123618696HJ_1296534500_484228400_jpg.rf.2dc8b9dcac498c3845ec4ce5983c1420.jpg,1,1,0.06708507135737704,0,0.0,0,0.0,0,0.0,0,0.0,0,0.0,0,0.0
0900220012200311123620087HJ_1296533600_484230500_jpg.rf.d52d1227ada57fbfa5c4b10e38a4c25b.jpg,1,1,0.06324853371051745,0,0.0,0,0.0,0,0.0,0,0.0,0,0.0,0,0.0
0900220012200311123629604HJ_1296528200_484244300_jpg.rf.0985889410829d65f4d6330efdafef9c.jpg,1,1,0.06713980399284881,1,0.012384661026280809,0,0.0,0,0.0,0,0.0,0,0.0,0,0.0
0900220012200311123636511HJ_1296523900_484255500_jpg.rf.a84261767427d3300e997c03e13d5951.jpg,3,1,0.030212733888322418,1,0.007371308799774851,0,0.0,0,0.0,0,0.0,0,0.0,0,0.0
0900220012200311123655106HJ_1296512800_484287000_jpg.rf.d141fbda495bffa51c3d2dd34c2dba27.jpg,3,0,0.0,0,0.0,0,0.0,0,0.0,2,0.05467225337941158,0,0.0,0,0.0
0900220012200311123658107HJ_1296511400_484292000_jpg.rf.9e30a1a7b58ba22dc822181d9a26fd28.jpg,1,1,0.05666563651461273,0,0.0,0,0.0,0,0.0,0,0.0,0,0.0,0,0.0
0900220012200311123819850HJ_1296515700_484405700_jpg.rf.ea1169b7a6e8377e4eba9280b48f0238.jpg,1,1,0.21571527494555084,0,0.0,0,0.0,0,0.0,0,0.0,0,0.0,0,0.0
0900220012200311123821897HJ_1296515800_484409300_jpg.rf.804b42a2416d2edc56d1082eccd4c518.jpg,1,1,0.23872145709969117,0,0.0,0,0.0,0,0.0,0,0.0,0,0.0,0,0.0
0900220012200311123916482HJ_1296519700_484482100_jpg.rf.f9195395eb318dc581fb4e9281375cb9.jpg,1,1,0.1655135323486138,1,0.002752341667001027,0,0.0,0,0.0,0,0.0,0,0.0,1,0.00040782810287964913
0900220012200311123918920HJ_1296521200_484482900_jpg.rf.facdbb29df42600bc09bbb72db8d4a2d.jpg,1,1,0.14605303713615278,0,0.0,0,0.0,0,0.0,0,0.0,0,0.0,1,0.0021040241897571795
0900220012200311123921186HJ_1296522500_484483700_jpg.rf.de01da37f268d54f2b8360b0a451c8af.jpg,1,1,0.1694958088319754,0,0.0,0,0.0,0,0.0,0,0.0,0,0.0,0,0.0
0900220012200311124731441HJ_1296552800_484489700_jpg.rf.ca4783732c0af660a4ac478a74219b75.jpg,6,0,0.0,0,0.0,0,0.0,0,0.0,2,0.012118169831137494,0,0.0,0,0.0
0900220012200311124749318HJ_1296524400_484490000_jpg.rf.7037d1f3b672bbb8046061f7b4da4817.jpg,1,1,0.20324464898212674,0,0.0,0,0.0,0,0.0,0,0.0,0,0.0,0,0.0
0900220012200311124920688HJ_1296579800_484488500_jpg.rf.36b8a37298e0d12b3d1f12c976d121c5.jpg,1,1,0.0988118139322978,0,0.0,0,0.0,0,0.0,0,0.0,0,0.0,0,0.0
0900220012200311124945471HJ_1296607100_484488000_jpg.rf.e5c6f12d08f7de98173519a7d35204ae.jpg,2,2,0.05895116051305196,0,0.0,0,0.0,0,0.0,0,0.0,0,0.0,0,0.0
0900220012200311124947394HJ_1296609600_484488100_jpg.rf.ef990f59f1c37983cbd7a46aba1244f0.jpg,1,1,0.043141381650057174,0,0.0,0,0.0,0,0.0,0,0.0,0,0.0,0,0.0
0900220012200311125006880HJ_1296633200_484490100_jpg.rf.79821c8e1ed7341020a00a2d997d9a06.jpg,1,2,0.13135280685270231,0,0.0,0,0.0,0,0.0,0,0.0,0,0.0,0,0.0
0900220012200311125008411HJ_1296635300_484490300_jpg.rf.4ebdf8d2bc136be80c61dcdcf3d63a72.jpg,4,1,0.0176234956465578,1,0.010219151946821513,0,0.0,0,0.0,0,0.0,0,0.0,0,0.0
0900220012200311125124982HJ_1296684700_484495300_jpg.rf.ab420d837d39904d994ae1099db4d08f.jpg,6,0,0.0,1,0.012527104468863398,0,0.0,1,0.0008006533005800545,0,0.0,0,0.0,0,0.0
0900220012200311125133999HJ_1296696600_484496400_jpg.rf.4dd71fbc0f10a2a0441746357e1bb8ee.jpg,2,2,0.04586201087504378,0,0.0,0,0.0,0,0.0,0,0.0,0,0.0,0,0.0
0900220012200311125914741HJ_1297313100_484475100_jpg.rf.eb54b419ba22b771432fa4709b90b09e.jpg,8,0,0.0,0,0.0,1,0.0032708231875676575,0,0.0,0,0.0,0,0.0,0,0.0
0900220012200311125929946HJ_1297301800_484448200_jpg.rf.047e93e5fa6e9df20bfb521b1feb18ed.jpg,7,0,0.0,0,0.0,0,0.0,0,0.0,1,0.003922130686444234,0,0.0,0,0.0
0900220012200311130029218HJ_1297285200_484415400_jpg.rf.440001d12c2bb6eef91895c5af51f484.jpg,5,1,0.014143265534667087,0,0.0,1,0.012569848445964447,0,0.0,0,0.0,0,0.0,0,0.0
0900220012200311130031593HJ_1297283500_484412100_jpg.rf.9be259dbc2c707d479cbef702652c0d7.jpg,8,0,0.0,0,0.0,1,0.002167125879623201,0,0.0,0,0.0,0,0.0,0,0.0
0900220012200311130033239HJ_1297282300_484409600_jpg.rf.25de90671356ec4c4e7fcfd239b438fc.jpg,7,1,0.0021777566860873778,1,0.0048275044640740915,0,0.0,0,0.0,0,0.0,0,0.0,0,0.0
0900220012200311130037943HJ_1297278400_484402300_jpg.rf.86463c19b3ee0c1096b7e83eb6cc4e7d.jpg,7,0,0.0,0,0.0,1,0.007230091573628662,0,0.0,0,0.0,1,0.003621930764034004,0,0.0
0900220012200311130235455HJ_1297205800_484263400_jpg.rf.1302bf24e46cc9c9fbf2560a6513e818.jpg,1,1,0.12177869203082536,2,0.02900894307692399,0,0.0,0,0.0,0,0.0,0,0.0,0,0.0
0900220012200311130246769HJ_1297196800_484246200_jpg.rf.d337ff12da8016704a2e447bcf11e677.jpg,1,1,0.08111716722481105,0,0.0,0,0.0,0,0.0,0,0.0,0,0.0,0,0.0
0900220012200311130257755HJ_1297186600_484226300_jpg.rf.587a5abf6a13a08823bc71b5c5eaff7b.jpg,1,1,0.15628795895438993,1,0.021827157579355102,0,0.0,0,0.0,0,0.0,0,0.0,0,0.0
0900220012200311130305818HJ_1297178900_484211400_jpg.rf.851d597feb239f468fdff2c636c31781.jpg,1,2,0.13247242199275205,0,0.0,0,0.0,0,0.0,0,0.0,0,0.0,0,0.0
0900220012200311130312834HJ_1297172200_484198600_jpg.rf.a3761f5bfe3b23676a745d9239efe6f7.jpg,1,1,0.05850736919602466,0,0.0,0,0.0,0,0.0,0,0.0,0,0.0,0,0.0
0900220012200311130313835HJ_1297171200_484196700_jpg.rf.c76561be0d1a865d04275644df908fd7.jpg,1,1,0.25049890440994205,0,0.0,0,0.0,0,0.0,0,0.0,0,0.0,0,0.0
0900220012200311130343947HJ_1297140500_484137500_jpg.rf.2f399ad42f9663a0d8d5d6cba90f720c.jpg,1,1,0.09880286824519544,0,0.0,0,0.0,0,0.0,0,0.0,0,0.0,0,0.0
0900220012200311130345994HJ_1297138200_484133600_jpg.rf.55af1737e5a80d44ec437973f1788bb9.jpg,1,1,0.10508618753309293,0,0.0,0,0.0,0,0.0,0,0.0,0,0.0,0,0.0
0900220012200311130408590HJ_1297108100_484096100_jpg.rf.5c0c73ab8c4bdc72d403adbad893452b.jpg,1,1,0.08257898692980234,0,0.0,0,0.0,0,0.0,0,0.0,0,0.0,0,0.0
0900220012200311130412185HJ_1297103600_484091000_jpg.rf.1781fd7387f0db6a002076d210c7d112.jpg,1,1,0.10078089170452585,1,0.022845787450405622,0,0.0,0,0.0,0,0.0,0,0.0,0,0.0
0900220012200311130414154HJ_1297101200_484088200_jpg.rf.48fced48ac39d08af8f8276bdb4b3f01.jpg,2,1,0.05905750233113054,2,0.01346824959492551,0,0.0,0,0.0,0,0.0,0,0.0,0,0.0
0900220012200311130418185HJ_1297096500_484082700_jpg.rf.86ff7a376716d91bf1143edf19f0fcb3.jpg,1,1,0.1450805183434136,0,0.0,0,0.0,0,0.0,0,0.0,0,0.0,0,0.0
0900220012200311130447470HJ_1297060200_484040300_jpg.rf.b498cced4097c80c1f390b7aaff1aa37.jpg,1,1,0.09520888339704474,0,0.0,0,0.0,0,0.0,0,0.0,0,0.0,0,0.0
0900220012200311130455471HJ_1297050000_484028300_jpg.rf.46c555e33c5ee97bbdb68abd2096d6f1.jpg,8,0,0.0,1,0.001588981437671464,0,0.0,0,0.0,0,0.0,0,0.0,0,0.0
0900220012200311130457471HJ_1297047700_484025800_jpg.rf.db2361dd2b2e7cc777416b62d8753c67.jpg,8,0,0.0,1,0.0016950461568558256,0,0.0,0,0.0,0,0.0,0,0.0,0,0.0
0900220012200311130538751HJ_1297027100_484003200_jpg.rf.ee5339a65f11f36744b1d0776482b98a.jpg,8,0,0.0,1,0.002087353409888237,0,0.0,0,0.0,0,0.0,0,0.0,0,0.0
0900220012200311130539954HJ_1297026000_484001900_jpg.rf.9ab490263945c9096dcf97017eef70fc.jpg,8,0,0.0,1,0.0022843340096096636,0,0.0,0,0.0,0,0.0,0,0.0,0,0.0
0900220012200311130551331HJ_1297015000_483989800_jpg.rf.3cc1ecc872a90649b937daa34a4d1a6f.jpg,7,0,0.0,2,0.00958679374838539,0,0.0,0,0.0,0,0.0,0,0.0,0,0.0
0900220012200311130558894HJ_1297006400_483980400_jpg.rf.a39cd786200448fe3c1f33bda207e7e1.jpg,6,0,0.0,1,0.006814664996636566,0,0.0,0,0.0,0,0.0,0,0.0,0,0.0
0900220012200311130601566HJ_1297003400_483977100_jpg.rf.3417bf42de467e233ace844d4e65b386.jpg,6,0,0.0,1,0.005622473158837238,0,0.0,0,0.0,0,0.0,0,0.0,0,0.0
0900220012200311130609848HJ_1296995100_483967500_jpg.rf.bf26a5aa8357e6ac136a6dd44aa67bbb.jpg,6,0,0.0,1,0.011856301376947183,0,0.0,0,0.0,1,0.005168832174094859,0,0.0,1,0.0014700890108997554
0900220012200311130624959HJ_1296977100_483946200_jpg.rf.9fb452579b60432c6763fe2256081670.jpg,2,1,0.025750095881157904,0,0.0,0,0.0,0,0.0,0,0.0,0,0.0,0,0.0
09002200122003111306432616G_1296483600_481486600_jpg.rf.6aaf70d103378e3ad8e7bc65962ff160.jpg,3,0,0.0,0,0.0,1,0.009582064995433938,0,0.0,0,0.0,1,0.0880196570395583,0,0.0
0900220012200311130717215HJ_1296909600_483859500_jpg.rf.be6e232339fbf710fd57cf72b6cfb1b3.jpg,5,0,0.0,0,0.0,1,0.022192488753371434,0,0.0,0,0.0,0,0.0,0,0.0
0900220012200311130718215HJ_1296908500_483857900_jpg.rf.1c9f7b36da95c429890e5b5b5356debf.jpg,5,0,0.0,0,0.0,1,0.023545552775249234,0,0.0,0,0.0,0,0.0,0,0.0
0900220012200311130720653HJ_1296905600_483853800_jpg.rf.736c45846b10e493548440453d727b95.jpg,4,0,0.0,1,0.01863473730702026,0,0.0,0,0.0,0,0.0,0,0.0,0,0.0
0900220012200311130722215HJ_1296903800_483851100_jpg.rf.dce6754d16aa3a443aa6ea98e3ec9a3d.jpg,4,0,0.0,1,0.017792880575580056,0,0.0,0,0.0,0,0.0,0,0.0,0,0.0
0900220012200311130726278HJ_1296899000_483844200_jpg.rf.041b0a22afa1af480eb9315b29885710.jpg,5,0,0.0,1,0.014128050877161503,0,0.0,0,0.0,0,0.0,0,0.0,0,0.0
0900220012200311130729341HJ_1296895400_483839000_jpg.rf.156a3e259e32adf7fbe5640593c42f9b.jpg,6,0,0.0,0,0.0,1,0.009672233232959116,0,0.0,0,0.0,0,0.0,0,0.0
0900220012200311130730341HJ_1296894300_483837300_jpg.rf.139952ed8f18ea7a8408b8cbf2149b37.jpg,6,0,0.0,0,0.0,1,0.014502760746399872,0,0.0,0,0.0,0,0.0,0,0.0
0900220012200311130732357HJ_1296891900_483834000_jpg.rf.fd43e678a10df51fdaf420f813966906.jpg,5,0,0.0,1,0.013358926887212874,0,0.0,0,0.0,0,0.0,0,0.0,0,0.0
0900220012200311130743171HJ_1296879500_483817100_jpg.rf.fe464bb3ba1956edda426cc7aecb50cf.jpg,6,0,0.0,1,0.008246122720411222,0,0.0,0,0.0,0,0.0,0,0.0,0,0.0
0900220012200311130745640HJ_1296876600_483813500_jpg.rf.0f282d21dbeb9d7693d8c9d06779530a.jpg,5,0,0.0,2,0.029555548414282373,0,0.0,0,0.0,0,0.0,0,0.0,0,0.0
0900220012200311130748546HJ_1296872800_483809000_jpg.rf.1775203d24effbf7c3020e7d169c3b87.jpg,5,0,0.0,2,0.021336143435246417,0,0.0,0,0.0,0,0.0,0,0.0,0,0.0
0900220012200311130749484HJ_1296871700_483807600_jpg.rf.8892f696c3f77b55c1588dc829eb074f.jpg,6,0,0.0,2,0.012625535426186616,0,0.0,0,0.0,0,0.0,0,0.0,0,0.0
0900220012200311130759501HJ_1296858500_483791600_jpg.rf.dcb4a5cd49978e4287213620ad032a1b.jpg,8,0,0.0,1,0.002161760221415534,0,0.0,0,0.0,0,0.0,0,0.0,0,0.0
0900220012200311130800501HJ_1296857100_483790000_jpg.rf.b3116bb6d926716581c2dff8e0c3cd47.jpg,7,0,0.0,1,0.002374420178193759,0,0.0,0,0.0,0,0.0,0,0.0,0,0.0
0900220012200311130806595HJ_1296849200_483780600_jpg.rf.ef4dd298b6185ca99b9dcd54144f9680.jpg,4,0,0.0,3,0.05615023425265235,0,0.0,0,0.0,0,0.0,0,0.0,0,0.0
0900220012200311130808564HJ_1296846700_483777500_jpg.rf.16c3af50d881677b639acd787e5bde64.jpg,7,0,0.0,1,0.002337907468827325,0,0.0,0,0.0,0,0.0,0,0.0,0,0.0
0900220012200311130821222HJ_1296833200_483761200_jpg.rf.4765016df79ef29919cad7b55b755765.jpg,7,0,0.0,1,0.0032205243501539386,0,0.0,0,0.0,0,0.0,0,0.0,0,0.0
0900220012200311130825441HJ_1296831200_483758800_jpg.rf.48ea42afc03c0465fc8ee25c4c1d545b.jpg,8,0,0.0,1,0.0017141621860173454,0,0.0,0,0.0,0,0.0,0,0.0,0,0.0
09002200122003111308266456G_1296516600_481491000_jpg.rf.1cb428bd2cf4a636f2682b1ff1b36d90.jpg,3,1,0.02911386358362961,0,0.0,1,0.006045560958027636,0,0.0,0,0.0,0,0.0,0,0.0
0900220012200311130849709HJ_1296822700_483748800_jpg.rf.a316f4181f3dee88ef1122d359245b0f.jpg,6,0,0.0,1,0.006758131664246321,0,0.0,0,0.0,0,0.0,0,0.0,0,0.0
0900220012200311130853350HJ_1296819400_483744900_jpg.rf.be408ebf632923907a653f3d65692f70.jpg,6,0,0.0,1,0.010587991478369077,0,0.0,0,0.0,0,0.0,0,0.0,1,0.0004973310221976135
0900220012200311130857257HJ_1296815300_483739900_jpg.rf.5a9108f930ccc38df92381d234aa15fb.jpg,5,0,0.0,1,0.010556667015080165,0,0.0,0,0.0,0,0.0,0,0.0,0,0.0
0900220012200311130858257HJ_1296814200_483738600_jpg.rf.0769aae54bfd6821eed38ac770816604.jpg,5,0,0.0,1,0.01098100288580099,0,0.0,0,0.0,0,0.0,0,0.0,0,0.0
0900220012200311130902320HJ_1296809400_483732700_jpg.rf.6ff4b86d48da3c455bb3a8f6a3cefd48.jpg,5,0,0.0,1,0.012790946751965748,0,0.0,0,0.0,0,0.0,0,0.0,0,0.0
0900220012200311130903320HJ_1296808100_483731200_jpg.rf.74ca291459470a9b4cf6084b8c34f3a4.jpg,5,0,0.0,1,0.013930431351491279,0,0.0,0,0.0,0,0.0,0,0.0,0,0.0
0900220012200311130908336HJ_1296801900_483723800_jpg.rf.836788f22ae91979669198a4af3affea.jpg,5,0,0.0,1,0.012261059477395982,0,0.0,0,0.0,0,0.0,0,0.0,0,0.0
0900220012200311130910336HJ_1296799600_483720900_jpg.rf.a0b1b8af27da024731dab3948edc1f11.jpg,5,0,0.0,1,0.01123615514587074,0,0.0,0,0.0,0,0.0,0,0.0,0,0.0
0900220012200311130912337HJ_1296797300_483718200_jpg.rf.80ebbcba93a5e2be1425367b81e7a1b6.jpg,7,0,0.0,1,0.008495961548615014,2,0.010419040794376997,0,0.0,1,0.002592914907436352,1,0.006355853442528331,0,0.0
0900220012200311130918353HJ_1296790700_483710200_jpg.rf.717138d15cda2c589e4f5cea211e6bc3.jpg,6,0,0.0,1,0.009737295224886111,0,0.0,0,0.0,0,0.0,0,0.0,0,0.0
0900220012200311130924354HJ_1296784400_483702600_jpg.rf.9325aa744303bcb8f3bdb11c8411e0dc.jpg,6,0,0.0,1,0.009787007731938501,0,0.0,0,0.0,0,0.0,0,0.0,0,0.0
0900220012200311130925354HJ_1296783300_483701300_jpg.rf.ddb491a4ed0da06afd1a70cd13c5fc82.jpg,6,0,0.0,1,0.00956603688729956,0,0.0,0,0.0,0,0.0,0,0.0,0,0.0
0900220012200311130927370HJ_1296781200_483698700_jpg.rf.f95c94f32d15d4de9813a3ab7ea150e9.jpg,6,0,0.0,1,0.007919136480995787,0,0.0,0,0.0,0,0.0,0,0.0,0,0.0
0900220012200311130933855HJ_1296775000_483691100_jpg.rf.ca5d080223cacb1f986741161c3f1152.jpg,6,0,0.0,1,0.006248066449061298,0,0.0,0,0.0,0,0.0,0,0.0,0,0.0
0900220012200311131030550HJ_1296769800_483684900_jpg.rf.5384ecb654788f47b72e924c72b3f5ad.jpg,7,0,0.0,1,0.0008872663974671014,0,0.0,0,0.0,1,0.008168193971320648,0,0.0,0,0.0
0900220012200311131145886HJ_1296713300_483617100_jpg.rf.5678a7b1b73d8d5e6a1630378658eec5.jpg,6,0,0.0,1,0.009589525470710214,1,0.0022992103551405306,0,0.0,0,0.0,0,0.0,0,0.0
0900220012200311131146746HJ_1296712500_483616100_jpg.rf.a8e978bb558ed8b700597d38ca007cae.jpg,8,0,0.0,1,0.0017057023459346966,0,0.0,0,0.0,0,0.0,0,0.0,0,0.0
0900220012200311131147824HJ_1296711400_483614800_jpg.rf.6165a2af4f29992a203cac3e642e558e.jpg,5,0,0.0,1,0.01287727312524111,0,0.0,0,0.0,0,0.0,0,0.0,0,0.0
0900220012200311131148824HJ_1296710400_483613600_jpg.rf.c8b1a53b68505235855e53ce5e364b5b.jpg,6,0,0.0,1,0.005790980729443629,0,0.0,0,0.0,0,0.0,0,0.0,0,0.0
0900220012200311131207873HJ_1296687100_483585700_jpg.rf.81d3aa3cbb198d521fd5194a5ea63505.jpg,6,0,0.0,0,0.0,1,0.009646306334761918,0,0.0,0,0.0,0,0.0,0,0.0
0900220012200311131210889HJ_1296683400_483581300_jpg.rf.fbd5573948257dd552d09d574763d237.jpg,6,0,0.0,0,0.0,1,0.00918531566800084,0,0.0,0,0.0,0,0.0,0,0.0
0900220012200311131212905HJ_1296681000_483578400_jpg.rf.0fb40f407b329d060680eec738809eef.jpg,7,0,0.0,0,0.0,1,0.0050583856142839235,0,0.0,0,0.0,0,0.0,0,0.0
0900220012200311131213936HJ_1296679800_483577000_jpg.rf.4ca06fc11383fed2ddeb18eba289f7e4.jpg,7,0,0.0,0,0.0,1,0.00496354056551354,0,0.0,0,0.0,0,0.0,0,0.0
0900220012200311131214936HJ_1296678600_483575600_jpg.rf.75a53aa0491f3aa32c1e4671a5cf2183.jpg,7,0,0.0,0,0.0,1,0.006925179418885815,0,0.0,0,0.0,0,0.0,0,0.0
0900220012200311131216952HJ_1296676200_483572600_jpg.rf.78f9a5e72cbc8622a824b00155734e1a.jpg,6,0,0.0,0,0.0,1,0.009052551705881342,0,0.0,0,0.0,0,0.0,0,0.0
0900220012200311131222969HJ_1296668800_483563800_jpg.rf.b1c7332519d9cb01a19298433ec07d8e.jpg,7,0,0.0,0,0.0,1,0.003886724179392331,0,0.0,0,0.0,0,0.0,0,0.0
0900220012200311131223969HJ_1296667600_483562400_jpg.rf.b028dae590fbe002d2d916edd08afd54.jpg,7,0,0.0,0,0.0,1,0.0035646522335991905,0,0.0,0,0.0,0,0.0,0,0.0
0900220012200311131224969HJ_1296666400_483560900_jpg.rf.5d911e51c4294cf845b48dbce56ee7a3.jpg,7,0,0.0,0,0.0,1,0.0035515142579970417,0,0.0,0,0.0,0,0.0,0,0.0
0900220012200311131225969HJ_1296665300_483559600_jpg.rf.cc30f740ce5800fb623f78a573809534.jpg,7,0,0.0,0,0.0,1,0.00402134145429953,0,0.0,0,0.0,0,0.0,0,0.0
0900220012200311131240064HJ_1296649000_483540300_jpg.rf.9bd4ee5c65f396042d3eabbb154bf6e8.jpg,7,0,0.0,0,0.0,2,0.012815678237856787,0,0.0,0,0.0,0,0.0,0,0.0
0900220012200311131311474HJ_1296605200_483488100_jpg.rf.bd54da0355b4f8f9715edea621d882fa.jpg,6,0,0.0,0,0.0,0,0.0,0,0.0,0,0.0,1,0.013506381870176935,0,0.0
0900220012200311131346202HJ_1296559400_483433700_jpg.rf.2b124901585674f1e6051115f6742f7b.jpg,8,0,0.0,0,0.0,2,0.004736243007137096,0,0.0,0,0.0,0,0.0,0,0.0
0900220012200311131351218HJ_1296553900_483427300_jpg.rf.8f5e2297173d1a4eac2c48a7bed636a9.jpg,7,0,0.0,0,0.0,1,0.003809413217823021,0,0.0,0,0.0,0,0.0,0,0.0
0900220012200311131400250HJ_1296543300_483414700_jpg.rf.706236713610a056f37db7680646b5ab.jpg,8,0,0.0,0,0.0,1,0.003359142232848171,0,0.0,0,0.0,0,0.0,0,0.0
0900220012200311131401313HJ_1296542000_483413200_jpg.rf.bfb38ffbf5b654f01dbe4681265f3a85.jpg,8,0,0.0,0,0.0,1,0.0034166464050031193,0,0.0,0,0.0,0,0.0,0,0.0
0900220012200311131421456HJ_1296523500_483391400_jpg.rf.2a0996eb940d97d600a09459a4d82225.jpg,8,0,0.0,1,0.0015686878872111195,1,0.0014664461017309819,0,0.0,0,0.0,0,0.0,0,0.0
0900220012200311131632782HJ_1296484000_483345000_jpg.rf.981b276d78618256c3ea79b5800bdd7d.jpg,5,0,0.0,1,0.010464850483631398,0,0.0,0,0.0,0,0.0,0,0.0,0,0.0
0900220012200311131634939HJ_1296483100_483344000_jpg.rf.17a18346a5a013fb17739ecf280c7b2a.jpg,6,0,0.0,0,0.0,0,0.0,0,0.0,0,0.0,1,0.010584576050896445,0,0.0
0900220012200311131637705HJ_1296482100_483342900_jpg.rf.b38bab7714e13053a963f83e914f0de6.jpg,7,0,0.0,0,0.0,0,0.0,0,0.0,0,0.0,1,0.0074302847457875035,0,0.0
0900220012200311131724444HJ_1296434000_483298400_jpg.rf.ea1921c4bc51370bb107f868db5a2c4b.jpg,6,0,0.0,0,0.0,0,0.0,0,0.0,1,0.008693412570428336,0,0.0,0,0.0
0900220012200311132041684HJ_1296480800_483339600_jpg.rf.2cc88f4973bf4574b4756eab4950ca89.jpg,4,0,0.0,0,0.0,0,0.0,0,0.0,0,0.0,1,0.032648213395896165,0,0.0
0900220012200311132104452HJ_1296503800_483366200_jpg.rf.3937cd567b5cc349e85ddb00a5b0d5ac.jpg,5,0,0.0,0,0.0,1,0.018809301248056742,0,0.0,0,0.0,0,0.0,0,0.0
0900220012200311132105390HJ_1296504900_483367400_jpg.rf.606408d7af5836a7fc4d7a0e37d1884d.jpg,5,0,0.0,0,0.0,1,0.01712545424961718,0,0.0,0,0.0,0,0.0,0,0.0
0900220012200311132106390HJ_1296506100_483368800_jpg.rf.bfc0747b23b4b6c5da5205fbbe59d11a.jpg,5,0,0.0,0,0.0,1,0.015009403839812904,0,0.0,0,0.0,0,0.0,0,0.0
0900220012200311132107374HJ_1296507300_483370200_jpg.rf.33fb5aa333d9f24849ba568dd8ba015c.jpg,5,0,0.0,1,0.015713431241483704,1,0.016498288848379162,0,0.0,0,0.0,0,0.0,0,0.0
0900220012200311132119329HJ_1296516700_483381200_jpg.rf.84535bd5f4aef6b4fbfcb95c5dd4fe82.jpg,7,0,0.0,0,0.0,1,0.006181009566716966,0,0.0,0,0.0,0,0.0,0,0.0
0900220012200311132143394HJ_1296522000_483387500_jpg.rf.a56f80eed071cba540f97537dc785c18.jpg,2,0,0.0,0,0.0,2,0.10884273943502307,0,0.0,0,0.0,0,0.0,0,0.0
0900220012200311132146879HJ_1296525200_483391300_jpg.rf.0adee4e3d45eeca417329e8e69bc1c7d.jpg,2,0,0.0,0,0.0,2,0.11466332950440009,0,0.0,0,0.0,0,0.0,0,0.0
0900220012200311132148941HJ_1296527400_483393900_jpg.rf.1f2d1800e8d11bb6b49cc3e0fa922a5b.jpg,6,0,0.0,0,0.0,1,0.011231517435726339,0,0.0,0,0.0,0,0.0,0,0.0
0900220012200311132159990HJ_1296540300_483409100_jpg.rf.70e28c9c008966e36e32e583b64f0b58.jpg,5,0,0.0,0,0.0,1,0.024283751552229674,0,0.0,0,0.0,0,0.0,0,0.0
0900220012200311132200990HJ_1296541500_483410500_jpg.rf.a7d70e249613e523f07e4a5c913cd606.jpg,4,0,0.0,0,0.0,1,0.02502813836125826,0,0.0,0,0.0,0,0.0,0,0.0
0900220012200311132202990HJ_1296543800_483413200_jpg.rf.1f421cbb8784ed285fc2897645fd5a1e.jpg,6,0,0.0,0,0.0,1,0.02398610418806129,0,0.0,0,0.0,1,0.0035470093676576654,0,0.0
0900220012200311132204990HJ_1296546100_483415900_jpg.rf.e953ff1a26b6db85ee3cd4d07f4876b3.jpg,5,0,0.0,0,0.0,2,0.030097965555557948,0,0.0,0,0.0,0,0.0,0,0.0
0900220012200311132208006HJ_1296549500_483420000_jpg.rf.b9c12db99e74aa777f7e691a8c93f6f0.jpg,4,0,0.0,0,0.0,1,0.025087958174535754,0,0.0,0,0.0,0,0.0,0,0.0
0900220012200311132219195HJ_1296562300_483434800_jpg.rf.fc6959ada5293de7cf225af2a15f2bea.jpg,5,0,0.0,0,0.0,1,0.01644156456350173,0,0.0,0,0.0,0,0.0,0,0.0
0900220012200311132223226HJ_1296567000_483440300_jpg.rf.49dd923ab86066f3e0364f7af7f85d3b.jpg,4,0,0.0,0,0.0,1,0.025855054755083998,0,0.0,0,0.0,0,0.0,0,0.0
0900220012200311132225742HJ_1296570000_483443900_jpg.rf.76ad676762890b98720a939588e342d2.jpg,4,0,0.0,0,0.0,1,0.025776834491698524,0,0.0,0,0.0,0,0.0,0,0.0
0900220012200311132228477HJ_1296573500_483448100_jpg.rf.b4e72bc0aa7b847012e8a1119448d752.jpg,4,0,0.0,0,0.0,1,0.025371513777572546,0,0.0,0,0.0,0,0.0,0,0.0
0900220012200311132229399HJ_1296574800_483449500_jpg.rf.0b2831604f989b557a659d117729a396.jpg,8,0,0.0,0,0.0,1,0.0033227898600671326,0,0.0,0,0.0,0,0.0,0,0.0
0900220012200311132232696HJ_1296579500_483455100_jpg.rf.47cd2d4a53790eec49c791e0d97f2877.jpg,8,0,0.0,0,0.0,1,0.0019581925780494166,0,0.0,0,0.0,0,0.0,0,0.0
0900220012200311132235743HJ_1296583900_483460300_jpg.rf.0e7e94477a98a23f9f83694cd6b687a4.jpg,6,0,0.0,0,0.0,2,0.03418377678499837,0,0.0,0,0.0,1,0.00627745904141193,0,0.0
0900220012200311132251495HJ_1296605200_483485500_jpg.rf.2f65c2ffe52bc9bfe5f21392874fd199.jpg,6,0,0.0,0,0.0,3,0.012792443754424294,0,0.0,0,0.0,2,0.027991951989893668,0,0.0
0900220012200311132331620HJ_1296658600_483549100_jpg.rf.f31ce8624847a7dfcce46d31ae32a579.jpg,6,0,0.0,0,0.0,0,0.0,0,0.0,1,0.015160754180233198,2,0.0039932770310951975,0,0.0
0900220012200311132333620HJ_1296661000_483552000_jpg.rf.719d43fc232067338151a73ec7e63530.jpg,6,0,0.0,1,0.005418022209050832,0,0.0,0,0.0,1,0.012686466896725505,0,0.0,0,0.0
0900220012200311132341714HJ_1296670600_483563500_jpg.rf.3d369c67182b8860d66f644d39ecbfb6.jpg,6,0,0.0,1,0.0141739665678415,0,0.0,0,0.0,0,0.0,1,0.007568181847072992,0,0.0
0900220012200311132342746HJ_1296671900_483565000_jpg.rf.85fea47de8a27245d5555bcce9ee8fdf.jpg,5,0,0.0,1,0.016221632602428145,0,0.0,0,0.0,0,0.0,0,0.0,0,0.0
0900220012200311132344730HJ_1296674300_483567900_jpg.rf.f2f3fdcff2a8e45f928ef5d83d1b014c.jpg,5,0,0.0,1,0.016594789225637216,0,0.0,0,0.0,0,0.0,0,0.0,0,0.0
0900220012200311132347731HJ_1296678000_483572400_jpg.rf.46d352c2b8c14b28bdc371c6127f2eba.jpg,6,0,0.0,1,0.009280885441285136,0,0.0,0,0.0,0,0.0,0,0.0,0,0.0
0900220012200311133133967HJ_1296739500_483646200_jpg.rf.80bb0fcfa9c4e630797bdfe95dd26645.jpg,6,0,0.0,0,0.0,1,0.007642426173415511,0,0.0,0,0.0,0,0.0,0,0.0
09002200122003111331352816G_1296856200_482036400_jpg.rf.013f7414b6351ca20f5130ce82b8fe98.jpg,3,0,0.0,1,0.06538325536752153,0,0.0,0,0.0,0,0.0,0,0.0,1,0.000750764678837181
0900220012200311133135358HJ_1296741400_483648400_jpg.rf.1fb133c26f4d2b04ffba900afaad5df3.jpg,3,0,0.0,0,0.0,1,0.04037660005402358,0,0.0,0,0.0,0,0.0,0,0.0
0900220012200311133139343HJ_1296746500_483654500_jpg.rf.7be46892b787f399d647b9b5db15a278.jpg,6,0,0.0,0,0.0,1,0.012392179256539768,0,0.0,0,0.0,0,0.0,0,0.0
0900220012200311133859469HJ_1296778000_483692600_jpg.rf.bd0c5924d90b52f9af62e9c5f3e321eb.jpg,7,0,0.0,0,0.0,1,0.0045670685432025885,0,0.0,0,0.0,0,0.0,0,0.0
0900220012200311133901469HJ_1296780500_483695400_jpg.rf.d9fc50e137094e54a0c1f20d33aae65e.jpg,8,0,0.0,0,0.0,1,0.00524388867765992,1,0.00026654301791495294,0,0.0,0,0.0,0,0.0
0900220012200311133902501HJ_1296781700_483697000_jpg.rf.decfe9a1c56a58c3096f004182bb473f.jpg,5,0,0.0,0,0.0,0,0.0,0,0.0,0,0.0,1,0.016420642393855482,0,0.0
0900220012200311133903516HJ_1296783000_483698500_jpg.rf.652704119cfa0b55fa1dc166b5266a51.jpg,7,0,0.0,0,0.0,1,0.004982391650730733,0,0.0,0,0.0,0,0.0,0,0.0
0900220012200311133906595HJ_1296786800_483703100_jpg.rf.fae06d690fc561d0db41e3ae2e0264c6.jpg,5,0,0.0,0,0.0,1,0.017048211995042948,0,0.0,0,0.0,0,0.0,0,0.0
0900220012200311133951318HJ_1296841100_483768400_jpg.rf.8b8f8338fe00ee408090b0a237d84dc8.jpg,4,0,0.0,1,0.017400556061647875,0,0.0,0,0.0,0,0.0,0,0.0,0,0.0
0900220012200311135252828HJ_1296876400_483811000_jpg.rf.decc3691620a48a1c062e0e2acff894e.jpg,6,0,0.0,0,0.0,2,0.022944811340394156,0,0.0,0,0.0,0,0.0,0,0.0
0900220012200311135312617HJ_1296898700_483841000_jpg.rf.955270ac9741388b2ce7e44db1d00c48.jpg,6,0,0.0,0,0.0,0,0.0,0,0.0,0,0.0,1,0.00866884873445997,0,0.0
0900220012200311135400613HJ_1296954700_483916700_jpg.rf.b86fc13bafb0a56d5d6207ce1526cbab.jpg,3,0,0.0,1,0.004622840879692376,1,0.07463867234671966,0,0.0,0,0.0,0,0.0,0,0.0
0900220012200311141218892HJ_1297149600_484150600_jpg.rf.1aeb46a5c95c9aa9371a82c3c787c391.jpg,8,0,0.0,0,0.0,1,0.0028208805675285476,0,0.0,0,0.0,0,0.0,0,0.0
0900220012200311141241541HJ_1297171800_484193900_jpg.rf.de2d4b14800344e69ab8f848fe6f7df1.jpg,7,0,0.0,1,0.006460553295410132,0,0.0,0,0.0,0,0.0,0,0.0,1,0.0005069362753022233
09002200122003111755426196G_1296713800_481607500_jpg.rf.a4b9f2f5f63719c63ece19ea899d05bf.jpg,9,0,0.0,0,0.0,0,0.0,0,0.0,0,0.0,0,0.0,1,0.00042359341022802255
0900220012200312094318544HJ_1297748700_483047000_jpg.rf.e4b91e55bdd6cd83e9292371d6b57884.jpg,6,0,0.0,0,0.0,1,0.010419003334209264,0,0.0,0,0.0,0,0.0,0,0.0
0900220012200312094333611HJ_1297717500_483050300_jpg.rf.9818e059574d18cea1909913a25a0c50.jpg,3,0,0.0,0,0.0,0,0.0,0,0.0,0,0.0,1,0.03742644173227751,0,0.0
09002200122003120946499967C_1296632200_482579000_jpg.rf.ab2cdab41ba21aec857e3dee93977d8d.jpg,7,0,0.0,0,0.0,1,0.013236004988175409,0,0.0,0,0.0,1,0.00083859544218285,0,0.0
09002200122003120947166297C_1296580900_482579000_jpg.rf.08015b100c6452d462d7c667596b3de1.jpg,7,0,0.0,0,0.0,1,0.007243065063885302,0,0.0,0,0.0,0,0.0,0,0.0
09002200122003120947372737C_1296540400_482579100_jpg.rf.573f25bc11d327082aac69d4b8bf4af0.jpg,7,0,0.0,0,0.0,3,0.0186875146228158,0,0.0,0,0.0,0,0.0,0,0.0
09002200122003120947433257C_1296531500_482579200_jpg.rf.238b7b61e4bf8460c12788d92c5acf33.jpg,6,0,0.0,0,0.0,1,0.008561082354954124,0,0.0,0,0.0,0,0.0,0,0.0
09002200122003120948219737C_1296526200_482579300_jpg.rf.d639bb0007113d56fc08e5a6c2240b4c.jpg,7,0,0.0,0,0.0,1,0.005626599978277227,0,0.0,0,0.0,0,0.0,0,0.0
09002200122003120949104397C_1296501400_482579500_jpg.rf.995680c0476e2f906de35a920c020a7a.jpg,5,0,0.0,0,0.0,1,0.023982341349619674,0,0.0,0,0.0,1,0.006511854193668114,0,0.0
0900220012200312095109624HJ_1297312700_483066500_jpg.rf.51b140847d7bd76164ee636484587f49.jpg,3,2,0.03029806840182573,0,0.0,0,0.0,0,0.0,0,0.0,0,0.0,0,0.0
09002200122003120954518967C_1296313500_482583200_jpg.rf.dfb43dde62d68b37732c950c0904f164.jpg,7,0,0.0,0,0.0,1,0.013539969146904696,0,0.0,0,0.0,1,0.0013924859830786022,0,0.0
0900220012200312095512000HJ_1297190200_483065100_jpg.rf.8d8ca3c1fadff7f3cf4124fcdf2b9ea7.jpg,7,0,0.0,0,0.0,0,0.0,0,0.0,0,0.0,1,0.0053804264891005,0,0.0
09002200122003120955492087C_1296225100_482585600_jpg.rf.5d03cd698e58483b69c8b7ed8f1f1931.jpg,4,0,0.0,0,0.0,0,0.0,0,0.0,2,0.039145553089010715,0,0.0,0,0.0
09002200122003120955522097C_1296219000_482585700_jpg.rf.fcf6b865b27cb41a5dbfce2b86371f04.jpg,2,0,0.0,0,0.0,0,0.0,0,0.0,1,0.04526397769783222,0,0.0,0,0.0
0900220012200312102523842HJ_1296544500_482945700_jpg.rf.773ef9cb8e4829fefad746c5b6846328.jpg,7,0,0.0,0,0.0,1,0.0069771107695214595,0,0.0,0,0.0,0,0.0,0,0.0
0900220012200312102525405HJ_1296543200_482945700_jpg.rf.b8e60505e261abac6c21b5e1a8e5a097.jpg,7,0,0.0,0,0.0,1,0.007673786295299579,1,8.250870860138118e-05,0,0.0,0,0.0,0,0.0
0900220012200312103141634HJ_1296517400_482946100_jpg.rf.cb1375a12f75db0afbf341768374c6b1.jpg,8,0,0.0,1,0.001250402125760955,0,0.0,0,0.0,0,0.0,0,0.0,0,0.0
0900220012200312103209500HJ_1296473600_482945600_jpg.rf.8f57e3bab8b6059f793313620d28447e.jpg,7,0,0.0,0,0.0,1,0.003503840110715828,0,0.0,0,0.0,0,0.0,0,0.0
0900220012200312103457123HJ_1296390900_482946400_jpg.rf.71c77a3cc317abcf09ba923de5c629f7.jpg,7,0,0.0,0,0.0,1,0.006469063155855111,0,0.0,0,0.0,0,0.0,0,0.0
0900220012200312111845247HJ_1294831400_482931500_jpg.rf.c83f553bc1c9e6df76c1589573391fba.jpg,8,0,0.0,1,0.0020742861560756874,0,0.0,0,0.0,0,0.0,0,0.0,1,0.0004185011757908836
0900220012200312111846247HJ_1294829800_482931500_jpg.rf.251dd674ede2e69689f74c41d13a6b74.jpg,8,0,0.0,0,0.0,1,0.0033084740638150835,0,0.0,0,0.0,0,0.0,0,0.0
0900220012200312111910487HJ_1294784900_482931900_jpg.rf.6d00a135aebec11bdd3b3094b6c48f4a.jpg,6,0,0.0,0,0.0,1,0.02676399731764832,0,0.0,0,0.0,0,0.0,1,0.0005843990379617031
0900220012200312111927180HJ_1294757900_482932100_jpg.rf.0ae3aac26ba75d1e62417e8c4f29f22c.jpg,7,0,0.0,0,0.0,2,0.016257635008068972,0,0.0,0,0.0,1,0.00197484165232595,0,0.0
0900220012200312112009764HJ_1294700000_482933500_jpg.rf.e638e86b69730ff17ebf39b2ecfd110e.jpg,7,0,0.0,0,0.0,9,0.054079459075611555,0,0.0,0,0.0,3,0.03012834496209909,0,0.0
0900220012200312112056234HJ_1294678100_482933800_jpg.rf.d14d0ef73b434fef09866c627f50e180.jpg,7,0,0.0,0,0.0,4,0.02922071511026842,0,0.0,0,0.0,0,0.0,0,0.0
0900220012200312112536605HJ_1294515400_482936900_jpg.rf.7dd6ad1ae280fd62d47999325974bbf9.jpg,6,0,0.0,4,0.027093882969468252,0,0.0,0,0.0,1,0.007987675552884627,0,0.0,0,0.0
0900220012200312112537730HJ_1294513800_482936800_jpg.rf.a6194bdb44a26d84dfd9d177ac25119e.jpg,7,0,0.0,1,0.002792417462915182,2,0.009761435927630372,0,0.0,1,0.009479588769636393,0,0.0,0,0.0
0900220012200312112554357HJ_1294496000_482936100_jpg.rf.a80e34ad28b0d7992ce144d7e3294ea5.jpg,4,1,0.0181084529207601,1,0.016258190158164324,1,0.021388094041158184,0,0.0,0,0.0,0,0.0,0,0.0
0900220012200312114409198HJ_1294630900_482932100_jpg.rf.46315a47f8ac100bedabebe84b82623c.jpg,8,0,0.0,0,0.0,3,0.00989354864725102,0,0.0,0,0.0,0,0.0,0,0.0
0900220012200312114515812HJ_1294680000_482932300_jpg.rf.fc37027bfe2ca8a667bd993523e813bc.jpg,2,1,0.04497206493232398,0,0.0,1,0.0035763764186412983,0,0.0,0,0.0,0,0.0,0,0.0
0900220012200312114523047HJ_1294690200_482932200_jpg.rf.2eac3ae06805d47b5cb93bb66afffbae.jpg,5,0,0.0,0,0.0,0,0.0,0,0.0,1,0.016541099660921644,0,0.0,0,0.0
0900220012200312114544197HJ_1294727800_482931600_jpg.rf.126cb6aabe9d3db0dcd4b751a2205a7f.jpg,8,0,0.0,0,0.0,0,0.0,0,0.0,0,0.0,1,0.005238353333734268,2,0.0019601532009437504
0900220012200312114822425HJ_1294845200_482930100_jpg.rf.d0219dd63898f7eaa159cf60d16a21a8.jpg,6,0,0.0,1,0.006423133236921785,0,0.0,0,0.0,0,0.0,0,0.0,0,0.0
0900220012200312122517608HJ_1296137300_482949800_jpg.rf.0cd57cf002a91a9ddcfe7762087f3e84.jpg,5,0,0.0,2,0.007860192914517939,0,0.0,0,0.0,1,0.03562857584029189,0,0.0,1,0.0012293116725925297
0900220012200312122538745HJ_1296172400_482949000_jpg.rf.1abb2d9e1a6523e1cc8d2d032e9d7b68.jpg,4,0,0.0,0,0.0,0,0.0,0,0.0,1,0.022595621162911313,0,0.0,0,0.0
0900220012200312123119200HJ_1296485000_482944400_jpg.rf.28d5052dd9de3471564d0e5c2e8d961f.jpg,4,0,0.0,1,0.017299251190870554,0,0.0,0,0.0,0,0.0,0,0.0,0,0.0
0900220012200312125010664HJ_1296997300_482993200_jpg.rf.ac3db7f80c4c39b3653884bf258c3779.jpg,7,0,0.0,0,0.0,1,0.006588241368890521,0,0.0,0,0.0,1,0.008178417900239765,0,0.0
0900220012200312125016300HJ_1297004700_482996100_jpg.rf.581ba4a663df6b8e07c120c09fa99193.jpg,7,0,0.0,0,0.0,1,0.006354753146561047,0,0.0,0,0.0,0,0.0,0,0.0
09002200122003121250274427C_1296020000_482583600_jpg.rf.66ee86f289319a6847def415b8d97d56.jpg,9,0,0.0,0,0.0,2,0.0013318671380966427,0,0.0,0,0.0,1,0.002595093727722998,0,0.0
0900220012200312125606085HJ_1297334100_483064800_jpg.rf.669fb7fafffef8b9ed95a4bbd71e780d.jpg,8,0,0.0,1,0.002470722165162442,1,0.00156950570752997,0,0.0,0,0.0,0,0.0,0,0.0
09002200122003121256144927C_1296500100_482578100_jpg.rf.0c58dfa55a852bbd369ead73561be7eb.jpg,6,0,0.0,0,0.0,2,0.028928621597997337,0,0.0,0,0.0,0,0.0,0,0.0
0900220012200312125621709HJ_1297369700_483064000_jpg.rf.bcc517f640fa3b3e90f9149f9e9056dc.jpg,4,0,0.0,1,0.01811337709757936,0,0.0,0,0.0,0,0.0,0,0.0,0,0.0
09002200122003121256387707C_1296551000_482577700_jpg.rf.0776c064ef12f013fbc0c36385c5e3dc.jpg,7,0,0.0,0,0.0,1,0.004141786900872841,0,0.0,0,0.0,0,0.0,0,0.0
0900220012200312125655641HJ_1297446300_483061900_jpg.rf.238806ad2b7513a8a17892445aafecc4.jpg,6,0,0.0,0,0.0,0,0.0,0,0.0,0,0.0,2,0.023533528976204237,0,0.0
0900220012200312133406782HJ_1297386100_483079300_jpg.rf.8b732ed7750ad6a9f5a736e83d346b1e.jpg,4,0,0.0,0,0.0,0,0.0,0,0.0,1,0.02170848173553168,0,0.0,0,0.0
0900220012200312150309223HJ_1294673300_482935500_jpg.rf.aaf08b2554aea1e39e9ed9cae7dfab8f.jpg,3,0,0.0,1,0.005012440507653086,0,0.0,0,0.0,1,0.0463773650547887,0,0.0,0,0.0
0900220012200312150310270HJ_1294671700_482935500_jpg.rf.e2301cb9e5696f0753aed543e847570d.jpg,7,0,0.0,1,0.002553467873149202,0,0.0,0,0.0,0,0.0,0,0.0,0,0.0
0900220012200312150322039HJ_1294655200_482935600_jpg.rf.817c24c18c4f65e30581f61eca06970d.jpg,5,0,0.0,1,0.012949077810180832,0,0.0,0,0.0,0,0.0,0,0.0,0,0.0
0900220012200312150323686HJ_1294653000_482935600_jpg.rf.6a0019cd7660bfd0015776cd78064404.jpg,6,0,0.0,1,0.009551410703861634,0,0.0,0,0.0,1,0.008093963415130929,0,0.0,1,0.0004248832058510743
0900220012200312151121954HJ_1294669800_482930800_jpg.rf.132577792caa28180b5d0fda1b3f560a.jpg,7,0,0.0,4,0.007176030487848949,0,0.0,0,0.0,3,0.021867073354468972,0,0.0,1,0.0016619657023511536
0900220012200312162407001HJ_1296340800_482948300_jpg.rf.83be11253a010bcde2772b6ae33a47b7.jpg,7,0,0.0,2,0.019204945144431353,0,0.0,0,0.0,0,0.0,0,0.0,2,0.0014352687671089284
0900220012200312162611752HJ_1296239000_482950100_jpg.rf.dfb20bb3336dec57e6afb19118a0ad6a.jpg,6,0,0.0,0,0.0,0,0.0,0,0.0,1,0.006571777206081606,0,0.0,0,0.0
0900220012200312165547013HJ_1297452300_483057000_jpg.rf.74a7cefcef36e6f524d7b28cd40808d6.jpg,5,0,0.0,0,0.0,0,0.0,0,0.0,1,0.014041399227608053,0,0.0,0,0.0
0900220012200312165835440HJ_1297469700_483065900_jpg.rf.c2155f0d7391064e695932115e95e2e6.jpg,4,0,0.0,1,0.019353216507143996,0,0.0,0,0.0,1,0.027139997323365604,0,0.0,0,0.0
0900220012200312170317506HJ_1297516800_483063600_jpg.rf.afbaac4fa84b488686cce444dc5ecce5.jpg,5,0,0.0,1,0.010548749451145346,0,0.0,0,0.0,0,0.0,0,0.0,0,0.0
0900220012200312170618306HJ_1297367100_483069100_jpg.rf.99f298348ed644cc7e900e3b3bff9bc1.jpg,5,2,0.018971329036739905,0,0.0,0,0.0,0,0.0,0,0.0,0,0.0,0,0.0
0900220012200313090705887HG_1297898000_482366000_jpg.rf.c1a126d938f0ef5fa3b2b2fac7885343.jpg,5,0,0.0,1,0.02092734813943025,0,0.0,0,0.0,1,0.020400823342024522,0,0.0,1,0.00033304659955319613
0900220012200313091848743HG_1297248300_482367200_jpg.rf.d5b9d01ab2f770a917a3df6b007b244a.jpg,3,0,0.0,1,0.026018787690918543,0,0.0,0,0.0,0,0.0,0,0.0,0,0.0
0900220012200313092047044HG_1297081100_482368600_jpg.rf.fdaaea8bff7d1129fde18ed8f3ef956b.jpg,2,0,0.0,0,0.0,0,0.0,0,0.0,1,0.04373304231941347,0,0.0,0,0.0
0900220012200313092104932HG_1297063100_482368400_jpg.rf.89868af74448899a830761bc4cc670b9.jpg,6,0,0.0,0,0.0,0,0.0,0,0.0,1,0.00683621498951652,0,0.0,0,0.0
0900220012200313092527982HG_1296868600_482365600_jpg.rf.6fbb6fe45b9a046b1aa0dce176988ca9.jpg,9,0,0.0,0,0.0,1,0.0012666782484848235,0,0.0,0,0.0,0,0.0,0,0.0
0900220012200313093800958HG_1296833600_482364400_jpg.rf.9915141704197f69340561a3bce65433.jpg,5,0,0.0,0,0.0,2,0.04121584710085699,0,0.0,0,0.0,0,0.0,0,0.0
0900220012200313093805992HG_1296826200_482364200_jpg.rf.2f2cdd150e8f0de25c402e2aed2918f1.jpg,6,0,0.0,0,0.0,3,0.045820752044992336,0,0.0,0,0.0,1,0.0041240028318861735,0,0.0
0900220012200313093813393HG_1296814400_482364000_jpg.rf.603d71209282dca8469515ff6bc34ea2.jpg,3,0,0.0,0,0.0,2,0.07311172235338975,0,0.0,0,0.0,0,0.0,0,0.0
0900220012200313093828445HG_1296784400_482363400_jpg.rf.da98c529be668a5447e614af038ec45b.jpg,6,0,0.0,0,0.0,2,0.022954044548423563,0,0.0,0,0.0,0,0.0,0,0.0
0900220012200313093832878HG_1296774500_482363200_jpg.rf.675c5c72d773c424c76921c0c71407e9.jpg,6,0,0.0,0,0.0,5,0.03189678625834861,0,0.0,0,0.0,2,0.05493227491806694,0,0.0
0900220012200313093849539HG_1296740300_482362700_jpg.rf.6dc151a03dd6d23cb2581f80e3ba03bc.jpg,6,0,0.0,0,0.0,2,0.01985844837226068,0,0.0,0,0.0,1,0.025020817557665397,2,0.0015790428822407415
0900220012200313093851111HG_1296737100_482362600_jpg.rf.628621eafd29326eee77dd1026dd0c19.jpg,8,0,0.0,0,0.0,1,0.003043468614450827,0,0.0,0,0.0,0,0.0,0,0.0
0900220012200313093853085HG_1296733000_482362500_jpg.rf.b4a0609265441215d570491bff89f54c.jpg,5,0,0.0,1,0.022516605965683986,1,0.021648720209486782,0,0.0,0,0.0,0,0.0,1,0.0007486430298649793
0900220012200313093855094HG_1296729200_482362400_jpg.rf.7d25b7812219e062197c73df3cb28748.jpg,6,0,0.0,0,0.0,2,0.03376808300454284,0,0.0,0,0.0,0,0.0,1,0.0019414996509220827
0900220012200313094356417HG_1296675600_482362300_jpg.rf.49c3977e8b27c85acc43c5b8cd5b4f27.jpg,6,0,0.0,0,0.0,2,0.020251627049924538,0,0.0,0,0.0,0,0.0,0,0.0
0900220012200313094357448HG_1296673600_482362300_jpg.rf.f95dcf668a54404aae55b2a95b499ffa.jpg,8,0,0.0,0,0.0,0,0.0,0,0.0,0,0.0,1,0.0054088906849847265,1,0.0008309493642809684
0900220012200313094520268HG_1296607600_482362600_jpg.rf.fb3c82e9410533d99c7df90dd122bf2d.jpg,4,0,0.0,0,0.0,1,0.0544269672094379,0,0.0,0,0.0,0,0.0,1,0.0005288106180887553
0900220012200313103120915HG_1295020700_482314200_jpg.rf.bd18ea9ce57e6f6f2f6c50d3b011169e.jpg,5,0,0.0,0,0.0,1,0.010290455791582644,0,0.0,0,0.0,3,0.0680420703368145,0,0.0
0900220012200313103138520HG_1294990500_482311300_jpg.rf.3f58d70b2756b80d0a66a4d7521b69a0.jpg,7,0,0.0,0,0.0,4,0.026224143982490192,0,0.0,0,0.0,2,0.009256997026723184,0,0.0
0900220012200313103140618HG_1294987300_482310600_jpg.rf.9851908851d90a4f0a176e0f2e69f3a3.jpg,7,0,0.0,0,0.0,2,0.008398651227498704,0,0.0,0,0.0,0,0.0,0,0.0
0900220012200313103142745HG_1294984100_482309800_jpg.rf.c3cb22ccb1ab1fd19a138213ba2f5508.jpg,7,0,0.0,0,0.0,2,0.007927700247219036,0,0.0,0,0.0,0,0.0,0,0.0
0900220012200313103144423HG_1294982000_482309200_jpg.rf.24ddff5d84d1a5db6ff4317bc4a10e91.jpg,8,0,0.0,0,0.0,2,0.005318766783029787,0,0.0,0,0.0,2,0.004298195185440362,0,0.0
0900220012200313103312325HG_1294970100_482305300_jpg.rf.1c7bf9f37de7302d714b4d95639afd99.jpg,6,0,0.0,0,0.0,1,0.017297444219548198,0,0.0,0,0.0,2,0.014737497723681372,0,0.0
0900220012200313103322990HG_1294960000_482301200_jpg.rf.d29ebfe218fce8b9cda882afabc34f4e.jpg,6,0,0.0,0,0.0,1,0.02170999155137452,0,0.0,0,0.0,2,0.006743929287222272,0,0.0
0900220012200313103331135HG_1294946900_482294200_jpg.rf.c3151a69549ad01610a0f679a4ff5cae.jpg,5,0,0.0,0,0.0,1,0.00303653006324339,0,0.0,0,0.0,1,0.03443892972331924,0,0.0
0900220012200313103333048HG_1294943500_482292200_jpg.rf.a2dffb11486b8b98f6d1cfcac8797a4b.jpg,5,0,0.0,0,0.0,3,0.037639584473249665,0,0.0,0,0.0,4,0.07361198725277979,0,0.0
0900220012200313103337134HG_1294935500_482287700_jpg.rf.6ebb0b7e2280fbcd473c3df5a5a0acfb.jpg,4,0,0.0,0,0.0,0,0.0,0,0.0,0,0.0,2,0.05243278036916309,0,0.0
0900220012200313103338166HG_1294933500_482286600_jpg.rf.1d54c65d03dfdb0ddfa0b63ecb47dc2c.jpg,6,0,0.0,0,0.0,2,0.023415909581008226,0,0.0,0,0.0,2,0.01739235095300731,0,0.0
0900220012200313103354808HG_1294902700_482271800_jpg.rf.bec71c2af4f41a031ac5cdcb84a5d069.jpg,5,0,0.0,0,0.0,3,0.02575587694347405,0,0.0,0,0.0,2,0.05688161385532561,0,0.0
0900220012200313103356798HG_1294898500_482269400_jpg.rf.090d4ec021d338c34f61b7a849623523.jpg,7,0,0.0,0,0.0,2,0.03458554856668798,0,0.0,0,0.0,2,0.0018157595983211649,1,0.0005214238006101317
0900220012200313103405383HG_1294880200_482259200_jpg.rf.3b03933ae46090dffc88c51c411be85c.jpg,6,0,0.0,0,0.0,1,0.01402764916486374,0,0.0,0,0.0,1,0.00494602079917968,0,0.0
0900220012200313140906420HG_1296153100_482377100_jpg.rf.039dae31d9d92dc7c3f4c409669318f1.jpg,2,0,0.0,1,0.04972028983559085,0,0.0,0,0.0,0,0.0,0,0.0,0,0.0
0900220012200313140958013HG_1296191600_482369200_jpg.rf.73b780712357cca3887421d60662cc22.jpg,5,0,0.0,1,0.014200641207730775,0,0.0,0,0.0,0,0.0,0,0.0,0,0.0
0900220012200313141100396HG_1296285000_482368500_jpg.rf.806e9f5d76af338ce6d5c1d56b531c10.jpg,6,0,0.0,1,0.00747303956843553,0,0.0,0,0.0,0,0.0,0,0.0,0,0.0
0900220012200313141102412HG_1296287700_482368400_jpg.rf.da458209f378d679d5d6eed0015054f2.jpg,6,0,0.0,0,0.0,2,0.01669561421376784,0,0.0,0,0.0,0,0.0,0,0.0
0900220012200313141159729HG_1296379300_482365400_jpg.rf.02c21926ca8c146b55b3eae06a764864.jpg,6,0,0.0,1,0.01721297564203269,0,0.0,0,0.0,1,0.0018974861393053289,0,0.0,0,0.0
0900220012200313141243804HG_1296442800_482363500_jpg.rf.4433495b807b7b70ba191b636825ba17.jpg,7,0,0.0,1,0.00273362983169136,0,0.0,0,0.0,0,0.0,0,0.0,0,0.0
0900220012200313142223268HG_1296643600_482360600_jpg.rf.10fc1e221956f3dfc7a6e0627f76ef51.jpg,4,0,0.0,1,0.023216837796508117,0,0.0,0,0.0,0,0.0,0,0.0,0,0.0
0900220012200313143058698HG_1296749800_482360900_jpg.rf.36b95efd10315146fd18a15533e89992.jpg,5,0,0.0,1,0.012073223056559073,0,0.0,0,0.0,0,0.0,0,0.0,0,0.0
0900220012200313143102790HG_1296758300_482361000_jpg.rf.6d698f076ee5f923f740421f2d25e8fc.jpg,5,0,0.0,2,0.027762360118640573,0,0.0,0,0.0,0,0.0,0,0.0,0,0.0
0900220012200313143104775HG_1296762800_482361100_jpg.rf.10c784eafa00b32de33bf5a4d42d234a.jpg,6,0,0.0,1,0.017239793277794895,0,0.0,0,0.0,0,0.0,0,0.0,1,0.00044271403621678476
0900220012200313143326469HJ_1298255500_482583600_jpg.rf.bc3bab9be4cd57fb6aae391254c716b5.jpg,5,1,0.014239590137221966,0,0.0,0,0.0,0,0.0,0,0.0,0,0.0,1,0.0008792089977760042
0900220012200313143334110HJ_1298241200_482580300_jpg.rf.bdeaadc817bddfd85f11b3a558a8ca4a.jpg,2,1,0.05483637162280506,0,0.0,0,0.0,0,0.0,0,0.0,0,0.0,1,0.0007336171096540056
0900220012200313143355609HJ_1298202900_482576800_jpg.rf.6293a5e3ac6fb2913462d9ee51bb3324.jpg,3,0,0.0,1,0.028441461842689933,0,0.0,0,0.0,0,0.0,0,0.0,0,0.0
0900220012200313143909066HG_1296994100_482363900_jpg.rf.876c9528ca041336de1ace60864ef628.jpg,5,0,0.0,1,0.015903687455647735,0,0.0,0,0.0,0,0.0,0,0.0,0,0.0
0900220012200313144011770HG_1297103900_482365200_jpg.rf.cafca1cfc781128816b213eb2ff8a1e1.jpg,2,0,0.0,1,0.03646325978475943,0,0.0,0,0.0,0,0.0,0,0.0,0,0.0
0900220012200313144017786HG_1297116600_482365000_jpg.rf.ec72e741a07365ca0081c492a4ab114f.jpg,2,0,0.0,1,0.0356257694492524,0,0.0,0,0.0,0,0.0,0,0.0,0,0.0
0900220012200313144632386HG_1297263600_482363400_jpg.rf.bd01a7f44bc0777488dea0e9220dc18f.jpg,5,0,0.0,2,0.027174850833826,0,0.0,0,0.0,0,0.0,0,0.0,0,0.0
0900220012200313144634402HG_1297266600_482363300_jpg.rf.462493b41a3142190d455350643354fe.jpg,5,0,0.0,1,0.016663320873485644,0,0.0,0,0.0,0,0.0,0,0.0,0,0.0
0900220012200313144815994HG_1297440500_482357800_jpg.rf.c137257c4069c53d4b07a23a87ad3589.jpg,6,0,0.0,0,0.0,1,0.006655458002987871,0,0.0,0,0.0,1,0.022368856593220698,0,0.0
0900220012200313145030890HG_1297565800_482374800_jpg.rf.eadeaf65dd323ededca3388cd174b6b2.jpg,4,0,0.0,1,0.01847280840898749,0,0.0,0,0.0,0,0.0,0,0.0,0,0.0
09002200122003141051446397C_1296736800_482581500_jpg.rf.96797a7b4ad19e02fdb97f4602e92a36.jpg,3,0,0.0,1,0.031115548145680804,0,0.0,0,0.0,0,0.0,0,0.0,0,0.0
09002200122003141055496447C_1296539500_482581900_jpg.rf.18db867f55a39b3098901bab3fb3de6c.jpg,7,0,0.0,1,0.0025996852601110764,0,0.0,0,0.0,0,0.0,0,0.0,0,0.0
09002200122003141100005497C_1296369900_482583600_jpg.rf.6ff13c6a794529367981678410902bae.jpg,7,0,0.0,0,0.0,0,0.0,0,0.0,0,0.0,1,0.003934873834905375,0,0.0
09002200122003141100169937C_1296348400_482584100_jpg.rf.dfac3e05fb0e3e8dfd67bf34fb356787.jpg,5,0,0.0,0,0.0,1,0.04446742697507941,0,0.0,0,0.0,1,0.014749853150076432,1,0.000591147097729846
09002200122003141100188697C_1296346000_482584200_jpg.rf.ab119a46a76f1a46ab736fbb4ab80283.jpg,7,0,0.0,1,0.006148024442227324,1,0.004400844569863694,0,0.0,0,0.0,0,0.0,0,0.0
09002200122003141104355887C_1296252600_482591200_jpg.rf.391f71357ea722047bf034644677312d.jpg,8,0,0.0,0,0.0,2,0.003147122144828241,0,0.0,0,0.0,0,0.0,0,0.0
09002200122003141104376357C_1296252500_482593600_jpg.rf.3c7d1ca3bb66d7f1d52b50b4145eae0f.jpg,7,0,0.0,0,0.0,1,0.004779801134591252,0,0.0,0,0.0,1,0.005133089912168297,0,0.0
09002200122003141104451527C_1296251800_482603700_jpg.rf.eede1d645888a7e49b7e087ce7337a25.jpg,8,0,0.0,0,0.0,1,0.004403493375866674,0,0.0,0,0.0,2,0.004647602988311519,0,0.0
09002200122003141104579057C_1296245500_482620900_jpg.rf.9ed940e557d1f338362e5551a2d52cb5.jpg,9,0,0.0,0,0.0,1,0.001150683325886348,0,0.0,0,0.0,0,0.0,0,0.0
09002200122003141106413567C_1296233300_482784200_jpg.rf.7253c0f9918406d873e1a3d301bb013f.jpg,8,0,0.0,0,0.0,1,0.0032259513993722067,0,0.0,0,0.0,0,0.0,0,0.0
09002200122003141118424516G_1294886700_481463000_jpg.rf.d9aa2b937754caffd05a355b0e723700.jpg,6,0,0.0,0,0.0,0,0.0,0,0.0,1,0.020230828099514615,0,0.0,2,0.0004665345033572544
0900220012200314114504409HJ_1297886200_483381900_jpg.rf.88658500a6baf845276e9327d657621e.jpg,8,0,0.0,0,0.0,1,0.0019802822848669134,0,0.0,0,0.0,1,0.0018376499601799878,0,0.0
0900220012200314114545469HJ_1297891700_483301500_jpg.rf.196c77081c7741f90e2d96750c4836e1.jpg,5,0,0.0,2,0.01325448170689923,0,0.0,0,0.0,1,0.027670731781472568,0,0.0,0,0.0
0900220012200314114551829HJ_1297891600_483292000_jpg.rf.f9fcecb1df5e71cb2b3c2421de98f2ec.jpg,7,0,0.0,0,0.0,0,0.0,0,0.0,0,0.0,1,0.00666167505602971,0,0.0
0900220012200314114630818HJ_1297891400_483275900_jpg.rf.6bcdef6fc0fb5e45b84802d3d997ff46.jpg,3,1,0.03146905249634985,0,0.0,0,0.0,0,0.0,1,0.0025774078897666188,0,0.0,0,0.0
0900220012200314121316303HJ_1297138100_484098000_jpg.rf.68df5e415f897a8f3c3f6cec98a58857.jpg,4,0,0.0,1,0.037023431318004875,0,0.0,0,0.0,1,0.008726839667469904,0,0.0,0,0.0
0900220012200314121545178HJ_1296989100_483919400_jpg.rf.7c54619602edf73bc4e175ff95182622.jpg,1,1,0.044440621112266855,0,0.0,0,0.0,0,0.0,0,0.0,0,0.0,0,0.0
09002200122003141223145916G_1294547100_481803900_jpg.rf.b72e391906cf4a9d43a824acc289b75e.jpg,8,0,0.0,0,0.0,1,0.009491618400550123,0,0.0,0,0.0,1,0.006775752918235892,3,0.0008535815141476632
0900220012200314122710760HJ_1296634200_483398400_jpg.rf.7288062b4a941695f22f8826abd6fdf2.jpg,3,0,0.0,1,0.026373353159194722,0,0.0,0,0.0,0,0.0,0,0.0,0,0.0
0900220012200314122714792HJ_1296630400_483391600_jpg.rf.48e9cdd9e91f80df1417030e639f5257.jpg,2,0,0.0,1,0.03674362142021891,0,0.0,0,0.0,0,0.0,0,0.0,0,0.0
09002200122003141228405756G_1294527200_482026100_jpg.rf.b584acee0c845e96e420f6f2ce647d4a.jpg,6,0,0.0,0,0.0,2,0.03412782347538721,0,0.0,0,0.0,7,0.10199347194650278,1,0.00024137007629178696
0900220012200314124139288HJ_1296501500_483235500_jpg.rf.ed1b6066e3a1cd3e5c19c6d7bb1c05e8.jpg,6,0,0.0,1,0.0096803608390701,0,0.0,0,0.0,0,0.0,0,0.0,0,0.0
0900220012200314132401812HJ_1296717000_483485500_jpg.rf.cd6f72c6d3bfae0b4eb1ee725e0238b2.jpg,2,0,0.0,0,0.0,1,0.0602802038671507,0,0.0,0,0.0,0,0.0,0,0.0
0900220012200314140124915HJ_1296949800_483865100_jpg.rf.bd8f3ce94f1ff99d2f2f23cd47dabe17.jpg,1,0,0.0,0,0.0,1,0.0764446099657539,0,0.0,0,0.0,0,0.0,0,0.0
0900220012200314140610374HJ_1297156000_484118400_jpg.rf.d11ae6fd6b49bc8c767b065e42e3b8fc.jpg,6,0,0.0,0,0.0,1,0.012548938682375593,0,0.0,0,0.0,0,0.0,0,0.0
0900220012200314141800386HJ_1297655600_484106700_jpg.rf.2484e21e0662a999f17e5ae076d03c42.jpg,6,0,0.0,2,0.0147495955729255,0,0.0,0,0.0,0,0.0,0,0.0,0,0.0
0900220012200314151951258HJ_1297870500_483283300_jpg.rf.5b1b860208c3cd499e2349678b6a44d5.jpg,5,0,0.0,1,0.015023004418726497,0,0.0,0,0.0,0,0.0,0,0.0,0,0.0
0900220012200315092343916HJ_1297357600_482027800_jpg.rf.5a19e08187fc6e96becf463720d56aa0.jpg,2,1,0.05214837213694125,0,0.0,0,0.0,0,0.0,0,0.0,0,0.0,1,0.0004632416397544148
0900220012200315093512201HJ_1296763600_482234700_jpg.rf.0c2f3baa678041e904e067eee5da54f3.jpg,7,0,0.0,0,0.0,0,0.0,0,0.0,0,0.0,1,0.01371878116309631,2,0.0011744988550844936
09002200122003151030583946G_1295859000_481422100_jpg.rf.050d6c89c7db86a737750af30d314fec.jpg,5,0,0.0,2,0.057455408280525255,0,0.0,2,0.00037349044863276416,0,0.0,0,0.0,0,0.0
09002200122003151052104706G_1295855800_481600400_jpg.rf.9068c8e520575cbf1231c5e70c4e42c7.jpg,4,0,0.0,0,0.0,1,0.016841685395047514,0,0.0,0,0.0,2,0.06559931865762277,0,0.0
09002200122003151055453096G_1295850300_481748900_jpg.rf.5bf4a8ea0aa4ec8d2f3551be3d005f9a.jpg,2,0,0.0,1,0.08567383783292826,0,0.0,1,0.0006521886745031225,0,0.0,0,0.0,0,0.0
09002200122003151234502176G_1295843300_481793400_jpg.rf.37f1cc45fb849224e572692cd1bc1a16.jpg,3,0,0.0,1,0.07031381126403176,0,0.0,0,0.0,1,0.0018411455673958707,0,0.0,1,0.0015901484608184546
09002200122003151235277596G_1295845200_481745700_jpg.rf.6c44cc8fd61a478de04bdd503764d6ec.jpg,1,0,0.0,1,0.0521263982140681,0,0.0,0,0.0,0,0.0,0,0.0,0,0.0
09002200122003151238159456G_1295851200_481584300_jpg.rf.7eadecc0cd2c620fc7cc4a81f979ff2c.jpg,5,0,0.0,1,0.024430149678178168,0,0.0,1,0.0002872893737730899,0,0.0,0,0.0,0,0.0
0900220012200315131110778HJ_1296280400_482033500_jpg.rf.541f9a4b18563b951eba847cf1a6e607.jpg,3,0,0.0,1,0.026381543774714397,0,0.0,0,0.0,0,0.0,0,0.0,0,0.0
0900220012200315141540656HJ_1296624500_482231800_jpg.rf.2cfb787345a9ea3f62dab87df88b905b.jpg,6,0,0.0,0,0.0,0,0.0,0,0.0,0,0.0,1,0.008604589834237685,0,0.0
0900220012200315141542657HJ_1296628100_482231900_jpg.rf.dc6c5f10b4913d8bf668c3c46efffe4e.jpg,8,0,0.0,0,0.0,0,0.0,0,0.0,0,0.0,2,0.004982459703951465,0,0.0
0900220012200315143106720HG_1296530700_482929400_jpg.rf.4760a2fc291a80600b2039d1b20b8ca4.jpg,7,0,0.0,2,0.010793392710356784,0,0.0,0,0.0,0,0.0,0,0.0,1,0.0005960901845537592
0900220012200315143700388HG_1296529300_482761000_jpg.rf.ef170bf67fef159f81f25c55e6d5307d.jpg,7,0,0.0,0,0.0,1,0.0007823432817531301,0,0.0,0,0.0,1,0.00942018938549154,0,0.0
0900220012200315144009749HG_1296531900_482644200_jpg.rf.6c46a5d70e066dd2e23f6d1fc6ed997e.jpg,2,1,0.022905879815707523,0,0.0,0,0.0,0,0.0,0,0.0,0,0.0,0,0.0
0900220012200315144724285HG_1296530200_482568700_jpg.rf.c42e3c9a773d61431272edefbe740e53.jpg,3,0,0.0,1,0.02863044385958348,0,0.0,0,0.0,0,0.0,0,0.0,0,0.0
0900220012200315144831719HJ_1296863600_482202100_jpg.rf.f8a22c06b811b96f7dc0d1eda8a9ca7d.jpg,8,0,0.0,1,0.0033098185799462954,0,0.0,0,0.0,0,0.0,0,0.0,1,0.0002888815586902677
0900220012200315145939192HJ_1297033600_482046100_jpg.rf.4c741c4539bd5a939d7df99265f364a2.jpg,2,1,0.02819338120748398,0,0.0,0,0.0,0,0.0,0,0.0,0,0.0,0,0.0
0900220012200315150229034HJ_1296980300_482047200_jpg.rf.91d0370c6f6a182ff23d9a05fa153228.jpg,1,1,0.0869001798197201,0,0.0,0,0.0,0,0.0,0,0.0,0,0.0,1,0.0013833471018369892
0900220012200315151031575HJ_1296808000_482054200_jpg.rf.2698d9ecc1565e6da3e16e9c29936edc.jpg,3,0,0.0,3,0.0787880720278861,0,0.0,0,0.0,0,0.0,0,0.0,0,0.0
0900220012200315151102432HJ_1296753200_482048000_jpg.rf.c5cc3444764dab7a803aeb1bd26b9373.jpg,5,0,0.0,0,0.0,1,0.015055969751419979,0,0.0,0,0.0,0,0.0,0,0.0
0900220012200315151229702HJ_1296735100_482047700_jpg.rf.15bac6f05638fa422cb52b8f6727342e.jpg,6,0,0.0,1,0.00879405400031829,0,0.0,0,0.0,0,0.0,0,0.0,0,0.0
0900220012200315151756096HJ_1296580500_482044300_jpg.rf.e7bc28d849ee0b044c3ef28790b9d9d2.jpg,2,0,0.0,0,0.0,1,0.05985544412529406,0,0.0,0,0.0,0,0.0,0,0.0
0900220012200315153506682HJ_1296379000_482049000_jpg.rf.88a0aa6b1a932e8391500e6b4a22d82b.jpg,9,0,0.0,0,0.0,0,0.0,1,0.0005065449814537682,0,0.0,0,0.0,2,0.0005837080000765126
0900220012200315154038595HJ_1296568800_482042800_jpg.rf.c0bf6ce2b627879a531d9ccc2fb8668f.jpg,4,0,0.0,0,0.0,2,0.05666076395920756,0,0.0,0,0.0,0,0.0,0,0.0
0900220012200315155153094HG_1294956300_481799000_jpg.rf.f84d7a90ea4f2138e028a2c9a234a20a.jpg,5,0,0.0,1,0.02815281548081201,0,0.0,1,0.00020143045345321297,0,0.0,0,0.0,0,0.0
0900220012200315161102974HJ_1296858500_482027100_jpg.rf.d9a9f997f174722a5cb590ac27192fb8.jpg,5,0,0.0,1,0.007084604103733894,0,0.0,0,0.0,0,0.0,1,0.029341111800749786,0,0.0
0900220012200315161115569HJ_1296878900_482039200_jpg.rf.f0bed3fd457b26515f34b75e20271f35.jpg,7,0,0.0,0,0.0,0,0.0,0,0.0,0,0.0,1,0.012843312956447283,1,0.0006287078764216858
0900220012200315161248955HJ_1297046900_482039300_jpg.rf.40a132779461f9259de010d9234662ee.jpg,7,0,0.0,0,0.0,0,0.0,0,0.0,0,0.0,1,0.00456329307001397,0,0.0
0900220012200315162229668HJ_1297334900_482030300_jpg.rf.1086824572da9153931c3649c24896aa.jpg,1,1,0.058528274538182365,0,0.0,0,0.0,0,0.0,0,0.0,0,0.0,0,0.0
0900220012200315162234678HJ_1297341200_482029800_jpg.rf.c753975d6603d85a4cbeac2fdaa9ce6f.jpg,1,1,0.042227660425323846,0,0.0,0,0.0,0,0.0,0,0.0,0,0.0,0,0.0
0900220012200315163338254HJ_1297547300_482006700_jpg.rf.d1a00d9a06336617f9d6c7d20eec8555.jpg,6,0,0.0,0,0.0,0,0.0,0,0.0,0,0.0,1,0.011034308994258028,0,0.0
0900220012200315163402950HJ_1297590100_482004600_jpg.rf.f8158bf827e598a91a6c1e28aafb9b7d.jpg,5,0,0.0,0,0.0,1,0.018247862468342646,0,0.0,0,0.0,0,0.0,0,0.0
0900220012200315163458665HJ_1297664900_481998200_jpg.rf.be2d7f62c288cbaa0d4a90a7ee969f84.jpg,3,0,0.0,1,0.05435128500446353,1,0.014181119089130334,0,0.0,0,0.0,0,0.0,0,0.0
0900220012200316084328121HJ_1297958100_481706700_jpg.rf.46c2bcdd766419cf12f20d9f2e1342a2.jpg,2,2,0.049900847245089607,0,0.0,0,0.0,0,0.0,0,0.0,0,0.0,0,0.0
0900220012200316084337122HJ_1297943500_481704400_jpg.rf.7a0f32b22e56dcc4125e3acde09ce953.jpg,2,2,0.04152040953821825,0,0.0,0,0.0,0,0.0,0,0.0,0,0.0,0,0.0
0900220012200316084448852HJ_1297815000_481685000_jpg.rf.c95a6139d6a21ceb3f6a9207a2538621.jpg,7,0,0.0,1,0.003034371427129386,0,0.0,0,0.0,0,0.0,0,0.0,0,0.0
0900220012200316084558097HJ_1297727200_481673800_jpg.rf.a77e26542f7e12fb865d51fd15fd3200.jpg,5,1,0.016419762523469217,2,0.02054199532274197,0,0.0,0,0.0,0,0.0,0,0.0,0,0.0
0900220012200316084602980HJ_1297720800_481673600_jpg.rf.ff00b327b019fcaba62ff07726faf609.jpg,1,1,0.11251505519700002,1,0.010516938618184212,0,0.0,0,0.0,0,0.0,0,0.0,0,0.0
0900220012200316085606445HJ_1297370200_481734300_jpg.rf.8ff1e42ff45ee607cfd10b19c404fbb0.jpg,8,0,0.0,0,0.0,0,0.0,1,0.001185866358118802,0,0.0,0,0.0,0,0.0
0900220012200316090003917HJ_1297174900_481863600_jpg.rf.71f608e9617058074765f13a6983377f.jpg,7,1,0.006393126463299268,0,0.0,0,0.0,2,0.005845854278568367,1,0.004499572096250404,0,0.0,1,0.0003338800779692974
0900220012200316090839854HJ_1297419200_481697300_jpg.rf.81d8061e9678416c682d894588f0402b.jpg,1,0,0.0,1,0.08043612723755585,0,0.0,0,0.0,0,0.0,0,0.0,0,0.0
0900220012200316090851636HJ_1297434300_481687200_jpg.rf.34ad6fb2534112e03cb5f7b805f3581f.jpg,1,0,0.0,1,0.09963638257297816,0,0.0,0,0.0,0,0.0,0,0.0,0,0.0
0900220012200316090928467HJ_1297454100_481674200_jpg.rf.4564c3e01758b2002d6e2fc78ab50af0.jpg,8,0,0.0,0,0.0,0,0.0,0,0.0,1,0.004298310620017655,0,0.0,1,0.000768048780355457
0900220012200316101207209HJ_1294210800_482446800_jpg.rf.8c3204a041fb4a7d6dfd0494ff2f004f.jpg,6,0,0.0,0,0.0,0,0.0,0,0.0,1,0.01095449162326986,1,0.006979565639303473,0,0.0
0900220012200316101411822HJ_1294210500_482533400_jpg.rf.5e6bb7868dc993373aa6525b3e190834.jpg,7,0,0.0,0,0.0,0,0.0,0,0.0,0,0.0,1,0.0036076598501153974,0,0.0
09002200122003161026447776G_1296088900_481574000_jpg.rf.0972e7465c273aec39c0a5151c623d3b.jpg,1,1,0.2002722803889867,1,0.013154199283378602,0,0.0,0,0.0,0,0.0,0,0.0,2,0.002691879265466923
09002200122003161033030176G_1296090900_481866000_jpg.rf.53e7df3deb1329693977386542fe7684.jpg,3,0,0.0,0,0.0,0,0.0,0,0.0,1,0.04108412100930991,2,0.04989802144080442,0,0.0
0900220012200316104615519HJ_1294152200_483015700_jpg.rf.6066f04931bb7037d9ba84110abccf39.jpg,3,0,0.0,0,0.0,0,0.0,0,0.0,1,0.02735599394698511,0,0.0,0,0.0
0900220012200316104656952HJ_1294137800_483062700_jpg.rf.95aa0c167d4eb8a7cc8ad11277b9fdc4.jpg,2,1,0.03946813486875726,1,0.02905643467554909,0,0.0,0,0.0,0,0.0,0,0.0,0,0.0
0900220012200316105046481HJ_1294146800_483267100_jpg.rf.2f898922d75258481d5b0554e1b5d08b.jpg,5,0,0.0,0,0.0,0,0.0,0,0.0,1,0.011569033834348375,0,0.0,0,0.0
0900220012200316105228994HJ_1294110100_483361500_jpg.rf.0db312ff0c6c0cdf5082f18e1485e110.jpg,6,0,0.0,1,0.015605290604144102,0,0.0,0,0.0,1,0.00298051047453555,0,0.0,0,0.0
0900220012200316105235116HJ_1294107200_483371000_jpg.rf.2058e106452763443735fc5e5c4f574f.jpg,7,0,0.0,3,0.007978804548911285,0,0.0,0,0.0,2,0.013805801188168515,0,0.0,0,0.0
0900220012200316105304192HJ_1294095000_483407800_jpg.rf.61cacbdb4f7729377bc30a10bc469c22.jpg,5,0,0.0,1,0.010544842417721157,0,0.0,0,0.0,0,0.0,0,0.0,0,0.0
0900220012200316105431261HJ_1294082200_483459200_jpg.rf.717b17114383ce756affe80c48035e30.jpg,7,0,0.0,1,0.010550854892371717,0,0.0,0,0.0,1,0.0038905480517132675,0,0.0,1,0.0002934090356575325
0900220012200316105435482HJ_1294079600_483464000_jpg.rf.76a5f2829ea617240eedd6b895a6698a.jpg,6,0,0.0,1,0.013136977452122674,0,0.0,0,0.0,0,0.0,0,0.0,1,0.00039019130118504106
0900220012200316105441775HJ_1294075000_483471700_jpg.rf.44aab56c681fe350837d7ccc1f17b5ab.jpg,5,0,0.0,2,0.03036820874732257,0,0.0,0,0.0,0,0.0,0,0.0,0,0.0
09002200122003161059428836G_1296084100_481963900_jpg.rf.e2812e7786524b60b53a583e2de40dbf.jpg,4,0,0.0,1,0.05085620903394556,0,0.0,0,0.0,0,0.0,0,0.0,2,0.003886772531936921
09002200122003161102383866G_1296089300_481830400_jpg.rf.84b0dfe0e97180dc1beabfc0b549658b.jpg,1,0,0.0,0,0.0,0,0.0,0,0.0,1,0.12737282767033775,0,0.0,0,0.0
0900220012200316110721561HJ_1294058000_483517900_jpg.rf.e2c32ae0d1d9f7d068c4414056303612.jpg,5,0,0.0,2,0.04497173837733158,2,0.054279422064382736,0,0.0,0,0.0,0,0.0,1,0.0006095695101976162
0900220012200316112543884HJ_1294138900_483110700_jpg.rf.9a206a307bcd577aa3788080d64aa648.jpg,6,0,0.0,0,0.0,2,0.005570493109908066,0,0.0,1,0.01494619168486679,1,0.01219638150825631,0,0.0
0900220012200316112612725HJ_1294134200_483080700_jpg.rf.9b315f563ef8abff57a7e25d92478132.jpg,5,0,0.0,0,0.0,0,0.0,0,0.0,1,0.016525598786611227,0,0.0,0,0.0
0900220012200316112732361HJ_1294132300_483033000_jpg.rf.f9c26c03759300252fd5b750e14a1ecd.jpg,6,0,0.0,1,0.011087877196223428,0,0.0,0,0.0,1,0.007628756809544915,0,0.0,0,0.0
0900220012200316112753213HJ_1294149700_483010300_jpg.rf.ad61a5cbc54d4e6b356b39852c610248.jpg,5,0,0.0,0,0.0,0,0.0,0,0.0,2,0.03942936112639478,0,0.0,1,0.0003611573565649451
0900220012200316112756688HJ_1294153300_483006900_jpg.rf.a303c6b13da2d028ee528e625f10813e.jpg,7,0,0.0,2,0.01181815465519322,0,0.0,1,0.00020824719295887918,1,0.0016388891809583765,0,0.0,0,0.0
0900220012200316112822819HJ_1294182400_482978700_jpg.rf.d6eb74815af7b33631599ef64a28e111.jpg,6,0,0.0,0,0.0,0,0.0,0,0.0,3,0.01773881823590385,0,0.0,0,0.0
0900220012200316112826820HJ_1294187000_482974400_jpg.rf.25377b0b72213d2995b0503cbae70e59.jpg,2,0,0.0,2,0.12400486773045259,0,0.0,0,0.0,0,0.0,0,0.0,1,0.000856687543064254
0900220012200316112849027HJ_1294204600_482946900_jpg.rf.37257d61e1721dfbe48c19275f3526f7.jpg,7,0,0.0,0,0.0,0,0.0,0,0.0,3,0.014684093616519952,0,0.0,2,0.0033072662626068452
0900220012200316112849996HJ_1294204600_482945300_jpg.rf.08a91e2314ce55495f803cd19597241d.jpg,5,0,0.0,1,0.026684037517634363,0,0.0,0,0.0,1,0.009468555385801665,0,0.0,1,0.001362035055724391
0900220012200316112852059HJ_1294204700_482941700_jpg.rf.b643caff2d3b9013b9d559323678ad96.jpg,6,0,0.0,0,0.0,0,0.0,0,0.0,2,0.022631399197466633,0,0.0,1,0.0017334910920544643
0900220012200316133549362HJ_1293800300_481973400_jpg.rf.d09d0b7b8607975098fda30109e489b9.jpg,2,0,0.0,0,0.0,0,0.0,0,0.0,1,0.033495589921451484,0,0.0,0,0.0
0900220012200316141709171HJ_1294209200_482429600_jpg.rf.6eddf8ad5586e0c59839e88e07d2ba7b.jpg,7,0,0.0,0,0.0,1,0.001625942492592003,0,0.0,0,0.0,1,0.010129314362802688,1,0.0007357778277764737
0900220012200316141710218HJ_1294209200_482431500_jpg.rf.ea6f87d691fdc45a6400db5768092461.jpg,9,0,0.0,0,0.0,1,0.0025852198998109087,0,0.0,0,0.0,2,0.004305759959988791,2,0.0020213919023353843
0900220012200316141714972HJ_1294209200_482440300_jpg.rf.b7fbe5b7ce341bec1dd43e5be9c10e01.jpg,4,0,0.0,0,0.0,1,0.07788622484931693,0,0.0,0,0.0,2,0.05307760131401665,1,0.0005158718646816811
0900220012200316141806593HJ_1294208700_482476000_jpg.rf.b3a33ffc036c1c91ace6b74d3deea75f.jpg,6,0,0.0,0,0.0,5,0.07478635538052915,0,0.0,0,0.0,0,0.0,1,0.000707439849156799
0900220012200316141814737HJ_1294208600_482488900_jpg.rf.195eba5a1d0797e481af803c5edb4120.jpg,6,0,0.0,0,0.0,4,0.051882508836765734,0,0.0,0,0.0,3,0.022076034942551805,0,0.0
0900220012200316142303384HJ_1294209100_482538100_jpg.rf.412d6713ab657f646ea38f8adacb1918.jpg,6,0,0.0,0,0.0,2,0.013244623201389923,0,0.0,0,0.0,2,0.017372721950487176,0,0.0
0900220012200316142316724HJ_1294208100_482557900_jpg.rf.1ed277a7886c003dba9b4105eb19a071.jpg,7,0,0.0,0,0.0,4,0.02623838740092651,0,0.0,0,0.0,0,0.0,1,0.0002913057862315327
0900220012200316143255346HJ_1294208400_482672300_jpg.rf.955294dfac7925be37e16846a0c257d2.jpg,4,0,0.0,1,0.03934094554992953,1,0.04033052528586266,0,0.0,0,0.0,1,0.02204419043011285,1,0.0017377271725536037
0900220012200316143303621HJ_1294208400_482685700_jpg.rf.689ba0db41fefe8c67fd4bb968edd2b8.jpg,8,0,0.0,0,0.0,0,0.0,0,0.0,0,0.0,1,0.008275052433746169,2,0.0016946467589878003
0900220012200316143456355HJ_1294208900_482736200_jpg.rf.0f05f62d9ea120176380bfc6a2a25ee0.jpg,8,0,0.0,0,0.0,0,0.0,1,0.0002123419489726075,0,0.0,1,0.0036566673575725885,0,0.0
0900220012200316143459378HJ_1294208900_482741200_jpg.rf.ef8dfc0ee08643561befaacdb33561b1.jpg,6,0,0.0,0,0.0,1,0.008864241725746064,0,0.0,0,0.0,0,0.0,0,0.0
0900220012200316143500378HJ_1294208900_482742800_jpg.rf.19bce9fce5f28dd4edfc7fc9507754d1.jpg,5,0,0.0,0,0.0,0,0.0,0,0.0,0,0.0,1,0.02469279893585281,0,0.0
0900220012200316143501378HJ_1294208900_482744500_jpg.rf.cb94f8102757eaddb2ece4b99bff5f03.jpg,3,0,0.0,0,0.0,0,0.0,0,0.0,0,0.0,3,0.12881083525590384,0,0.0
0900220012200316143506472HJ_1294208800_482752500_jpg.rf.d072807058b71330fdcfbfbce80ef1c0.jpg,4,0,0.0,0,0.0,1,0.00025988273111579477,0,0.0,0,0.0,1,0.06443641257560558,0,0.0
0900220012200316143846912HJ_1294208000_482819000_jpg.rf.84f6c501be4faf7e574db8b2bbc4d6d4.jpg,7,0,0.0,0,0.0,0,0.0,0,0.0,0,0.0,1,0.00810899618954865,1,0.00023628871434993925
0900220012200316144600346HJ_1294208600_482948100_jpg.rf.73b2cf2b5e659ea12b5b4d5d44350e07.jpg,6,0,0.0,0,0.0,5,0.04201324516773184,0,0.0,0,0.0,2,0.018145252505719356,0,0.0
0900220012200316144609589HJ_1294203400_482963800_jpg.rf.b1686452c4c3469f8cfc868b5a90f498.jpg,5,0,0.0,0,0.0,3,0.08888462685783678,0,0.0,0,0.0,0,0.0,1,0.0009600456464249874
0900220012200316144612386HJ_1294200100_482967700_jpg.rf.b077ce5db8ba34cb7f5a0858f531c313.jpg,4,0,0.0,0,0.0,2,0.06874492586144697,0,0.0,0,0.0,0,0.0,0,0.0
0900220012200316144646613HJ_1294154300_483011600_jpg.rf.24900ec7234522333ae4c4293687be03.jpg,5,0,0.0,0,0.0,2,0.0020447233646791576,0,0.0,0,0.0,1,0.05249432010613418,0,0.0
0900220012200316144811523HJ_1294137300_483070300_jpg.rf.4021e3c285756e6f3d2cb0d41a885737.jpg,6,0,0.0,0,0.0,3,0.03474520061201474,0,0.0,0,0.0,0,0.0,1,0.00014977029535657494
0900220012200316144817864HJ_1294138400_483078400_jpg.rf.0f05130644ef784677c55ea6dcda1109.jpg,6,0,0.0,1,0.0014973197548079004,2,0.01787859362142626,0,0.0,0,0.0,1,0.023536859890214177,1,0.001461744906682731
0900220012200316144826478HJ_1294139300_483086500_jpg.rf.8ddd1416c43f6f565be706c6c28a846f.jpg,6,0,0.0,1,0.004079418321416604,5,0.06355122781186766,0,0.0,0,0.0,1,0.02313339273743168,0,0.0
0900220012200316145543105HJ_1294147500_483145300_jpg.rf.1457116407eb7eb59064a616f1e75767.jpg,6,0,0.0,3,0.020809224994997065,0,0.0,0,0.0,0,0.0,0,0.0,1,0.0007162749057818018
0900220012200316145644059HJ_1294135200_483075600_jpg.rf.9e23b9b066b643433ba90eb963b84fd6.jpg,8,0,0.0,0,0.0,1,0.0031060683728264815,1,6.463449899456507e-05,0,0.0,0,0.0,0,0.0
0900220012200316145655516HJ_1294133300_483056100_jpg.rf.b516a44ddcc57c6c8d7a3f17f5737b47.jpg,8,0,0.0,0,0.0,3,0.007615015766818947,0,0.0,0,0.0,0,0.0,0,0.0
0900220012200316145801063HJ_1294183500_482980000_jpg.rf.a8614faee123db168ba3aacd60960e05.jpg,6,0,0.0,2,0.013960215583556418,0,0.0,0,0.0,0,0.0,1,0.036818362196718225,2,0.0028639828131417806
0900220012200316145817230HJ_1294204700_482955700_jpg.rf.4daa5fb3db556f25d3615506ca24a5b1.jpg,1,0,0.0,0,0.0,0,0.0,0,0.0,1,0.08131982493502164,0,0.0,0,0.0
0900220012200316145836486HJ_1294206000_482918100_jpg.rf.9aac3229dd7d36f76c30668ef700cc3a.jpg,7,0,0.0,1,0.00617257642583354,0,0.0,0,0.0,1,0.00204349881075359,0,0.0,1,0.00021702752381315803
0900220012200316145837486HJ_1294206000_482916300_jpg.rf.146415a10e50780945972ed1c0fb9a46.jpg,2,1,0.029530936501669203,1,0.026450105804269698,0,0.0,0,0.0,0,0.0,0,0.0,0,0.0
0900220012200316145839483HJ_1294206100_482912900_jpg.rf.43a93b27162fe1e4ba22e651abc8f959.jpg,6,0,0.0,2,0.007278636523124081,1,0.01670582223407109,0,0.0,0,0.0,0,0.0,0,0.0
0900220012200316145841483HJ_1294206100_482909600_jpg.rf.963860a142fe71aede47893b27f860f6.jpg,5,0,0.0,3,0.0422922986004869,0,0.0,0,0.0,0,0.0,0,0.0,0,0.0
0900220012200316150324440HJ_1294206100_482866000_jpg.rf.7de0b254042df6f301a3ab267d3c9977.jpg,7,0,0.0,0,0.0,0,0.0,1,0.00011095965792264905,1,0.01633316870950239,0,0.0,3,0.0022414707912139387
0900220012200316150325440HJ_1294206100_482864200_jpg.rf.a097a1732b32618488e5305d33740d27.jpg,6,0,0.0,1,0.0016441055576251573,0,0.0,0,0.0,3,0.02513435764774158,0,0.0,1,0.0021459842462263623
0900220012200316150637307HJ_1294206100_482771400_jpg.rf.5c12f70433b7f4fc18ba288e4f0d833c.jpg,8,0,0.0,0,0.0,0,0.0,1,0.00018922560368309863,1,0.0018896002948167734,0,0.0,0,0.0
0900220012200316150643339HJ_1294206200_482760900_jpg.rf.942b4995d4ec2633caaa700de5987047.jpg,5,0,0.0,0,0.0,0,0.0,0,0.0,0,0.0,2,0.03237802952694436,0,0.0
0900220012200316153416990HJ_1294207000_482041700_jpg.rf.2a3a6dc9f4d11470d324d34bc517bee2.jpg,1,1,0.2936356716853334,0,0.0,0,0.0,0,0.0,1,0.00418512282904544,0,0.0,0,0.0
0900220012200316160854704HJ_1294206100_482774900_jpg.rf.951e05e0fd56ae24251f67d19df582de.jpg,7,0,0.0,0,0.0,1,0.0061892633366369375,0,0.0,0,0.0,0,0.0,0,0.0
0900220012200316174811914HJ_1297428900_481650200_jpg.rf.9e84c9a3e73a70b6e5bb7b6addc03160.jpg,5,0,0.0,0,0.0,0,0.0,0,0.0,0,0.0,1,0.01565775776427021,0,0.0
0900220012200317104454359HJ_1294653000_482426800_jpg.rf.6b45f67fcd8fc5e8069d60497201bf44.jpg,6,0,0.0,0,0.0,1,0.0348527350340197,0,0.0,0,0.0,1,0.0024209600047197456,1,0.0005154485013918019
0900220012200317104506906HJ_1294629500_482427200_jpg.rf.47004825b73fa523ac3d4a5b8f7c865d.jpg,7,0,0.0,0,0.0,3,0.021734677740086573,0,0.0,0,0.0,0,0.0,1,0.0002950236108517819
0900220012200317104507453HJ_1294628700_482427200_jpg.rf.b1089de3372de102be3534ceb8bacc02.jpg,9,0,0.0,1,0.0017755715676321415,0,0.0,0,0.0,0,0.0,0,0.0,3,0.0027649515662869816
0900220012200317104511881HJ_1294621400_482427300_jpg.rf.99d223fa621c060db16bcbdcc3a2fd1a.jpg,8,0,0.0,1,0.0011960728464691826,1,0.00689901638486389,0,0.0,0,0.0,1,0.0021954823789656075,1,0.002404790082218824
0900220012200317104523352HJ_1294601400_482427200_jpg.rf.de499e3c190c3493ffebd70b0af7cc55.jpg,8,0,0.0,0,0.0,3,0.011258848124271026,0,0.0,0,0.0,0,0.0,4,0.0037673404594306703
0900220012200317104547986HJ_1294557200_482427600_jpg.rf.08ebd805e0bad736a93245b3faeaa28e.jpg,8,0,0.0,0,0.0,0,0.0,0,0.0,0,0.0,1,0.003946647044481325,1,0.0011444343566563474
0900220012200317104559037HJ_1294542000_482427700_jpg.rf.bad686c773bef1b9c273df3448f54825.jpg,9,0,0.0,0,0.0,1,0.0003932377636556349,0,0.0,0,0.0,0,0.0,0,0.0
0900220012200317104811965HJ_1294399300_482430100_jpg.rf.eac8fe86527f420846e3e4ebad283beb.jpg,7,0,0.0,0,0.0,2,0.013267701430177114,0,0.0,1,0.0036800477324231908,2,0.004235726527622314,0,0.0
0900220012200317104823305HJ_1294380200_482426000_jpg.rf.a8bf2b27d797e7cbbb6106580fa2850d.jpg,5,0,0.0,0,0.0,2,0.030109797636841875,0,0.0,0,0.0,0,0.0,0,0.0
09002200122003171149451077C_1295282700_481981900_jpg.rf.6bb1aaa801b4d32bbab3cf6e660a3ef5.jpg,9,0,0.0,0,0.0,0,0.0,0,0.0,0,0.0,0,0.0,1,0.00033425133835407906
09002200122003171152335007C_1295425000_482007300_jpg.rf.a185d019c511d420e1fe68fbe6fa4545.jpg,3,0,0.0,0,0.0,4,0.14265098346446162,0,0.0,0,0.0,0,0.0,0,0.0
09002200122003171153130527C_1295464600_482016000_jpg.rf.c611b76f9cf5b43b9ae32e38bc925821.jpg,5,0,0.0,1,0.014405358097792507,1,0.015896912235566562,0,0.0,0,0.0,0,0.0,0,0.0
09002200122003171153160737C_1295469200_482017200_jpg.rf.cc26238c24067482069f5796810a7f7e.jpg,6,0,0.0,0,0.0,1,0.010790764054327155,0,0.0,1,0.012534728067480502,3,0.06918502760111209,2,0.0012814449864526978
09002200122003171153332867C_1295495200_482022400_jpg.rf.6dbcfb8d42c8a67769f1f4fd31d44f8c.jpg,7,0,0.0,0,0.0,1,0.010716242416328896,0,0.0,0,0.0,0,0.0,1,0.005413918900849239
09002200122003171153435757C_1295510700_482024600_jpg.rf.b87f2f2020a0a2d1a0ff87d8a58cb322.jpg,4,0,0.0,1,0.0623516656955303,3,0.14112985174140982,0,0.0,0,0.0,0,0.0,3,0.004558141269293397
09002200122003171153497267C_1295520100_482025800_jpg.rf.e3bb4e43e9a981f12da1332c082aaa0e.jpg,6,0,0.0,0,0.0,3,0.04258522341265461,0,0.0,0,0.0,0,0.0,2,0.0010578201379394126
09002200122003171154057717C_1295543200_482029000_jpg.rf.aaa0f5854e4ad7167ce7979781d0a57d.jpg,5,0,0.0,0,0.0,3,0.05327316692259954,0,0.0,0,0.0,1,0.03966425871594879,0,0.0
09002200122003171154068117C_1295544500_482029100_jpg.rf.62f57b4b5a9368c88d3b11b33ec7557c.jpg,5,0,0.0,0,0.0,3,0.09700084298811817,0,0.0,0,0.0,1,0.013073101120562569,1,0.00032496568204805955
09002200122003171154111247C_1295548700_482029600_jpg.rf.4690eb2a5c10db39ae83369aa3f2ec8c.jpg,6,0,0.0,0,0.0,2,0.04374352705420732,0,0.0,0,0.0,0,0.0,1,0.00022194603579919476
09002200122003171155313087C_1295595900_482035200_jpg.rf.0082ec3cf418990f0b79acc9e6cf34b6.jpg,7,0,0.0,0,0.0,3,0.028914681650639963,0,0.0,0,0.0,1,0.0035479448583646445,1,0.000297053322847205
0900220012200317134542030HJ_1294279600_482418000_jpg.rf.bda6f7be0fecdd6fa7681e36ca978306.jpg,6,0,0.0,0,0.0,0,0.0,0,0.0,0,0.0,2,0.028062464094523423,0,0.0
0900220012200317134545389HJ_1294284900_482418200_jpg.rf.5621651b9b9d49aa9453b4b6cfa5d39f.jpg,5,0,0.0,0,0.0,0,0.0,0,0.0,2,0.03135573872807981,0,0.0,0,0.0
0900220012200317134722188HJ_1294352100_482419800_jpg.rf.eacbe8ee72b02ea62b5017fa1dbe5ada.jpg,1,0,0.0,0,0.0,0,0.0,0,0.0,1,0.0773424697088194,0,0.0,0,0.0
0900220012200317165642443HJ_1294941900_480788300_jpg.rf.baf9ddec1d43a0af3002d8c1d289b886.jpg,4,2,0.039388943110592434,2,0.02127596427311632,0,0.0,0,0.0,0,0.0,0,0.0,1,0.0008498710155254278
0900220012200317165713270HJ_1294908900_480817900_jpg.rf.c3511daebde5895fecc15621ce10e962.jpg,1,1,0.2289569075572399,0,0.0,0,0.0,1,0.00034687663896875164,0,0.0,0,0.0,0,0.0
0900220012200317165721018HJ_1294898300_480826700_jpg.rf.8fe4c804455035aed5cd4a44d098fca9.jpg,2,0,0.0,2,0.06995158008852939,0,0.0,0,0.0,0,0.0,0,0.0,0,0.0
0900220012200317170537666HJ_1294878900_481330200_jpg.rf.af894f8dc0616d92125a73aaf8c4db1c.jpg,4,0,0.0,1,0.03472504378290409,0,0.0,0,0.0,3,0.06279986852804365,0,0.0,1,0.000957601402437831
0900220012200317170707269HJ_1294878900_481403800_jpg.rf.bc7b96535ac656dbfd2f9673d85e4a66.jpg,9,0,0.0,0,0.0,0,0.0,0,0.0,0,0.0,0,0.0,1,0.004095882481851732
0900220012200317171721716HJ_1294877900_481399300_jpg.rf.1a76d693278baefeebf58075b5260728.jpg,1,1,0.2111594914626039,1,0.00922381614789174,0,0.0,1,0.0016659141783657105,2,0.028292826455615337,0,0.0,1,0.002774900881377107
0900220012200317172006628HJ_1294877000_481277900_jpg.rf.4bde9183eb9ec10e8d7c5a9aee394585.jpg,1,1,0.10915402195194474,0,0.0,0,0.0,0,0.0,0,0.0,0,0.0,1,0.0005133195524831498
0900220012200317172016286HJ_1294877000_481264400_jpg.rf.e33e7286701e0c47a4aa67bf64a336f9.jpg,3,0,0.0,1,0.06853108175801026,0,0.0,0,0.0,1,0.009385930620410363,0,0.0,1,0.00023421372607117518
0900220012200317172046333HJ_1294877100_481211100_jpg.rf.b14d0c6c1fabc17b326e72ab34e0f46b.jpg,4,0,0.0,0,0.0,0,0.0,0,0.0,1,0.02223058725253395,0,0.0,0,0.0
0900220012200317172052291HJ_1294877200_481201500_jpg.rf.2070e3cfb72c807d1d7fb28b3d78fec8.jpg,4,0,0.0,0,0.0,0,0.0,0,0.0,1,0.023270222964053976,0,0.0,0,0.0
0900220012200317172444779HJ_1294885800_480987300_jpg.rf.b4eb8434371861198416eaa7a2f1e676.jpg,2,0,0.0,0,0.0,0,0.0,0,0.0,1,0.0424168318131388,0,0.0,0,0.0
0900220012200317172454530HJ_1294885800_480968500_jpg.rf.a2ed8b4db24fadf939bf7a6be3b9cb76.jpg,1,2,0.06254955591736916,0,0.0,0,0.0,0,0.0,0,0.0,0,0.0,0,0.0
0900220012200317172509946HJ_1294885800_480939300_jpg.rf.e553b3408100092874791499323c831f.jpg,5,1,0.01263674618738149,0,0.0,0,0.0,0,0.0,2,0.019387376934678287,0,0.0,0,0.0
0900220012200317172620077HJ_1294885500_480880500_jpg.rf.242fbae7da1d63e61a5c7cdbde710cf1.jpg,3,0,0.0,1,0.025027427679924566,0,0.0,0,0.0,1,0.02182978384984381,0,0.0,0,0.0
0900220012200317172831675HJ_1294884900_480855700_jpg.rf.fb1b3ef2960bf8120d7320a750fb3614.jpg,4,1,0.024442139659167902,2,0.02156517690633563,0,0.0,0,0.0,0,0.0,0,0.0,0,0.0
0900220012200317172832175HJ_1294884900_480855100_jpg.rf.e3cbbd932841ed2f0263270ccd4a955a.jpg,4,1,0.018430194383254276,0,0.0,0,0.0,0,0.0,1,0.00499171250757513,0,0.0,0,0.0
0900220012200317172905384HJ_1294919500_480807100_jpg.rf.d567d51bf7c923b020c82beae802a628.jpg,6,0,0.0,1,0.004338851588686339,0,0.0,0,0.0,2,0.020271879401743718,0,0.0,0,0.0
0900220012200317172908086HJ_1294923900_480803500_jpg.rf.e58135347fae0d0654777f684c25b647.jpg,5,0,0.0,0,0.0,0,0.0,0,0.0,1,0.012395022377022542,0,0.0,0,0.0
0900220012200317172909398HJ_1294925900_480801900_jpg.rf.82840147a0efb6fc7a89ea892c08313c.jpg,2,0,0.0,0,0.0,0,0.0,0,0.0,2,0.07938905741564667,0,0.0,0,0.0
0900220012200317173055467HJ_1294938200_480786200_jpg.rf.630b898f52681a20fe4af7c9972ff5e7.jpg,1,0,0.0,0,0.0,0,0.0,0,0.0,1,0.06514640304441854,0,0.0,0,0.0
0900220012200317173058514HJ_1294935700_480783100_jpg.rf.0077d787a25f5a4a24b657b35f1ff059.jpg,1,0,0.0,1,0.06734432554358136,0,0.0,0,0.0,0,0.0,0,0.0,0,0.0
0900220012200318101309978HJ_1294554100_482816400_jpg.rf.a9ebef9aacea2ceeffd5d93aecf47ecb.jpg,5,0,0.0,0,0.0,3,0.06686820931738569,0,0.0,0,0.0,0,0.0,0,0.0
0900220012200318101544142HJ_1294613900_482814900_jpg.rf.1ce0e54b502790bc5c8e03e2f52aaf0a.jpg,4,0,0.0,0,0.0,2,0.05048206542303887,0,0.0,0,0.0,0,0.0,0,0.0
0900220012200318101618822HJ_1294682500_482812300_jpg.rf.73dcb4f346636a08d5923f69ff0baa8c.jpg,6,0,0.0,0,0.0,0,0.0,0,0.0,0,0.0,1,0.02380042483426223,1,0.0001969095914864738
0900220012200318101637892HJ_1294720800_482810800_jpg.rf.93f3efd8dc8582e5107c43827885b45b.jpg,9,0,0.0,0,0.0,1,0.000661942631995771,0,0.0,0,0.0,0,0.0,0,0.0
0900220012200318101640892HJ_1294727500_482810500_jpg.rf.25e227603d73aed19087b3af306b52d6.jpg,8,0,0.0,0,0.0,0,0.0,0,0.0,0,0.0,1,0.004220692553053596,1,0.000188415363754757
0900220012200318102115321HJ_1295028600_482796700_jpg.rf.38bd165ff3d2bbb56869f585b09da002.jpg,7,0,0.0,1,0.0047557380170110165,2,0.0021892312114687243,0,0.0,0,0.0,1,0.008156807464456507,0,0.0
0900220012200318102116321HJ_1295030400_482796500_jpg.rf.0e9d5ca515911d80e432356072da7e27.jpg,7,0,0.0,0,0.0,3,0.011885672657217582,0,0.0,0,0.0,1,0.0023551695013884454,0,0.0
0900220012200318102117321HJ_1295032300_482796400_jpg.rf.07c3913611077a50ae32870442e9aebe.jpg,7,0,0.0,1,0.001987135095951089,2,0.0029209697391343074,0,0.0,0,0.0,1,0.015141432504947261,0,0.0
0900220012200318102118849HJ_1295035100_482796100_jpg.rf.91302cada7733a6298dadfee37ca5a37.jpg,6,0,0.0,1,0.04111439432659608,4,0.006001510918104035,0,0.0,0,0.0,1,0.004715059643413016,0,0.0
0900220012200318102127319HJ_1295050600_482794800_jpg.rf.73627fb73e59407a59f7e4a4d9dac6a9.jpg,8,0,0.0,0,0.0,2,0.0051635268295922385,0,0.0,0,0.0,0,0.0,0,0.0
0900220012200318102131757HJ_1295058700_482794200_jpg.rf.3121b609d04b7e472608bf49dd90fb87.jpg,7,0,0.0,0,0.0,3,0.0020470698208282538,0,0.0,0,0.0,1,0.018003724233583398,0,0.0
0900220012200318102136366HJ_1295067700_482793400_jpg.rf.9cadbfa66ebe5133c8079c74e87b1454.jpg,7,0,0.0,0,0.0,2,0.004916913447505067,0,0.0,1,0.011222269999252603,1,0.0007945182148682761,0,0.0
0900220012200318102138367HJ_1295071700_482793100_jpg.rf.dc71383793af23c1c767b666ed98d34e.jpg,7,0,0.0,0,0.0,1,0.00496906009070699,0,0.0,0,0.0,2,0.006366230517894552,0,0.0
0900220012200318102139367HJ_1295073700_482793000_jpg.rf.32a0af4381e111183877bbcd0fb510ce.jpg,8,0,0.0,0,0.0,1,0.006537049265498354,1,0.00013827187170477372,0,0.0,1,0.0016746876967863628,0,0.0
0900220012200318102140367HJ_1295075600_482792900_jpg.rf.59b4f181bf8b33ab10de9461cf2274cf.jpg,8,0,0.0,0,0.0,2,0.004103757652819681,0,0.0,0,0.0,1,0.002209103099685308,0,0.0
0900220012200318102154848HJ_1295102300_482791000_jpg.rf.643d8cf677fde44f312f5784c321fb26.jpg,7,0,0.0,1,0.012296136226387375,4,0.020259179483873603,0,0.0,0,0.0,1,0.002461597542051095,0,0.0
0900220012200318103558864HJ_1295076000_482794300_jpg.rf.2500419426309e2eeca360664785a9a0.jpg,9,0,0.0,0,0.0,2,0.002556730255582808,0,0.0,0,0.0,1,0.001702984548173845,0,0.0
0900220012200318103610862HJ_1295054400_482795900_jpg.rf.7f19ff6319b915ef85b5a699ca4999a7.jpg,8,0,0.0,0,0.0,1,0.003100536214951712,0,0.0,0,0.0,1,0.0018956017154960136,0,0.0
0900220012200318103614656HJ_1295048200_482796400_jpg.rf.f5ae66643a2171213be96f99b8bd99cb.jpg,7,0,0.0,0,0.0,2,0.013478342483140296,0,0.0,0,0.0,1,0.0008211097940875333,0,0.0
0900220012200318103616953HJ_1295045000_482796700_jpg.rf.5b1859ee4ff1204559f7b8131ae32c5d.jpg,7,0,0.0,0,0.0,3,0.011342070943283046,0,0.0,0,0.0,0,0.0,0,0.0
0900220012200318105618109HG_1294848100_482755300_jpg.rf.33d03e26699cf597c07f9288def21911.jpg,7,0,0.0,0,0.0,2,0.011117498240919304,0,0.0,0,0.0,0,0.0,0,0.0
0900220012200318111422680HG_1294848100_482958800_jpg.rf.0a2f17ce6d08a3374ffc926f8a5b711b.jpg,6,0,0.0,1,0.018223563609608383,1,0.0018308812629493363,0,0.0,0,0.0,0,0.0,1,0.0002940474382626227
0900220012200318111714605HJ_1294781900_482807800_jpg.rf.c348d695e749b862e8fb6d9a8bfe2515.jpg,7,0,0.0,1,0.006292459975156817,2,0.011864051462086998,0,0.0,0,0.0,4,0.04360799061782189,2,0.0012076011752435488
0900220012200318111838874HG_1294830400_483329600_jpg.rf.e6d9b5beca5fce20f36244800ee7dc63.jpg,5,0,0.0,0,0.0,0,0.0,0,0.0,0,0.0,1,0.018402455848818135,0,0.0
0900220012200318111934545HG_1294817000_483423200_jpg.rf.24f83145faeaae97739cf86028ced58d.jpg,6,0,0.0,1,0.005785302054573549,0,0.0,0,0.0,1,0.023822965443914653,0,0.0,2,0.0013869219779462589
0900220012200318111950926HG_1294814600_483440800_jpg.rf.ffe02247ef6e624c08d27d0011324fb9.jpg,6,0,0.0,0,0.0,0,0.0,0,0.0,1,0.016543532221091936,0,0.0,2,0.0029879596112095848
0900220012200318112000400HG_1294813600_483452400_jpg.rf.6e827bc7289a47f0f72205548d2573c3.jpg,7,0,0.0,1,0.0019784372286494544,0,0.0,0,0.0,1,0.00868211235105261,0,0.0,1,0.002310071201718529
0900220012200318112010902HG_1294812600_483465500_jpg.rf.bedcaf5d40a71e02138ff793ef0e2d45.jpg,4,0,0.0,1,0.003534395447068164,1,0.0035685355014493407,0,0.0,2,0.10633828968803638,1,0.01191985821207254,1,0.0002735925671527215
0900220012200318112159649HG_1294809800_483474600_jpg.rf.79b463223c70a15ef8ee2ca5cda9a096.jpg,5,0,0.0,3,0.04400032971529071,0,0.0,0,0.0,0,0.0,0,0.0,1,0.0004434495782879822
0900220012200318112228711HG_1294783200_483499700_jpg.rf.0b0743070a8730d14817b5edf267db4b.jpg,4,0,0.0,0,0.0,0,0.0,0,0.0,2,0.05578019108716603,0,0.0,1,0.00047120992716372714
0900220012200318112234952HG_1294775800_483506500_jpg.rf.98a9fb4f94789909b9ed21354f178a12.jpg,6,0,0.0,0,0.0,0,0.0,0,0.0,3,0.027191610883264744,0,0.0,0,0.0
0900220012200318112241085HG_1294767800_483512800_jpg.rf.a889ed462303ec19db7b42e1bfcbd226.jpg,7,0,0.0,1,0.004626950821757416,0,0.0,0,0.0,0,0.0,1,0.009055762542047888,2,0.0016757800860523267
0900220012200318113831890HG_1294729300_483670100_jpg.rf.58dd3ba915a6ce58beee97980c7dfed0.jpg,5,0,0.0,0,0.0,0,0.0,0,0.0,3,0.030606684694348588,0,0.0,0,0.0
0900220012200318115847561HG_1294746200_483561100_jpg.rf.b0062976f64515afe2b57dcced49d387.jpg,2,0,0.0,1,0.003907471938946401,0,0.0,0,0.0,3,0.1392391268233871,0,0.0,0,0.0
0900220012200318115947452HG_1294738800_483672300_jpg.rf.c9417e21a9f3b41d2b3394416b5ed1fe.jpg,7,0,0.0,0,0.0,1,0.0003251084089470169,0,0.0,1,0.006685738352347812,0,0.0,0,0.0
0900220012200318120622425HJ_1294701600_482815600_jpg.rf.12063d3fde5ac3608830bb8815d29361.jpg,7,0,0.0,0,0.0,1,0.0035440128491427475,0,0.0,0,0.0,0,0.0,0,0.0
0900220012200318120624457HJ_1294698600_482815700_jpg.rf.e125ab5c80d4fbb8cfb257ac2d6eb838.jpg,7,0,0.0,1,0.002704953496941016,0,0.0,0,0.0,0,0.0,0,0.0,0,0.0
0900220012200318120626457HJ_1294695700_482815800_jpg.rf.e3677d35739ff123636289d88db1aebf.jpg,7,0,0.0,1,0.0023363840720412366,0,0.0,0,0.0,0,0.0,0,0.0,0,0.0
0900220012200318121109951HJ_1294473500_482824100_jpg.rf.bb772c0eb824514a3cfd8391370b1078.jpg,8,0,0.0,1,0.0027234585309633885,0,0.0,0,0.0,0,0.0,0,0.0,1,0.003103905201132867
0900220012200318121355959HG_1294772200_483502600_jpg.rf.5460dabc4275d1cf0ba375c6a80052ae.jpg,8,0,0.0,0,0.0,0,0.0,1,0.0002049247358172579,1,0.0035498037887009572,0,0.0,1,0.00030974944165791386
0900220012200318121418392HG_1294797600_483481500_jpg.rf.3a673eaf89038522cd1f6d8464900e3a.jpg,6,0,0.0,2,0.005233237416650809,0,0.0,0,0.0,2,0.01733544600959927,0,0.0,0,0.0
0900220012200318121514644HJ_1294418200_482822000_jpg.rf.dfe0f43a3d283c8791f831fbccad3ba7.jpg,5,0,0.0,1,0.014251037267922574,0,0.0,0,0.0,0,0.0,0,0.0,0,0.0
0900220012200318121515566HJ_1294416800_482821600_jpg.rf.a71681385497ea45451c163ef8fe1500.jpg,6,0,0.0,1,0.01680495474876807,0,0.0,0,0.0,0,0.0,0,0.0,1,0.00041614694950112605
0900220012200318122300932HG_1294832300_483280900_jpg.rf.27cc472197e15cfc9edc8e799e25c9f2.jpg,5,0,0.0,2,0.04459632973110732,0,0.0,2,0.00040170467135794755,0,0.0,0,0.0,0,0.0
0900220012200318122334504HG_1294835100_483224700_jpg.rf.d247879f9c25cb54d90f46be8d3bc873.jpg,8,0,0.0,0,0.0,1,0.0006447921737162687,0,0.0,0,0.0,3,0.012738185827465734,4,0.004131889630689328
0900220012200318122336586HG_1294835400_483220900_jpg.rf.b2f97ed4c1ce31855a61c969b30fc550.jpg,7,0,0.0,0,0.0,2,0.019895612675327357,0,0.0,0,0.0,0,0.0,1,0.0012435800922685303
0900220012200318122340914HG_1294835800_483212800_jpg.rf.2ba4cef788566e8d3cb82886083339d2.jpg,9,0,0.0,0,0.0,1,0.002824218483056029,0,0.0,0,0.0,0,0.0,2,0.0010199686743271742
0900220012200318122418026HG_1294839300_483145500_jpg.rf.1443d9a9a2bb889adbb6af600105c89c.jpg,8,0,0.0,0,0.0,1,0.004581557432602485,2,0.0001244499557196832,1,0.004229889106754854,1,0.0018069313066553033,2,0.0013995772911727044
0900220012200318122550290HG_1294841700_483021400_jpg.rf.5467b61c4b0ae92280a4663d85250edc.jpg,2,0,0.0,1,0.0445079525922756,1,0.04391965308051226,0,0.0,0,0.0,0,0.0,0,0.0
0900220012200318122550852HG_1294841700_483020600_jpg.rf.7fb1d301bc9a0480cec7bc182f604584.jpg,4,0,0.0,1,0.036831696893555074,0,0.0,0,0.0,1,0.006857379565690265,0,0.0,0,0.0
0900220012200318122641672HG_1294842700_482949700_jpg.rf.aee399c1e381961df1f544e7eff2eb6f.jpg,8,0,0.0,1,0.003990445636100048,0,0.0,0,0.0,0,0.0,1,0.0012630312985538834,1,0.00021699700960198305
0900220012200318140610932HJ_1293827100_482811800_jpg.rf.7f17fc69568beea588c0211432b362a6.jpg,6,0,0.0,2,0.017674113458742795,1,0.00374016011650383,0,0.0,1,0.00497114451405821,0,0.0,0,0.0
0900220012200318141724838HJ_1294219700_482829300_jpg.rf.f232105b67e6f87f12abe27068d9e1d9.jpg,4,0,0.0,2,0.04290015463390772,0,0.0,0,0.0,0,0.0,0,0.0,0,0.0
0900220012200318141748101HJ_1294261900_482814300_jpg.rf.a3029bf851c215dea5c036fbf46bb2ff.jpg,7,0,0.0,1,0.0030033365634153726,0,0.0,0,0.0,0,0.0,0,0.0,0,0.0
09002200122003181452544086G_1296686300_481506200_jpg.rf.3be458137eb1fc789130f4a7f2c3cd2f.jpg,6,0,0.0,1,0.005212779116391172,0,0.0,0,0.0,0,0.0,0,0.0,0,0.0
0900220012200318160957662HJ_1294795700_480789100_jpg.rf.e93b7c9966d998a9cf4473e5be5f9628.jpg,2,0,0.0,1,0.08374653775481875,0,0.0,1,0.00019219652960600798,0,0.0,0,0.0,0,0.0
0900220012200318161007763HJ_1294781700_480779200_jpg.rf.eea190707a1286d688a4351219049b80.jpg,1,0,0.0,1,0.07186260003820508,0,0.0,0,0.0,0,0.0,0,0.0,0,0.0
0900220012200319093816153HJ_1297995600_484770900_jpg.rf.84e36998567a9a09760b643be1b12bd6.jpg,2,1,0.029292239251399222,0,0.0,0,0.0,0,0.0,0,0.0,0,0.0,0,0.0
0900220012200319093817153HJ_1297995900_484769100_jpg.rf.488125f22d8acd6ed536c19c9a2c1604.jpg,1,1,0.03723413171769607,0,0.0,0,0.0,0,0.0,0,0.0,0,0.0,0,0.0
0900220012200319094547947HJ_1298004000_484729400_jpg.rf.9bd785e6836d22b4af272e4396b5f153.jpg,3,0,0.0,1,0.02951397900511438,0,0.0,0,0.0,0,0.0,0,0.0,0,0.0
0900220012200319094651597HJ_1298030200_484698100_jpg.rf.f9018f6306d6a224a058978811a5aa85.jpg,3,0,0.0,1,0.0009431341534582316,0,0.0,0,0.0,1,0.06296176128117167,0,0.0,0,0.0
0900220012200319095221319HJ_1297980700_484887600_jpg.rf.6439bca9dfc1a2615f271f277490c587.jpg,5,0,0.0,0,0.0,0,0.0,0,0.0,3,0.049406445840334025,0,0.0,0,0.0
0900220012200319095234383HJ_1297983300_484866300_jpg.rf.b9a7ed793c4f1e71716bd17db5549296.jpg,6,0,0.0,0,0.0,0,0.0,0,0.0,2,0.01898911222599054,0,0.0,0,0.0
0900220012200319095402398HJ_1297993800_484778500_jpg.rf.542a723514dbe262efedcba43e1e21db.jpg,6,0,0.0,0,0.0,0,0.0,0,0.0,1,0.018087868113070726,0,0.0,1,0.000240362307167743
0900220012200319095621884HJ_1297963400_484764200_jpg.rf.a8174db888d13e3de44db1936be3be5f.jpg,1,1,0.06074621496713917,0,0.0,0,0.0,0,0.0,0,0.0,0,0.0,0,0.0
0900220012200319101422054HJ_1297950100_485036700_jpg.rf.dcfd21e1ad9fdc76e1c6ce1d8ab2897a.jpg,1,0,0.0,2,0.10264733623346955,0,0.0,0,0.0,0,0.0,0,0.0,0,0.0
0900220012200319101430234HJ_1297956700_485044100_jpg.rf.36b73af47db40db1b97075603736cdd1.jpg,2,0,0.0,2,0.09943260921027104,0,0.0,0,0.0,0,0.0,0,0.0,0,0.0
0900220012200319101618757HJ_1297959500_485052500_jpg.rf.96a7a119945a41282c06683c6a1a7231.jpg,2,0,0.0,1,0.04141768385168231,0,0.0,0,0.0,0,0.0,0,0.0,0,0.0
0900220012200319112433596HJ_1297867700_485158400_jpg.rf.5b83a23387e2f587783c55073346b626.jpg,1,0,0.0,1,0.05176941044570413,0,0.0,0,0.0,0,0.0,0,0.0,0,0.0
0900220012200319112919408HJ_1297913500_485060700_jpg.rf.b9f31e3f55e08391357372049fd6338a.jpg,2,2,0.042222482514453076,0,0.0,0,0.0,0,0.0,0,0.0,0,0.0,0,0.0
0900220012200319134016475HJ_1298027000_484678100_jpg.rf.d998e0e8dd774a51976d0613a5e28923.jpg,6,0,0.0,1,0.008624944265784522,1,0.010481707674334756,0,0.0,1,0.013817639788430824,0,0.0,0,0.0
